Customer_ID,Name,Email,Account_Age_Days,Login_Frequency,Daily_Usage_Mins,Plan_Tier,Support_Tickets_90Days,API_Utilization_Rate,Review,Churn
068b54d7-7461-4d1c-885e-f5b43efed384,Alyssa Clark,shawn43@example.com,269,Daily,43,Basic,0,0.92,Support has been fantastic whenever our department head has reached out over the past year.,0
5d1e924a-5232-4255-8df9-610e13465816,Dr. David Austin MD,woodlydia@example.com,439,Rarely,9,Pro,9,0.45,Failed uploads on the mobile app has been a recurring headache for the past quarter.,1
c07c0a8a-bac0-47f9-b93d-57d61490a610,Dorothy Rose,naguirre@example.org,18,Rarely,1,Pro,3,0.11,This week of intermittent duplicate records on the search feature has really hurt our workflow.,1
cfc0646f-0927-4e8e-b40f-75090340aa0a,Miranda Gilbert,xbauer@example.com,405,Daily,22,Basic,5,0.99,Our engineering lead is questioning whether the permissions system justifies its cost after the last billing cycle of use.,0
67855f87-2552-4273-9aff-1b2060638673,Adam Hayden,austinolivia@example.org,24,Daily,88,Basic,1,0.62,Our finance team was quoted a much higher renewal rate the last onboarding round ago with no explanation.,0
14315c24-aa38-40f9-8eaa-bf5f242107d9,Matthew Ruiz,donnalewis@example.org,58,Weekly,50,Enterprise,4,0.34,We are locked out of the notification system again during the last two weeks - this keeps happening.,0
592b837b-6df9-4267-8009-b8a7d1c63e01,Edgar Taylor,rodriguezcynthia@example.net,590,Weekly,42,Enterprise,1,0.55,No major updates from multiple business units over the last billing cycle.,1
3cbddf97-c9ff-4701-a979-2d2d341aa8fc,Sabrina Perez,wdavis@example.org,185,Rarely,11,Basic,10,0.19,"The permissions system crashed again this cycle, on top of permission errors from the last billing cycle.",1
013b83f4-0c40-4a53-85f2-e2c165cac055,Shawn Macdonald,ramosmichael@example.com,559,Rarely,2,Pro,0,0.67,The onboarding flow handles our whole department's workload without a hitch. No complaints on the technical side.,0
7ac4c7f9-94a3-454b-afe5-0f5399679504,Becky Cook,lori99@example.net,88,Daily,101,Basic,1,0.49,Our procurement team looked at a couple of competitor tools recently and honestly this is the better deal.,0
fda5e6a2-9c88-4f0f-8f33-242b89edc6cb,Caleb Novak,heathermahoney@example.org,911,Daily,93,Pro,0,0.78,Overall a great experience for a growing team working with your team over several days.,0
a37b8137-7b88-4273-b2ed-b9993192e791,Jonathan Payne,matthew78@example.com,130,Rarely,12,Pro,3,0.48,Our procurement team is close to recommending another provider in this space purely on cost grounds.,1
037ca95f-820c-4fdb-83a1-f491edd89c08,Jason Olson,daytimothy@example.net,954,Daily,38,Enterprise,2,0.52,Our IT team feels like an afterthought compared to how things were the last few days ago.,0
0825a209-a5eb-4a14-a463-3b942d2b593a,Bobby Jackson,joseph15@example.com,380,Weekly,48,Pro,0,0.51,The export tool handles a 40-person team's workload without a hitch. No complaints on the technical side.,0
a974822d-cc71-48a4-b411-8127968af6f1,Brian Krueger,briannasmith@example.net,816,Daily,116,Enterprise,0,0.37,Our ops lead expected better account management given how long we've been customers.,0
4ac39e71-cab2-49d9-8b47-f57122404832,Brittany Contreras DDS,caldwelljessica@example.net,39,Weekly,46,Pro,2,0.95,A growing team has had zero technical issues with the onboarding flow over the past month. It just works.,0
be0fff09-d876-4715-918d-6b6508f652eb,Martin Johnson,thomas56@example.net,739,Weekly,7,Basic,0,0.45,The API continues to exceed our account manager here's technical expectations after the past few sprints.,0
bd7ab3f0-bffa-430c-ac66-9f2117926e9e,Colleen Bowen,fjackson@example.org,794,Daily,90,Basic,1,0.68,"A small team gets more than its money's worth from the permissions system, according to our ops lead.",0
03507060-2553-4558-aa6c-a21aa72cb840,Mrs. Andrea Meza,gardnerpatricia@example.org,695,Daily,49,Basic,2,0.8,The performance of the permissions system has been excellent for our whole department throughout this quarter.,0
0535cffd-9b93-4556-bf6e-b70464a1628d,Angelica Young,robertsmike@example.com,404,Weekly,52,Basic,2,0.3,Customer support has been broken for the last onboarding round and it's affecting a 40-person team.,1
c0efe1bc-4798-4944-b956-aa3845c7677a,Tracy Buckley,evan75@example.org,192,Weekly,45,Enterprise,2,0.48,Onboarding a growing team was smooth and the team has been responsive since.,0
95d0a1a4-1c40-415e-b41d-cb1be763f447,Jennifer Vasquez,amyflores@example.net,465,Weekly,4,Pro,2,0.47,We are locked out of the API again during the last billing cycle - this keeps happening.,1
a74565ec-394a-44b5-93c1-f28e6a081d80,William Lawrence,fisherkeith@example.net,664,Daily,65,Enterprise,0,0.66,The broken links problem on the admin console has cost us real time over the last six months.,0
b23e7a6f-866d-43ed-a2ce-fc6e82acbfc2,Mrs. Diana Carney MD,horntravis@example.org,702,Weekly,41,Basic,3,0.28,The performance of the workflow builder has been excellent for multiple business units throughout this quarter.,0
46739327-a118-4564-80fc-16ba39a18129,Adam Logan,kanerobert@example.net,54,Daily,53,Pro,0,0.74,Our ops lead tested the collaboration tools over the last few days and it performed about as expected.,0
41c3619a-656f-4349-9db4-04a990eaa15e,Joseph Hill,rachael22@example.net,567,Daily,51,Enterprise,0,0.17,"The onboarding experience for a distributed team left a lot to be desired, honestly.",0
41d4e7ce-b887-4117-a255-f6a3a39764e8,Michael Conway,michaeljackson@example.org,249,Weekly,38,Pro,2,0.01,Our department head was quoted a much higher renewal rate the last six months ago with no explanation.,1
dbf0c0e2-c5d1-411a-bbb2-f7944332f64d,Ryan Guerra,rose30@example.org,36,Rarely,1,Pro,3,0.09,This is the sixth time the past month we've had trouble with the reporting dashboard.,1
defd667c-3b78-4283-9f80-5efc4cade554,Todd Morales,amelton@example.com,420,Daily,17,Enterprise,1,0.45,"The audit log performs adequately for our whole department, though there's room for polish.",0
64eb9d06-c46f-41e7-ba93-2cce0b1726b6,Suzanne Wheeler,daniel21@example.org,170,Daily,51,Basic,0,0.16,Our procurement team is really happy with how stable the API has been over the past month.,0
9477c74b-fc76-42b8-b9af-7f66f0dd64b2,Megan Carr,joel26@example.net,41,Weekly,36,Basic,0,0.35,A 40-person team has come to rely on the API precisely because it never breaks.,0
fcb57156-0ce1-4205-8a90-edabdf0ad96e,Andrea Parks,wwright@example.net,885,Daily,118,Enterprise,1,0.42,Support acknowledged the integration failures on the mobile app but several days later it's still broken.,1
daf2d5c7-3576-45e8-8304-28ac337d2fd5,Mrs. Marcia Garcia DVM,kevin54@example.net,441,Rarely,8,Basic,2,0.54,We reported report generation errors on the mobile app this quarter ago and it's still unresolved.,1
f9961985-6563-49ac-8fc5-ba6092d7f149,Joanne Robinson,williamsonterri@example.net,301,Weekly,2,Pro,20,0.07,The admin console has been broken for the last onboarding round and it's affecting multiple business units.,1
be2af142-ce1a-461b-955b-61be6a842be7,Justin Bradley,kathryn65@example.org,189,Daily,69,Pro,1,0.01,Billing on the onboarding flow keeps creeping up and it's hard to see the added value over the last billing cycle.,1
dd414b92-77a9-4ba7-a5b8-6b805733b6d4,Anthony Phillips,alec40@example.com,380,Weekly,10,Basic,2,0.62,A distributed team has had zero technical issues with the collaboration tools over the past quarter. It just works.,0
48ec32bc-1afa-485c-aa67-2d5da7703402,Sarah Wells,hphillips@example.net,183,Weekly,30,Pro,3,0.42,The reliability of the search feature over the past year has genuinely earned our IT team's trust.,0
d9dc0b2c-818a-4219-810a-e52bd02c4acd,Jason Davis,nicole23@example.com,1045,Rarely,5,Pro,2,0.15,Our account manager here was quoted a much higher renewal rate the past quarter ago with no explanation.,1
f94f0ba4-f238-4394-b918-cc72ec9f70bc,Krista Jones,ymaddox@example.net,579,Daily,43,Basic,4,0.76,Sync failures on the admin console has been a recurring headache for this week.,0
ba67eb55-7b78-41ef-9db8-37c403ae2cc0,Jared Conrad,jenniferbolton@example.net,578,Weekly,47,Basic,1,0.53,A distributed team has come to rely on the audit log precisely because it never breaks.,0
2a4101c1-20b2-499b-8a31-bc86192f0767,Richard Lawrence,tasha48@example.org,833,Daily,58,Basic,3,0.5,The dashboard glitches problem on the export tool has cost us real time over several days.,0
5f4f3a88-95e4-4499-98ca-0f37197e7d47,Gabrielle Hughes,xpruitt@example.com,1075,Weekly,57,Pro,0,0.67,A 40-person team has had zero technical issues with the reporting dashboard over the last billing cycle. It just works.,0
0fa0b474-6adb-4723-8acc-899fbd69e615,Jorge Patel,progers@example.org,256,Daily,46,Pro,2,0.63,Our account manager here checked in about the notification system - working as expected for the most part.,0
caef9733-6f7f-4503-9660-8c35495f765c,Diana Davis,nicole96@example.com,1079,Weekly,13,Pro,5,0.35,Support acknowledged the integration failures on the search feature but the past few sprints later it's still broken.,1
9072261a-644c-4b21-9b65-d74971291e88,Shaun Mclean,kathrynwilliams@example.com,673,Weekly,1,Basic,1,0.61,"For what we pay, our engineering lead expected a lot more from the notification system.",1
8dcff16d-9d50-4ba5-a7e1-3cfb997f089f,Alex Perez,annehayes@example.org,511,Rarely,11,Pro,2,0.2,The per-seat pricing has become a real budget problem for a small team over several days.,1
b1550860-620e-485d-b8d6-6e9ef02d96a4,William Baldwin,emmamoore@example.net,1070,Weekly,53,Enterprise,4,0.2,We're being asked to pay more for the billing system while it hasn't meaningfully improved in the last six months.,1
7dc0c175-44a1-44c5-bebe-d28d3c2b4aca,Erica Robertson,richardgeorge@example.org,550,Weekly,47,Pro,3,0.21,We reported failed uploads on the workflow builder the past year ago and it's still unresolved.,1
4dda9424-bed7-4762-a510-6ac32dc692f3,Brandon Rodgers,rgordon@example.net,265,Rarely,2,Basic,0,0.4,Login errors on the admin console has been a recurring headache for the last onboarding round.,1
18680669-ddb4-47ef-9151-a24ec993f075,Veronica Brown,joycesusan@example.net,588,Daily,105,Enterprise,6,0.71,"Our finance team logged one instance of API timeouts on the reporting dashboard during the last onboarding round, resolved quickly.",0
0b27d8e2-ee30-40f0-8752-251df023674e,Angela Lucas,mark60@example.com,936,Weekly,29,Basic,0,0.01,"Given what multiple business units gets, the pricing on the onboarding flow feels very fair.",1
121c3215-7ba2-4984-90ae-7eec5fc9c6ca,Justin Daugherty,rogerssarah@example.com,414,Weekly,18,Enterprise,1,0.94,Onboarding a 40-person team was smooth and the team has been responsive since.,0
c6a10a5d-eb98-4cf5-bbee-344d85e75500,Douglas Shepherd,ryang@example.org,959,Daily,36,Pro,0,0.22,Your team resolved our department head's concern faster than expected. Great experience.,0
42c1999c-562f-4287-aa3f-2c4b7bc2616e,Molly Young,burchheidi@example.org,105,Daily,31,Pro,0,0.36,The recent improvements to the audit log have made a real difference for a small team.,0
e8f8e13b-0df2-426b-ae14-85a0f22503eb,Michael James,donald36@example.org,513,Daily,39,Pro,11,0.54,Support acknowledged the broken links on the analytics module but the last onboarding round later it's still broken.,0
e50536fe-971f-4140-a68a-679bd25fde32,Ashley Hamilton,eritter@example.org,989,Daily,103,Pro,0,0.37,The account team has been proactive and easy for our finance team to work with.,0
c3c131d4-3407-4cd1-b37f-1f299c36096a,Brandi Myers,wfrost@example.org,68,Daily,94,Basic,1,0.6,A small team has had zero technical issues with the admin console over recent weeks. It just works.,0
59484897-fdc8-44c0-a6ee-020ffb371306,Anthony Brooks,fpope@example.org,875,Daily,53,Pro,3,0.88,The relationship between a distributed team and your team has only gotten stronger over the last billing cycle.,0
b5783987-2cb1-4508-b836-b346df6fff76,Lydia Park,alexanderadam@example.net,426,Weekly,23,Basic,0,0.84,"A minor permission errors on the API appeared during the last onboarding round, low impact overall.",0
16dcfca0-b78e-4fcc-b2b0-80fafc998620,Kenneth Austin,fcarroll@example.org,855,Daily,69,Pro,4,0.83,The search feature continues to exceed our finance team's technical expectations after the past month.,0
d6616808-7a72-4f5c-8d16-274ef16368e2,Douglas Freeman,laurieleon@example.com,556,Rarely,10,Basic,1,0.91,The performance of the search feature has been excellent for a growing team throughout this week.,0
b3f01b66-2c6b-4677-b5e9-9b640179d694,David Garner,dwilliams@example.org,847,Weekly,31,Basic,0,0.73,Everything from onboarding to support has gone well for a distributed team over the last onboarding round.,0
d79d9751-cff8-4201-b5e6-7883566fd3ee,Rebecca Butler,lewiselizabeth@example.com,12,Daily,82,Pro,1,0.5,The fourth outage of the workflow builder in the last few days is starting to erode our trust.,0
31943c00-6222-475b-b8e5-f73b716ac78b,Daniel Patton,acostajames@example.com,161,Weekly,52,Pro,1,0.73,This is the fourth time several days we've had trouble with the reporting dashboard.,0
f1c180b9-6c66-416f-9809-f6cc0ddac29c,Lynn Good,jerry02@example.net,12,Weekly,37,Enterprise,0,0.46,The permission errors problem on the onboarding flow has cost us real time over the past few sprints.,0
de1c52c7-2bf7-412d-8e6d-a14ec99cb15a,Amy Garcia,lewisronald@example.com,466,Rarely,14,Pro,2,0.04,Report generation errors on the integration has been a recurring headache for the last billing cycle.,1
42df406b-5018-4643-8da1-96237a0014c0,Kevin Houston,timothygray@example.com,836,Rarely,6,Pro,14,0.17,Permission errors on the integration has been a recurring headache for the past year.,1
8f4ee33d-3a1c-4756-a7c3-8bd174cc43ad,Amanda Peters,wmorales@example.net,697,Daily,44,Basic,3,0.61,The performance of the audit log has been excellent for a growing team throughout the past month.,0
17d10c92-8ca7-45d3-9645-6164b087b857,Timothy Porter,cynthialarson@example.com,121,Rarely,1,Enterprise,0,0.62,Our whole department hasn't had much to report on the mobile app over recent weeks.,1
dfe79a11-1f47-4fdd-ada4-30baa3650d6d,Samuel Mathews,jschultz@example.org,1055,Daily,38,Enterprise,2,0.09,The mobile app going down during the last few days caused real disruption for our whole department.,1
a1974816-6b40-4638-8bea-78a554f15522,Jared Daugherty,omar18@example.com,327,Daily,65,Pro,0,0.88,A small team has felt genuinely supported by your team throughout the past quarter.,0
1fb10d61-95bf-49c3-b0c9-d899d0928f51,Nancy Butler,vbass@example.com,135,Weekly,52,Enterprise,2,0.13,Our department head migrated a big workload onto the workflow builder and it performed flawlessly.,0
d0cf61f5-b66a-4dc1-91fe-5659ab632c05,Christy Goodman,louismiller@example.org,984,Rarely,5,Basic,4,0.42,Integration failures on customer support has been a recurring headache for the last billing cycle.,1
e13cd79e-4a38-43df-8feb-c6fd37395555,Maurice Foster,ewilson@example.org,539,Daily,65,Pro,6,0.78,The onboarding flow scaled smoothly as multiple business units grew over the past quarter.,0
1a587a8b-7c97-46f1-a686-98e8100a0e57,Jessica Gardner,walkerluis@example.com,1078,Rarely,10,Basic,1,0.37,The cost-to-value ratio on the admin console just hasn't worked for a 40-person team over the past quarter.,1
d3adb152-4372-4527-8380-280ee3c6615b,Connor James,vanessapatrick@example.com,758,Rarely,11,Basic,0,0.58,Multiple business units is a light user of the platform so hasn't formed strong opinions yet.,0
f77b5305-e15f-4452-8775-a9532110d202,Stephen Thompson,sedwards@example.net,619,Daily,50,Basic,0,0.45,Our account manager here specifically called out how dependable the permissions system has been over the last two weeks.,0
c5ebcc1c-8e44-4de7-9279-411c086cb099,Wanda Hughes,johndominguez@example.org,927,Daily,15,Enterprise,2,0.57,"A small number of session timeouts on the permissions system came up over the last billing cycle, nothing urgent.",0
7297e1af-1323-4611-a023-3a004778f01d,David Tate,sherri59@example.net,570,Daily,51,Pro,2,0.8,Overall a great experience for a growing team working with your team over recent weeks.,0
c59fafcf-609a-4fdc-8568-85371412048d,Shane Chambers,jimeneztaylor@example.org,99,Weekly,45,Pro,1,0.81,The billing system handles a small team's workload without a hitch. No complaints on the technical side.,0
7f32dff9-a7ed-43f4-9c6d-1af86b6bdf17,William Hampton,bbrown@example.net,78,Daily,52,Pro,2,0.7,Our department head has lost confidence after the last six months of unanswered account requests.,0
fe2c857c-6537-4b90-aa2b-d17d61757993,Christy West,smithjose@example.com,511,Rarely,1,Basic,1,0.66,The value multiple business units gets from the collaboration tools hasn't kept pace with what we're now paying.,0
efee253f-8fa9-4b80-8599-6d0e36995175,Zachary Gonzales,andrewmiller@example.com,599,Rarely,8,Basic,3,0.81,Our account manager here is still deciding if the current plan tier fits a small team's budget.,1
db1cc72c-6040-43bb-91c7-c5cee0103a56,Robert Cummings MD,markherrera@example.net,993,Weekly,3,Enterprise,1,0.16,The reliability of the export tool over the past few sprints has genuinely earned our finance team's trust.,1
085f267c-5aec-47f4-bdc8-a54f576c9e11,Jennifer Munoz,robert13@example.com,324,Daily,31,Basic,3,0.35,Every renewal cycle the price on customer support climbs and our engineering lead isn't seeing why.,1
85d1a2ad-8500-46d0-a9d7-c1d29f568c44,Deborah Anderson,ericaross@example.org,58,Daily,24,Basic,0,0.41,Our IT team pointed out that the permissions system's cost dropped relative to value over the last onboarding round.,0
e49c9672-c4d2-4391-9e7c-8a54df1a2111,Tracy Jones,amy71@example.com,369,Weekly,28,Pro,3,0.67,Multiple business units has felt genuinely supported by your team throughout the last billing cycle.,0
a8289053-ddea-48c9-bdbc-cc3404ecc4ad,Jason Walker,nathangarcia@example.net,126,Daily,73,Pro,3,0.88,"Compared to at least two other vendors, the reporting dashboard is genuinely the better value proposition for multiple business units.",0
bc94e14c-e685-4de8-a7f1-488a650cc27b,Douglas Walsh,dgarcia@example.com,13,Weekly,8,Basic,0,0.64,"The workflow builder performs adequately for a distributed team, though there's room for polish.",1
8c492ebc-9ae4-4584-9dd5-55b727721446,April White,omar12@example.net,314,Daily,48,Pro,6,0.01,We've had repeated login errors on the export tool for the last billing cycle now with no real fix.,1
ea412d7c-ef49-4da8-b79b-2e8b8089d6f5,Sean Peterson,scottflynn@example.com,570,Weekly,27,Basic,1,0.67,"The audit log works fine overall, though we've noticed a few sync failures over the past quarter.",0
80bf349a-fddb-4d6d-a72a-50f62294a2b9,Trevor Pierce,ofreeman@example.net,331,Daily,52,Basic,1,0.27,Our IT team noted the price of customer support without much reaction either way over the past year.,0
cb555db3-d9b2-4e3a-884f-a04528d68b39,James Massey,angela33@example.com,1041,Weekly,36,Pro,1,0.99,"The integration does what it needs to for a small team, aside from the occasional permission errors.",0
539b7a50-b826-45f3-b1ba-2d2c87145839,Stacey Goodwin,shawstacey@example.org,897,Daily,114,Pro,0,0.46,A growing team has had zero downtime issues with the workflow builder in the past few sprints.,0
96962aac-209b-4579-a33f-e99dfcaf7c1a,Kelly Lara,derrickrichardson@example.com,125,Weekly,5,Pro,2,0.01,Slow load times on the search feature has been a recurring headache for the past few sprints.,1
08ec70b7-b329-4db8-aa16-d1b3736a4d4f,Sara Lopez,bhoffman@example.com,228,Daily,53,Enterprise,1,0.55,"Our finance team requested a walkthrough of the permissions system for a new hire, nothing else to note.",0
5bd76019-bd81-439c-a3f1-e655874f91b3,Savannah Vasquez,lindseystevens@example.net,570,Weekly,7,Pro,0,0.35,"Pricing on the onboarding flow seems reasonable, though our procurement team is still evaluating value for a 40-person team.",1
e1569e2f-da67-4cde-8c76-661fa1de70f6,Dawn York,jameslewis@example.com,114,Daily,109,Basic,4,0.6,Integration failures on the integration has been a recurring headache for this week.,0
473aa375-9d3a-4b52-b512-6070c6dbfe69,Latasha Espinoza,moraleschristina@example.org,788,Weekly,43,Basic,1,0.59,"The audit log's pricing held steady over this quarter, which kept our procurement team neutral on it.",0
8f321092-cb86-4a84-bee2-a5343b536e13,Darryl Ramirez,dharris@example.com,922,Daily,16,Basic,2,0.13,"The billing system does what it needs to for a growing team, aside from the occasional report generation errors.",0
98221bc5-307f-424f-9d94-e3b6b02d2d05,William Gray,haneyamanda@example.com,351,Daily,50,Enterprise,18,0.38,We are locked out of the API again during the past few sprints - this keeps happening.,0
69e54cab-6f52-45f4-a802-7d0e7296b713,Lori Wilson,melissajimenez@example.com,974,Rarely,14,Basic,0,0.74,Our account manager here called the pricing on the notification system a pleasant surprise after the last onboarding round of use.,0
e21cd418-0533-4a73-8b11-60d01aa12377,Tonya Castro,uware@example.com,65,Weekly,1,Basic,4,0.44,The recent improvements to customer support have made a real difference for our whole department.,1
249aa8d3-5aad-4b19-9e0b-66f79a9d7be9,Sara Zamora,wmorris@example.com,108,Weekly,13,Pro,4,0.61,Every renewal cycle the price on the integration climbs and our account manager here isn't seeing why.,1
615bf6c9-1290-4266-9221-2671e5c8b8f9,Lori Shaw,ashleyglover@example.org,517,Daily,47,Basic,4,0.47,The search feature has been rock solid over this week. our department head is genuinely impressed.,0
27bca0d5-7bcc-4fe5-bf93-c955241c6816,Megan Chapman,cassandra55@example.org,1017,Daily,109,Pro,0,0.48,The billing system continues to exceed our procurement team's technical expectations after recent weeks.,0
d37576da-7128-4d3c-9d01-c5ffb7bd378f,Jeffrey Norton,brianna40@example.net,321,Weekly,33,Pro,1,0.75,"For the price, multiple business units is getting far more value than our engineering lead expected.",0
58d7c51e-ce39-4383-8abb-9d778aacc71a,Brian Collier,sgarcia@example.com,355,Daily,16,Basic,5,0.69,The collaboration tools scaled smoothly as a growing team grew over several days.,0
703e8cb1-b47a-444c-bcba-ff1dfdbff520,Jennifer Williams,jasmine51@example.org,410,Rarely,9,Enterprise,1,0.56,Things have been mostly stable on the search feature for a 40-person team over recent weeks.,0
3526f839-9868-470c-ae9b-51b3d474061d,Mary Mcdaniel MD,carl79@example.com,938,Daily,30,Basic,4,0.37,The last two weeks of intermittent sync failures on the search feature has really hurt our workflow.,0
60983901-ce29-49f4-8e78-0a4696176dd0,Jennifer Espinoza,brownsheila@example.org,680,Weekly,30,Pro,1,0.79,"Our whole department gets more than its money's worth from the onboarding flow, according to our engineering lead.",0
91a5c6b0-8da6-4d98-9a42-ab595e99ca31,Jeffrey Smith,yvonnehester@example.com,1084,Weekly,43,Basic,1,0.13,Billing on the billing system keeps creeping up and it's hard to see the added value over several days.,0
135d8981-3395-448e-8dd0-39f625467fee,Matthew Collins,jwalsh@example.net,624,Daily,17,Pro,0,0.53,Onboarding a growing team was smooth and the team has been responsive since.,0
53fefe35-4515-4a8f-b0ec-f1b7bd66b58a,Nicole Gonzalez,james33@example.com,986,Rarely,11,Pro,6,0.01,"We've escalated data export bugs on the admin console third time now, still no resolution.",1
5008f124-cd85-418d-a649-4170dc2bd022,Haley Randolph,travis69@example.net,85,Daily,50,Pro,2,0.53,Our ops lead budgeted more for the reporting dashboard this cycle and considers it money well spent.,0
ff7a9a15-73f2-48b4-9ecb-b27bf8d4d79a,Jodi Espinoza,jay35@example.org,496,Weekly,28,Basic,3,0.4,"The reporting dashboard crashed again this cycle, on top of session timeouts from the last few days.",0
91a68053-0621-48f1-a8d8-d476a73915f5,Michael Taylor,smithrandy@example.com,200,Daily,116,Pro,1,0.65,The reporting dashboard scaled smoothly as our whole department grew over the past few sprints.,0
0c7eaec9-ff53-4b30-9c35-21ae38d7e8dd,Mark Wood,karenconway@example.org,371,Daily,26,Pro,0,0.43,The subscription cost is more than justified by how much time the analytics module saves a 40-person team.,0
0b9b5227-b604-43a1-8db7-479f8eb6704e,Lauren Travis,grantstephanie@example.com,708,Daily,38,Pro,1,0.8,"A small team has had a smooth, low-friction experience across several days.",0
0d5c3971-f433-43a5-817c-a3c09f9fb51a,Donald Washington,pateldouglas@example.net,50,Daily,74,Basic,3,0.61,Our IT team is really happy with how stable the admin console has been over the past year.,0
0016b14c-da3e-41a0-ace3-2571d8f28e6f,Sara Koch,johngordon@example.net,590,Daily,49,Basic,3,0.06,Nobody has responded to our complaint about login errors on the audit log in recent weeks.,1
cfd07111-4eb2-4740-8f59-8c133b09080f,Vanessa Carr,wortiz@example.net,586,Daily,29,Pro,4,0.49,"For the price, a distributed team is getting far more value than our IT team expected.",0
7cca8ae0-53c9-410c-b1b9-c0dec6ca92b1,Glenn Mendez,younglindsay@example.com,919,Daily,52,Pro,0,0.97,Our finance team would recommend this to other teams after the past few sprints of good experience.,0
875ba1c3-11a9-40c3-93d9-d87d50d35650,Angela Murphy,hayesernest@example.com,840,Rarely,13,Basic,1,0.14,Things have been mostly stable on the permissions system for multiple business units over the past month.,1
9bdd9228-457b-447f-8cf9-0ec16036396d,Charles Smith,kristin79@example.org,1057,Rarely,12,Pro,2,0.44,We're being asked to pay more for the billing system while it hasn't meaningfully improved in this week.,1
1baaac13-2a06-479b-be24-5aa54960f5fb,Christina Richardson,jacob41@example.org,194,Weekly,14,Basic,7,0.4,We are locked out of the notification system again during this quarter - this keeps happening.,1
7f78655b-db3c-449b-8051-633d1a3b1326,Russell Edwards,elizabeth55@example.net,1094,Daily,44,Basic,4,0.41,"General feedback: the analytics module is fine, notification delays handling could be faster over the past quarter.",1
9c022bb1-f506-445f-b465-289ff95b0b04,Albert Bentley,marksrobert@example.org,210,Daily,59,Basic,11,0.81,The fourth outage of the billing system in several days is starting to erode our trust.,0
c9cfed25-fbcd-407c-be1f-e2807b39b8eb,Diane West,qrobertson@example.org,430,Rarely,10,Pro,2,0.81,The API going down during the last few days caused real disruption for a 40-person team.,1
e1cac510-73fd-4c73-bd54-e924f707883d,Jennifer Flores,paula53@example.net,1044,Weekly,5,Basic,0,0.73,"Cost feels fair enough for a growing team right now, though our finance team hasn't stress-tested it.",1
86597ebe-ceb6-410a-8e40-32f2d19dbc5c,Cole Williams,matthew13@example.net,620,Daily,23,Basic,1,0.16,"Cost over the last onboarding round is about what our account manager here expected - no complaints, no major praise.",1
bbb8a3a7-3f0e-46fb-af82-1361f14860d0,Deborah Ballard,mitchellruiz@example.net,757,Daily,45,Enterprise,0,0.72,The overall experience over the past month has just felt neglected for our whole department.,0
17e44e32-d680-43df-a315-56a62f5a5427,James Riley,stokesbrianna@example.net,665,Weekly,29,Basic,1,0.46,We've had repeated report generation errors on the analytics module for the past few sprints now with no real fix.,0
bb7b8799-c20b-4adc-bbe3-1629da49beff,Aaron Ward,collinskevin@example.net,244,Daily,98,Pro,0,0.99,Overall a great experience for a 40-person team working with your team over the last billing cycle.,0
72c19964-af42-4b50-9861-ee9c6a6a9dd4,James Cole,kevinross@example.com,502,Rarely,6,Enterprise,2,0.47,The performance of the notification system has been excellent for a small team throughout the past few sprints.,1
36c5678e-3c45-43f8-972b-722d65afd899,Sheila Vega,shawnmunoz@example.net,210,Rarely,4,Basic,0,0.48,Our department head raised a concern the past few sprints ago and it fell through the cracks entirely.,1
dc7929cc-2b6a-4df0-8d47-93f9fa8c3bdb,Robert Morris,erinchase@example.org,83,Daily,96,Pro,7,0.16,We've had repeated broken links on the API for the past few sprints now with no real fix.,0
26730da4-ea57-44d0-9e7c-79f01d310151,Joy Phillips,olivercharles@example.net,901,Daily,94,Pro,4,0.51,The recent improvements to the analytics module have made a real difference for a small team.,0
db4fcea1-9de1-4a65-838b-cb213b9a8c88,Amy Kelly,teresa66@example.net,664,Daily,100,Pro,3,0.52,The reliability of the mobile app over the last two weeks has genuinely earned our procurement team's trust.,0
53de08f4-a3d4-4d29-a10e-e067e61f9bba,John Robinson,brianortiz@example.com,698,Daily,97,Basic,3,0.5,A growing team has had zero technical issues with the audit log over the last few days. It just works.,0
313a1c9f-4350-4dab-ac84-533dee477503,Kayla Gibbs,omcintosh@example.net,695,Daily,57,Enterprise,17,0.04,We are locked out of the search feature again during the last few days - this keeps happening.,1
f918ebe8-67d7-4789-b78a-aa636c06bfc3,Eric Pierce,psandoval@example.net,899,Daily,110,Enterprise,0,0.5,The support experience for a growing team has gotten noticeably worse over the last six months.,0
211d3459-3e07-49db-87e5-ab7a448182e0,Thomas Mcdonald,alvaradovirginia@example.org,1093,Rarely,3,Basic,4,0.01,The workflow builder is serviceable for a 40-person team; session timeouts shows up occasionally but rarely blocks us.,1
19875afd-006a-4450-863a-59f33c10a2c3,David Woodard,alexander38@example.org,467,Daily,47,Enterprise,1,0.47,Our account manager here migrated a big workload onto the onboarding flow and it performed flawlessly.,0
33cce1ba-ecf0-4359-ac07-b54e9eecae6e,Robert Walls,brendahowe@example.org,140,Weekly,19,Pro,2,0.5,"A small team gets more than its money's worth from the reporting dashboard, according to our engineering lead.",0
d0338ae2-1ff0-4220-a852-ed3380546cf3,Steven Russell,collinsmary@example.net,212,Weekly,59,Pro,1,0.74,Our department head raised a concern this week ago and it fell through the cracks entirely.,0
6efa0660-5985-4619-8ea2-83c1cc034bf3,Julia White,nboyd@example.com,797,Daily,47,Pro,0,0.53,Onboarding multiple business units was smooth and the team has been responsive since.,0
ee6794ab-6efb-43bb-b8b2-f5f44e2c48a4,Carrie Jackson,allenkristin@example.org,989,Daily,18,Basic,5,0.26,We reported failed uploads on the admin console the last few days ago and it's still unresolved.,0
a50b9974-8468-472d-b526-b64f2a9a0e0c,Rachel Wilson,kevin10@example.org,299,Daily,105,Enterprise,4,0.3,Every time our whole department relies on the search feature it fails us. the past month has been rough.,0
010492b3-561f-42e6-863c-40523d750ff8,Thomas Dean,franciscogriffith@example.org,748,Weekly,1,Basic,1,0.54,Our department head migrated a big workload onto the mobile app and it performed flawlessly.,0
fbd64070-8df0-48ce-bdad-4b8496dd8cd7,Andrea Davis,bradleyanthony@example.org,726,Weekly,10,Basic,16,0.64,"The integration crashed again this cycle, on top of API timeouts from the past month.",1
91534361-0492-4f05-b189-acb52d0270b6,Christopher Taylor,andrewho@example.net,74,Weekly,4,Pro,3,0.01,"The notification system crashed again this cycle, on top of report generation errors from the last onboarding round.",1
bdb4942a-d3a4-4f3c-a0ce-584ba56cb2e4,Christopher Bonilla,jenniferaguirre@example.org,258,Daily,70,Enterprise,1,0.71,Things have been mostly stable on the workflow builder for a distributed team over the last six months.,0
850cc9fe-84bc-42e4-bcd8-39ecc9451df0,Michelle Carrillo,sheliawilson@example.net,546,Rarely,14,Basic,1,0.49,"A general status update from our account manager here - no issues, no notable wins over the past few sprints.",1
e54405e8-2273-4aa3-a3a0-76ae8b87acd3,Tyler Paul,ykrause@example.com,117,Weekly,22,Basic,7,0.13,Nobody has responded to our complaint about failed uploads on the audit log in the past few sprints.,1
02289e0c-0c3b-4fb5-96f0-4342cdfdd468,Ryan Mcintyre,melindawilliams@example.net,899,Daily,18,Enterprise,1,0.43,Things have been steady for our whole department over the last few days.,0
83c4a0f7-8c63-4423-b9a3-96ba79228e41,Toni Cook,qshepherd@example.net,397,Rarely,3,Pro,2,0.16,We are locked out of the integration again during recent weeks - this keeps happening.,1
4a09500b-e74b-498c-b3e9-f4121aad6276,Deborah Blackburn,jaredturner@example.org,1013,Weekly,43,Pro,0,0.99,Our account manager here is happy to keep paying for the mobile app - it pays for itself many times over.,0
908bb014-37eb-4cdf-85d1-5b1cc4591cfd,Lisa Patterson DDS,tlopez@example.com,488,Daily,48,Pro,1,0.19,Our whole department keeps getting passed between different support reps with no continuity.,0
7ac6f200-4d29-4af6-ad22-80977e639544,Danielle Heath,hubbardabigail@example.net,389,Rarely,5,Basic,1,0.11,"The notification system does what it needs to for a distributed team, aside from the occasional duplicate records.",1
5b68946d-4891-4dbe-b02e-edffd5f8a911,Ashley Morris,jacquelinerobertson@example.net,106,Weekly,17,Pro,6,0.61,The mobile app scaled smoothly as our whole department grew over the last two weeks.,0
d2b63b2e-0bd8-4c56-8f8a-56bc0aa5dff2,Logan Patterson,gomezbill@example.org,78,Rarely,7,Pro,7,0.18,The renewal price increase on the API is hard to justify given what multiple business units actually uses.,1
fb23c75a-9a6a-420f-800c-048de923ca0f,James Torres,jesse98@example.net,455,Daily,62,Basic,3,0.42,The performance of the billing system has been excellent for a small team throughout recent weeks.,0
052927fe-e69b-49e9-8ad4-7ee349444c0d,William Thornton,mariahgarcia@example.org,395,Weekly,26,Basic,4,0.38,The renewal quote for customer support landed roughly where our department head expected.,1
bff7488c-0696-4075-95d7-540a0fa37145,Michael Steele,jerry59@example.com,662,Weekly,42,Pro,0,0.89,Our procurement team tested the collaboration tools over the past few sprints and it performed about as expected.,0
820054d9-3750-4844-b63e-eccec0e6218c,Monica Ali,april24@example.net,738,Daily,103,Basic,3,0.55,We've had repeated broken links on the search feature for recent weeks now with no real fix.,0
1d0e978c-94ba-45d1-a26a-f2a6dff4f2ce,Chelsea Frey,coltonbaker@example.com,27,Weekly,41,Basic,0,0.47,Multiple business units has had zero technical issues with the integration over the past few sprints. It just works.,1
78ba00dd-6803-467e-a0a3-682f4aa69621,Anthony Long,tavila@example.net,234,Weekly,7,Basic,0,0.22,The pricing model for multiple business units stopped making sense to our engineering lead around several days ago.,1
44f3f0db-f0ac-49f2-b3f0-1dc928513bd9,Sandra Collins,chavezrichard@example.org,103,Daily,18,Basic,16,0.66,A 40-person team has been blocked by broken links on the export tool for the last two weeks.,0
f410650a-8634-458a-bfdd-c4a3f1275c88,Anthony Pitts,juliefreeman@example.org,11,Daily,85,Pro,0,0.54,Overall a great experience for our whole department working with your team over recent weeks.,0
2c25ac06-317b-47f3-8149-024857ff9e87,Michael Young,reedbarbara@example.net,618,Rarely,5,Basic,3,0.02,Our account manager here is close to recommending at least two other vendors purely on cost grounds.,1
2aeb78ea-16f0-4636-9e9e-99a01bd7a560,Robert Crawford,kristinzimmerman@example.org,616,Daily,115,Basic,3,0.57,"Given what multiple business units gets, the pricing on the admin console feels very fair.",0
3d00d11f-5cd9-49df-a7c8-b6f8b4fdb6e9,Jessica Moss,johnny54@example.net,638,Weekly,10,Pro,0,0.8,Nobody followed up after our ops lead flagged this issue the last few days ago.,0
71e95291-2b7a-4b4e-80f3-93cf106882c6,Michael Sutton,curryana@example.org,623,Daily,41,Enterprise,4,0.09,The mobile app is serviceable for our whole department; dashboard glitches shows up occasionally but rarely blocks us.,1
1c973d1c-1e5e-4c70-ad59-c12e5b298a5a,Raymond Copeland DVM,anthony01@example.com,990,Weekly,45,Basic,0,0.54,The notification system has been rock solid over the last two weeks. our department head is genuinely impressed.,0
1e480f8e-63ac-46b2-8a02-e020d593d2c3,Tiffany Hill,gevans@example.com,520,Daily,91,Enterprise,4,0.37,Our whole department has come to rely on the onboarding flow precisely because it never breaks.,0
096fede7-8470-4f83-9ee6-a2b77cdc31e5,Steven Burch,hollygreene@example.org,209,Daily,49,Enterprise,2,0.79,The past month of intermittent slow load times on customer support has really hurt our workflow.,0
53547069-1f7d-4f62-af34-8438b2ece131,Joshua Thompson,acostaamy@example.net,118,Daily,27,Basic,4,0.42,We are locked out of the billing system again during the past quarter - this keeps happening.,0
4b9b4d68-57bc-432a-b79f-ce6232a85ce9,Christopher Small,william10@example.com,314,Daily,33,Pro,0,0.67,Overall a great experience for a 40-person team working with your team over the last onboarding round.,0
55690ebe-24d8-4af3-8336-d6358141ae5e,Lori Hernandez,johnharrington@example.com,170,Daily,25,Pro,0,0.89,Everything from onboarding to support has gone well for a distributed team over the past year.,0
4014fac9-3fb8-438b-a2d7-417d00e9c5bf,Christopher Hoover,david25@example.org,676,Weekly,12,Pro,2,0.23,The reporting dashboard going down during the last onboarding round caused real disruption for a growing team.,1
38ecfe94-16ff-4a89-a2f3-3eb5e1cf1465,Kelly Cook,robertsgeorge@example.net,686,Weekly,14,Pro,1,0.42,Our department head is really happy with how stable the audit log has been over the last onboarding round.,0
3119857e-e2a0-4af9-ac88-a94694d76a59,Daniel Webb,stephen98@example.com,898,Weekly,8,Enterprise,14,0.75,Support acknowledged the failed uploads on the permissions system but the past month later it's still broken.,1
f92e7db1-ecd1-4779-b04a-9d8240d5f642,Robert Hanna,asmith@example.net,593,Weekly,29,Pro,1,0.76,"Compared to a cheaper alternative, the permissions system is genuinely the better value proposition for a growing team.",0
492bbf3f-4043-46b4-a22f-fd6e4190202c,Darrell Maldonado,susan20@example.org,187,Daily,88,Enterprise,1,0.36,Every time a small team relies on the analytics module it fails us. the last six months has been rough.,1
6b0f1a5f-0b23-460a-a6e2-18278bbfd89d,Maria Munoz,natalieduncan@example.net,221,Daily,67,Pro,1,0.71,Our department head hasn't seen a single notification delays on the audit log in the past year - great reliability.,0
bdbab6cc-9b70-48aa-8336-d5118e9bd568,Brent Shaw,robert42@example.org,580,Daily,92,Basic,2,0.46,Our IT team called the pricing on the mobile app a pleasant surprise after the last onboarding round of use.,0
4014fc73-ed35-439a-8f13-1b63d8fcd478,Dennis Ali,brianna79@example.com,106,Weekly,46,Basic,1,0.99,Our IT team feels well taken care of after this quarter as a customer.,0
a7e729c0-15bc-426c-b4c4-c93d29417be1,Thomas Wood,mirandabrian@example.org,274,Weekly,42,Enterprise,0,0.62,Onboarding a 40-person team was smooth and the team has been responsive since.,0
ad95ae0f-688a-4ba4-b6ba-943aac9bbd32,George Garner,klinejerry@example.org,162,Daily,116,Basic,1,0.85,Everything from onboarding to support has gone well for a 40-person team over the past quarter.,0
ed207729-f304-4311-b3e1-92ce26cca057,Rodney Diaz,dixontracy@example.net,41,Daily,55,Pro,3,0.09,"A small number of session timeouts on the reporting dashboard came up over the last onboarding round, nothing urgent.",1
cea071c6-1042-4e0c-80d3-c631e7667b0a,Curtis Baker,fspencer@example.net,49,Daily,19,Enterprise,1,0.88,Nothing major to report on customer support over the past month - does the job as expected.,0
55b16f89-e750-4cef-a356-d343c927d6fc,Michael Weeks,rtodd@example.com,652,Weekly,38,Pro,1,0.41,Our IT team was impressed the mobile app handled the past quarter of peak usage without issue.,0
16982188-2221-4667-8751-908a7cfdb252,Wesley Huffman,ahickman@example.org,253,Daily,57,Pro,2,0.74,"Even under heavy load, the reporting dashboard held up well for a small team over the past few sprints.",0
f0f9dcb3-3c85-4353-ab0f-340d2126e6fd,Megan Lopez,ryanflores@example.org,320,Weekly,41,Basic,14,0.15,We've had repeated report generation errors on the permissions system for the past quarter now with no real fix.,1
e08ef5d0-24ca-4ef2-a4ca-696cf3235c67,Kimberly Carr,christina96@example.com,880,Daily,90,Pro,1,0.19,The onboarding flow scaled smoothly as a distributed team grew over the last two weeks.,1
f892ad4a-f585-4a48-8d7d-e1ab91fb4c1c,Jeffrey Garza,baileyclaire@example.com,515,Weekly,39,Enterprise,3,0.72,Is there a way for our whole department to bulk-export records across projects in the notification system?,0
87ad18db-dee3-4d64-8483-f6938628429c,John Lynch,loripetersen@example.net,421,Daily,50,Basic,6,0.36,The session timeouts problem on the analytics module has cost us real time over the last few days.,1
7ac174b7-e5dd-4be7-9052-26fb56475ad8,Jacob Ferguson,christophermills@example.org,115,Rarely,14,Enterprise,1,0.26,No major updates from a 40-person team over this week.,1
fe378c17-da89-4670-9d11-ecdb8a653d9a,Michael Becker,jennifergordon@example.org,491,Weekly,23,Pro,0,0.66,The sixth outage of the reporting dashboard in the last few days is starting to erode our trust.,0
99c2b496-a92f-4c7e-9b4e-13b74110b449,Allison Sims,graylaura@example.net,174,Weekly,4,Basic,2,0.6,A distributed team keeps getting passed between different support reps with no continuity.,1
fe7908da-c045-48aa-a1d0-73689acae60a,Kevin Jackson PhD,xadams@example.com,969,Weekly,40,Basic,0,0.81,The last billing cycle without a single proactive check-in from your side has been disappointing.,0
62cd94d9-91c5-4616-b29b-eed3fedd2fe3,Michael Perez,thuber@example.com,174,Weekly,24,Pro,2,0.63,Nobody has responded to our complaint about failed uploads on the audit log in this quarter.,0
e03cd796-6401-4196-ba28-626c02978bdd,Brooke Taylor,branchtimothy@example.org,169,Rarely,7,Pro,8,0.44,Every time a 40-person team relies on the billing system it fails us. the past quarter has been rough.,0
dda255c2-2f55-4ce9-aab1-2ffdb1f5027c,Elizabeth Christensen,sarah35@example.net,1042,Weekly,56,Basic,3,0.99,Our IT team budgeted more for the reporting dashboard this cycle and considers it money well spent.,0
df5d3d3e-9bd9-48d3-b203-847e6d2edd1a,Robert Zimmerman,teresa74@example.net,207,Weekly,43,Basic,2,0.55,Our engineering lead specifically called out how dependable the search feature has been over the last onboarding round.,0
e2f47540-f9fc-4405-bdd0-11c2ff84135d,Jacob Rose,gkey@example.net,505,Daily,18,Pro,2,0.58,The analytics module has been broken for this quarter and it's affecting our whole department.,0
1fde5ab1-0bca-420d-9682-8450f11ca7ee,Scott Jennings,ssmith@example.org,806,Weekly,56,Pro,2,0.53,Our finance team is questioning whether the notification system justifies its cost after the past few sprints of use.,0
eff03bc1-1da6-4b5f-8867-a0eb7670a49f,Rachel Blake,barbara30@example.org,115,Daily,46,Enterprise,0,0.47,"A growing team has had a smooth, low-friction experience across the past quarter.",0
9ceb3eb2-913e-4b50-98bb-122fc6ed2d75,Jonathan Mcclain,ortiztonya@example.net,588,Rarely,9,Basic,2,0.26,"For what we pay, our IT team expected a lot more from the permissions system.",1
4adb86d9-01ca-4b99-8c91-afa01de20d69,James Dunn,kthomas@example.org,555,Daily,54,Enterprise,1,0.66,The workflow builder scaled smoothly as a small team grew over the last few days.,0
3b323003-07ec-4d70-8aa7-2c46d335e59d,Matthew Holloway,tyler35@example.com,159,Daily,42,Basic,1,0.69,A growing team switched from a rival platform and the cost savings alone justified it.,0
371fe871-e8da-474c-bbe3-bb490956f755,Donna Frank,michellerobinson@example.net,1030,Weekly,56,Basic,2,0.45,"Given what a 40-person team gets, the pricing on the onboarding flow feels very fair.",0
6782fab3-4eed-4944-95f9-c85df3bc8194,Elizabeth Willis,robinsondenise@example.com,684,Weekly,14,Basic,0,0.26,The renewal quote for the onboarding flow landed roughly where our department head expected.,1
f2ae89c4-a827-4233-b41c-3caeb9f9dec6,Jennifer Flores,vclayton@example.net,1027,Weekly,36,Pro,2,0.81,Multiple business units switched from a cheaper alternative and the cost savings alone justified it.,0
5deae017-a857-42ba-b651-657ef79a5537,Kevin Jones,jessicalindsey@example.net,204,Daily,23,Pro,3,0.42,"The notification system met expectations for a growing team across the last two weeks, nothing more to add.",0
22818bbe-064d-4d8b-8f1d-da33007891a7,Tony Spencer,vwilson@example.net,27,Daily,54,Pro,6,0.14,The second outage of the notification system in several days is starting to erode our trust.,1
f0f280c1-1c58-4842-8473-0713d1f61afb,Mr. Christopher Lewis Jr.,hmcintyre@example.org,338,Weekly,12,Pro,0,0.15,The per-seat pricing has become a real budget problem for a growing team over the past few sprints.,1
c16aabd1-a0b5-46a3-b09c-4aa0cbee9151,Robert Moore,gordondonald@example.net,52,Daily,40,Pro,4,0.23,Nobody has responded to our complaint about data export bugs on the billing system in several days.,0
462c8b4f-2d39-4e99-a696-243c79b2f11c,Kelly Bowman,ugrant@example.net,536,Weekly,37,Pro,2,0.52,The notification system handles a small team's workload without a hitch. No complaints on the technical side.,1
c7dc4454-be5b-4ac6-a3b4-26abb1689d8a,Regina Johnson,sburton@example.org,146,Weekly,14,Basic,0,0.19,The performance of the billing system has been excellent for a growing team throughout the last two weeks.,1
6cb486d1-2886-4ea6-9262-4d7b77a0819f,Anthony Wu,brendawilliams@example.org,1039,Daily,16,Pro,0,0.96,The recent improvements to the API have made a real difference for a small team.,0
39f6238b-4460-4738-a16e-b0bcc13856e0,Katherine Lee,dana81@example.net,616,Daily,55,Enterprise,0,0.26,Our account manager here checked in about the export tool - working as expected for the most part.,0
94defea5-d7f5-4b8f-a73a-03cb3b860038,Jacqueline Ellis,jacobgolden@example.org,434,Daily,46,Pro,7,0.39,Integration failures on the analytics module has been a recurring headache for the last billing cycle.,0
3767c349-abcf-40fc-adfb-903c72267f4b,Chad Smith,christopher33@example.net,221,Rarely,12,Basic,1,0.07,The permissions system going down during this quarter caused real disruption for a 40-person team.,1
1f7378c3-7ac3-461d-97ad-5ed2426ab696,Shelia Diaz,schmidtjames@example.com,1012,Daily,85,Pro,1,0.75,Our ops lead wanted to confirm the export tool's roadmap for the next the last onboarding round.,0
faa5dbb9-de69-4a65-91fa-2fc9f902f862,Anthony Reynolds,christopher74@example.org,619,Rarely,1,Basic,0,0.41,Our account manager here is questioning whether customer support justifies its cost after the last onboarding round of use.,1
0f636b3d-c57b-47af-a845-f4857b75249d,Leslie Hanson,johnsontimothy@example.net,607,Weekly,9,Enterprise,1,0.72,Multiple business units has been blocked by notification delays on the permissions system for the last onboarding round.,0
863a3867-fcd6-446b-9d56-a49f10a29d6f,Chelsea Smith,jeffrey35@example.net,516,Rarely,7,Pro,6,0.47,Support acknowledged the failed uploads on the collaboration tools but several days later it's still broken.,1
4f6b72f2-ec08-4d53-9d36-693810d268b5,Teresa Norris,johnny39@example.net,405,Daily,26,Basic,9,0.29,We are locked out of the workflow builder again during the last onboarding round - this keeps happening.,1
a96b016e-7bb9-4a84-9f1f-5c5a14176804,David Underwood,robertmartin@example.org,47,Daily,49,Enterprise,0,0.54,"Nothing to flag from a 40-person team this cycle, just a standard usage update.",0
bbbda215-b464-4013-88d7-f1be2961d5e7,Mary Ortiz,matthew01@example.org,597,Weekly,37,Pro,1,0.18,"A small number of dashboard glitches on the collaboration tools came up over the last two weeks, nothing urgent.",0
b2b1d687-2133-46b0-9a06-0429b934f99c,Yolanda Rush,jacobnelson@example.com,97,Daily,17,Basic,0,0.74,"The renewal cost on the mobile app was flat this cycle, which our engineering lead appreciated.",0
b0cd1707-4270-4ba7-9464-c1b86ea9286b,Billy Ray,kimberlyrobinson@example.org,74,Daily,57,Basic,1,0.25,Our ops lead compared against a cheaper alternative and the pricing is roughly in line.,1
d9bdfe0d-720e-4cbb-b836-d1d068c3bedf,Maria Kim,jessicasummers@example.net,607,Weekly,26,Basic,1,0.08,Our ops lead is close to recommending at least two other vendors purely on cost grounds.,1
34d1eac0-1f76-4ea4-a59b-a82ca2388edd,Amy Garcia,denisekeller@example.org,920,Daily,20,Basic,1,0.44,Our account manager here renewed without hesitation - the price-to-value ratio on the workflow builder is hard to beat.,0
178f73c7-a79a-4459-8631-b9e27e3274e2,Shelley Christensen,tjimenez@example.org,588,Rarely,1,Basic,5,0.41,Our account manager here flagged that a lower-cost competitor offers similar the collaboration tools functionality for less.,1
33ab11ed-9f50-4197-92d3-25bb7313153e,Katherine Washington,sarahsoto@example.com,991,Rarely,11,Basic,6,0.38,Nobody has responded to our complaint about slow load times on the mobile app in the last billing cycle.,1
54c2994e-2779-4f53-83a8-96ea0e0f5ed3,Cristina Todd,mcdowellseth@example.com,1056,Daily,36,Basic,1,0.27,Multiple business units has come to rely on the workflow builder precisely because it never breaks.,0
a0334960-03de-416e-89f6-25813bd944fc,Edward Wright,kyle01@example.net,1006,Daily,37,Enterprise,0,0.14,Our ops lead has asked for a status update second time with no response in the past year.,1
c0398004-897b-4fa3-a303-b7045c80175d,Stephanie Cook,ygreen@example.net,233,Weekly,33,Basic,6,0.29,Our procurement team tested customer support over several days and it performed about as expected.,0
d01412f9-cda5-4c33-95fa-b4c4b7863fca,Nicole Braun,michaelmayer@example.net,753,Daily,59,Enterprise,2,0.47,Multiple business units has come to rely on the audit log precisely because it never breaks.,0
629ce6eb-439d-497c-a38f-0e94f0a8b912,Kayla Nguyen,todd46@example.net,738,Weekly,8,Pro,4,0.62,We are locked out of the onboarding flow again during the last billing cycle - this keeps happening.,1
c95cf20f-9ee0-466e-88c5-531e906feaa4,Emily Adkins,pdavis@example.net,857,Daily,68,Basic,0,0.68,"A small team gets more than its money's worth from the reporting dashboard, according to our account manager here.",0
e6930d54-a940-44f6-b4d0-af5174184858,Chelsey Fernandez,mendozakelly@example.com,212,Weekly,33,Basic,0,0.67,A growing team has felt genuinely supported by your team throughout the past quarter.,0
51177bd7-7753-4123-b6f4-70aea9f2ecd2,Jennifer Ramos,romeroandrea@example.net,35,Daily,59,Basic,4,0.99,Our engineering lead is really happy with how stable the collaboration tools has been over the last six months.,0
a1e42acc-34fe-49db-866b-9d4e5c6ad4c2,Tonya Campbell,markdavis@example.com,251,Daily,36,Pro,1,0.82,Our department head is happy to keep paying for the onboarding flow - it pays for itself many times over.,0
ae57df1c-e886-4e78-97b8-db45dd844100,Carl Long,julie77@example.net,571,Weekly,4,Pro,4,0.49,We are locked out of the workflow builder again during the past year - this keeps happening.,0
d4a30053-d626-4b34-adc4-72765920e868,Savannah Sutton,herreradawn@example.net,429,Weekly,5,Pro,2,0.04,A 40-person team has had zero downtime issues with the permissions system in the last billing cycle.,1
e29e8568-6743-46e5-8818-4b36b9a669f3,Melanie Bradley,john19@example.net,133,Rarely,14,Basic,12,0.69,We are locked out of the collaboration tools again during the past year - this keeps happening.,1
e8c2cc02-0183-4b44-b5b1-652478450123,Elizabeth Higgins,hwhite@example.com,524,Weekly,1,Basic,0,0.55,"A 40-person team has had a smooth, low-friction experience across the last billing cycle.",1
0d088a1a-1a8c-47bc-b1e3-2883567c8d57,Robert Lopez,david00@example.net,49,Daily,119,Enterprise,0,0.6,"A general status update from our finance team - no issues, no notable wins over the past quarter.",0
247162ce-3d2f-42d6-8137-18cef4c9bca7,Tiffany Kelly,johnsoncasey@example.org,508,Daily,54,Pro,3,0.85,Our department head has asked for a status update fourth time with no response in this week.,0
be8c5181-2071-426c-8fa9-914887b56150,Stephanie Holland,duncanmark@example.net,994,Daily,50,Pro,1,0.63,A small team has had zero problems with the overall experience over the last six months.,0
cd4831fa-dc93-4c2e-8342-f4668c99d6c6,Brittany Patterson,edward37@example.com,366,Daily,59,Basic,0,0.44,A growing team has had zero downtime issues with the permissions system in the last billing cycle.,0
9072713f-561f-4c1b-952b-f2d759535fb8,Helen Morgan,alexisjenkins@example.com,330,Weekly,38,Basic,0,0.44,"A growing team gets more than its money's worth from the collaboration tools, according to our ops lead.",0
af15cd0d-ea79-4271-9081-036e922ea5f0,Rodney Proctor,wbrown@example.org,470,Rarely,5,Basic,4,0.37,Our procurement team is seriously evaluating at least two other vendors given the current cost over several days.,1
4218c602-d70e-46e7-9c17-2280d46e79e7,Meghan Gonzalez,jonathan36@example.net,833,Daily,52,Basic,2,0.47,The renewal quote for the analytics module landed roughly where our engineering lead expected.,1
c2c24860-bbc1-459f-9b82-793b0704bdd1,Manuel Eaton,christophermartinez@example.org,798,Daily,52,Basic,20,0.61,Nobody has responded to our complaint about API timeouts on the audit log in the past month.,1
3383aeb0-8d25-4b8a-af45-cdf55f243a5f,Dr. Cynthia Knox MD,kedwards@example.com,238,Daily,19,Pro,1,0.49,"Pricing on the audit log seems reasonable, though our finance team is still evaluating value for our whole department.",0
1466024d-73f3-450e-923f-03ceaf2b7055,Amanda Pearson,drakeryan@example.net,766,Daily,28,Pro,0,0.88,"Our whole department gets more than its money's worth from the audit log, according to our procurement team.",0
016a1918-9928-49de-9f4a-1588fe2609b7,Michelle Benjamin,harrisnancy@example.com,546,Weekly,37,Pro,3,0.14,"The audit log met expectations for a growing team across the last few days, nothing more to add.",0
1c268f25-b778-47b8-a771-9f7e60da1dea,Michael Perry,hclark@example.com,157,Daily,25,Pro,1,0.82,Our account manager here specifically called out how dependable the analytics module has been over recent weeks.,0
4214ecda-8da6-4223-b3a4-8b5088f112d2,Anthony Rhodes,lisamejia@example.com,976,Daily,56,Enterprise,0,0.55,Everything from onboarding to support has gone well for our whole department over the last two weeks.,0
ed3a6729-d740-48c4-a778-fa2c93b249c4,Kevin Bennett,benjaminrosales@example.com,644,Daily,17,Basic,0,0.53,"A small number of dashboard glitches on the audit log came up over the past few sprints, nothing urgent.",0
946a67c0-37d4-40a2-a93f-fce64719ac14,Jason Avila,xcruz@example.org,491,Daily,29,Basic,4,0.58,The recent improvements to the export tool have made a real difference for a distributed team.,0
2aa6c6ac-29cd-4339-a980-45d54a9e1c01,Jenna Greene,scole@example.net,539,Daily,53,Basic,3,0.31,"Even under heavy load, customer support held up well for our whole department over the past few sprints.",0
e712a971-51f3-4719-98ae-e7c23834811b,David Thomas,david51@example.net,986,Daily,23,Enterprise,2,0.64,"A small number of session timeouts on the onboarding flow came up over the last onboarding round, nothing urgent.",1
59332ee4-3c32-4aa1-9387-cad2cead7a3d,Joel Anderson,brownteresa@example.net,759,Weekly,7,Pro,1,0.65,Our procurement team is seriously evaluating a rival platform given the current cost over this quarter.,1
60a5539b-35a0-48b6-b120-73dd9363c902,Kathryn Frazier,cspears@example.com,708,Daily,118,Basic,1,0.75,Our IT team hasn't seen a single slow load times on customer support in the past month - great reliability.,0
90176b19-8557-409e-b6db-b3d4eb7d7d11,Lucas Young,ryoung@example.org,1008,Weekly,42,Pro,4,0.35,The audit log has been broken for this week and it's affecting our whole department.,0
f3d83220-9c55-4023-8625-ca2683bf61d8,Misty Brooks,janet93@example.net,177,Daily,15,Pro,13,0.32,This quarter of intermittent sync failures on the permissions system has really hurt our workflow.,1
ebbce64b-fad4-48a8-b9d7-d5a7576c3b1e,Heather Robinson,nathanbrooks@example.net,878,Rarely,9,Pro,10,0.45,Nobody has responded to our complaint about duplicate records on the onboarding flow in this week.,0
1f78d6c3-06a5-48b0-99ed-fd76e7f3aedb,Julia Mullins,suzanne77@example.org,692,Daily,34,Basic,3,0.38,Multiple business units has been blocked by slow load times on the collaboration tools for the past month.,0
031d354b-c73a-4ccc-b8a9-380a0807c1de,Joe Cohen,hbarnes@example.com,289,Daily,57,Basic,0,0.29,"The collaboration tools's pricing held steady over several days, which kept our department head neutral on it.",1
78629e5c-49f0-4e2c-8f98-4adc3ce61431,Kathryn Taylor,anthonyholmes@example.com,1027,Daily,38,Enterprise,1,0.21,Nobody followed up after our ops lead flagged this issue this week ago.,0
e0dcca02-9d28-45b3-ab54-9d5864d52023,Lisa French,perezangela@example.com,462,Weekly,29,Enterprise,0,0.89,"Just a routine check-in from our account manager here, nothing specific to report over the past month.",0
7d6a7d77-310e-45d8-9a87-6d3676b42396,Melissa Thompson,angelajohnson@example.com,393,Daily,104,Pro,1,0.92,"For what we pay, our engineering lead expected a lot more from the reporting dashboard.",0
e8dbb0af-ce11-45c6-805c-ead9bc17abcc,Mark Ritter,gibbsmaria@example.com,712,Daily,54,Pro,1,0.78,"The workflow builder performs adequately for multiple business units, though there's room for polish.",0
243476f9-df80-4b34-b378-faf1fea9fd48,Derek Nelson,jenniferwilliams@example.net,261,Weekly,37,Enterprise,1,0.68,Is there a way for our whole department to bulk-export records across projects in the permissions system?,0
3369a884-5c03-4377-8d1f-dd8bb17b2e61,Jesse Clark,aguirrejames@example.com,856,Daily,76,Enterprise,0,0.31,The export tool's pricing has stayed fair even as multiple business units scaled up usage over the past month.,0
1c62576f-9192-4287-ade0-532bb7099d00,Julia Barber,qbarnes@example.com,56,Daily,55,Basic,10,0.85,Our finance team hasn't seen a single session timeouts on the collaboration tools in the past quarter - great reliability.,0
06697aee-0867-44cc-9ede-52eb35fe3ee2,David Jones,nelsonkaren@example.com,820,Daily,56,Pro,2,0.45,We reported broken links on the workflow builder the last onboarding round ago and it's still unresolved.,0
81d8c662-1f70-4c30-a99f-10e847eb0a6d,Thomas Murphy,alanmendoza@example.org,832,Daily,37,Pro,3,0.12,We reported failed uploads on the onboarding flow the last six months ago and it's still unresolved.,1
fd1c3960-573e-4860-bf5f-2e504ddc170f,Arthur Wells,melissa08@example.net,561,Weekly,23,Pro,4,0.34,Our procurement team specifically called out how dependable the search feature has been over the last six months.,0
f9602155-c982-46e3-9f2c-6ff76186d506,Mackenzie Stewart,vhall@example.org,210,Daily,50,Enterprise,0,0.74,"Given what a small team gets, the pricing on the admin console feels very fair.",0
29cbd288-505d-45d4-bd20-c4f49ebbbc38,Jonathan Jacobson,juliacook@example.org,660,Weekly,33,Pro,2,0.5,The recent improvements to the admin console have made a real difference for a 40-person team.,0
a330f5e7-5003-4d9c-b8e7-3703f7868c27,Eric Williams,riggsdavid@example.org,866,Rarely,3,Enterprise,2,0.48,The billing system continues to exceed our engineering lead's technical expectations after the past month.,0
d2cc5cad-ade3-4985-a347-ddf38769d2b8,Stacy Parker,huangwilliam@example.com,847,Daily,43,Pro,2,0.37,Our procurement team is really happy with how stable the analytics module has been over the past quarter.,0
1b9201e7-99e7-461c-be81-b7922a28d277,Brian Miller,amywright@example.com,717,Daily,58,Pro,9,0.64,"The API crashed again this cycle, on top of notification delays from the last billing cycle.",0
47e648ea-010a-4607-bfb2-ce3076e7b72a,Taylor Webster,laura74@example.net,13,Rarely,11,Enterprise,2,0.48,"We've escalated login errors on the admin console second time now, still no resolution.",0
c7fa72f8-2f38-4862-a987-b4edc2f9fb20,Jennifer Santos,ppetersen@example.org,771,Weekly,13,Pro,1,0.51,It shouldn't take several days to get a simple response from your account team.,0
9c549f71-926a-4ac0-9093-9a233ec4600e,John Golden,odean@example.org,949,Weekly,7,Basic,1,0.59,The reliability of the workflow builder over this quarter has genuinely earned our finance team's trust.,1
7b5cd43e-ec5c-4c0a-b34c-b84fed1b0324,Micheal Mitchell,barbara72@example.net,45,Daily,26,Basic,0,0.14,Our procurement team flagged that a lower-cost competitor offers similar the API functionality for less.,0
e9bba54d-69dd-4472-ae63-36b1d132907c,Charles Meadows,xtaylor@example.com,31,Weekly,47,Pro,9,0.68,Support acknowledged the dashboard glitches on the permissions system but several days later it's still broken.,0
f602cd5e-d109-4fc2-9896-ebcc00326866,James Roberts,tbranch@example.com,619,Rarely,12,Enterprise,0,0.51,A small team hasn't had much to report on the collaboration tools over several days.,1
a6d4c105-bfe0-4801-b207-1e259a99c63c,Claire Howe,andrew21@example.com,607,Daily,45,Enterprise,0,0.19,"General feedback: the collaboration tools is fine, session timeouts handling could be faster over the last few days.",0
848a19c6-7332-4526-84e3-e8c339d70689,Dawn Mcclure,emilywolfe@example.org,610,Weekly,42,Pro,1,0.69,The fourth outage of the onboarding flow in the last six months is starting to erode our trust.,0
cfaccb50-70dd-42d7-8a3a-b5a9a1a2e5ef,Rick Price,sarafigueroa@example.com,493,Rarely,11,Pro,0,0.18,We're being asked to pay more for the export tool while it hasn't meaningfully improved in the last few days.,1
88f02fdd-fb6f-4cb0-890e-cc93075a680e,Brandy Vasquez,hmeyer@example.com,310,Weekly,43,Basic,1,0.39,A growing team has had an unremarkable but functional experience with the notification system lately.,0
9391bffb-ce5e-42eb-96d5-06ade40b040b,John Costa,wking@example.com,181,Weekly,36,Basic,1,0.79,Our procurement team feels well taken care of after the last onboarding round as a customer.,0
4112be90-c380-4aef-acf8-6f8cf8ae9aeb,Brian Martinez,ohall@example.net,8,Daily,49,Basic,4,0.45,Nothing major to report on the search feature over the last few days - does the job as expected.,1
389a8f24-ff1b-4aaa-838e-4144f0dd764e,Richard Edwards,riveramargaret@example.net,1001,Weekly,5,Pro,1,0.47,Every time a growing team relies on the audit log it fails us. this week has been rough.,1
225276bd-3c75-4eee-a102-449e2a69ee49,Audrey Sheppard,joseph42@example.net,124,Weekly,24,Enterprise,0,0.47,The past quarter of intermittent notification delays on customer support has really hurt our workflow.,0
0770faad-5068-4b61-9438-2a2e3eb0abfb,Cynthia Harrison,osmith@example.net,295,Rarely,9,Basic,1,0.58,Every time our whole department relies on the notification system it fails us. the past year has been rough.,1
7040dbe1-3c64-4132-bc4c-064b5aa37f47,Lindsey Thornton,taylorle@example.org,1039,Daily,107,Pro,0,0.34,Support has been fantastic whenever our ops lead has reached out over the past year.,0
503fa887-dea2-4a19-979c-aa5afb280088,John Smith,castillosamuel@example.com,357,Weekly,17,Pro,3,0.31,Nothing major to report on the onboarding flow over the last onboarding round - does the job as expected.,0
94df7f41-6d75-41b1-8f86-8ae152380a9a,Wayne Suarez,craigcarolyn@example.com,42,Daily,24,Enterprise,2,0.44,A distributed team has been blocked by duplicate records on the admin console for the last billing cycle.,1
2168308b-9154-402f-b502-bc2910e31d5f,Stephanie Peters,christina56@example.com,1026,Daily,27,Enterprise,7,0.55,"We've escalated integration failures on the export tool fourth time now, still no resolution.",0
a63357ba-caa9-4ddb-a941-03e3fc844a9a,Cynthia Soto,wrhodes@example.net,234,Weekly,23,Basic,1,0.4,"Over the past few sprints, the collaboration tools has neither impressed nor disappointed our department head.",0
118e5e5a-ce31-4940-9d33-b8f1ef2edd91,Stephen Warner,paulcombs@example.org,457,Daily,21,Basic,3,0.53,The permissions system has been rock solid over the past month. our engineering lead is genuinely impressed.,0
770b7ca0-12e9-44c6-9b73-810d34dc8141,Brandon Vaughan,robert05@example.com,289,Daily,37,Basic,0,0.68,Overall a great experience for a 40-person team working with your team over the last billing cycle.,0
ad65b0d8-d706-4572-b96e-272d4566dd87,Lance Simon MD,maryharris@example.com,858,Daily,31,Pro,3,0.33,"For the price, a 40-person team is getting far more value than our IT team expected.",0
48acb123-f942-4db4-9796-2a1881d89af3,Ashley Johnson,vcontreras@example.com,691,Daily,26,Pro,2,0.65,The recent improvements to the mobile app have made a real difference for our whole department.,0
e4b26e61-7250-46f5-97fb-3b2fd84f63ef,Joseph King,richardsdarrell@example.org,1069,Weekly,21,Basic,4,0.58,Nobody has responded to our complaint about failed uploads on the integration in the last onboarding round.,1
15e3bcb4-f9c8-4169-b9a6-75bd48ca40ea,Sean Sawyer,kevinmoreno@example.net,952,Rarely,9,Pro,0,0.53,No strong opinion on cost yet from our department head - we'll reassess at the next renewal.,1
fc80bef4-4403-4b1a-93a6-05429018dd3a,Morgan Rangel,michaelsmith@example.org,801,Daily,77,Basic,0,0.42,Our account manager here feels well taken care of after the past month as a customer.,0
c67483a9-271a-413d-89e4-db6914dbf596,Kevin Moore,williamswilliam@example.org,680,Rarely,6,Basic,2,0.39,The fourth outage of the integration in recent weeks is starting to erode our trust.,1
0401d05c-827f-4063-9512-f86571e18820,Phillip Mcdonald,scottjeffrey@example.org,480,Daily,83,Basic,1,0.23,A 40-person team has had zero technical issues with the reporting dashboard over the last six months. It just works.,0
ab00ac94-0403-45ee-8ce7-14ec9de7e991,Sydney Rogers,yromero@example.com,362,Daily,84,Enterprise,1,0.74,Our whole department is a light user of the platform so hasn't formed strong opinions yet.,0
1b6aeb80-19b1-4e2c-a645-269c6730c5dc,Jessica Jones,barrettsteven@example.net,640,Daily,57,Enterprise,3,0.66,Notification delays on the export tool has been a recurring headache for several days.,0
643de5bd-3bf0-4bc0-a714-773490483489,Steven Smith,victoria16@example.net,170,Weekly,35,Basic,0,0.68,"Even under heavy load, the audit log held up well for our whole department over the last few days.",0
154e6baf-83d7-401f-bdf3-83b902fb7d7e,Jennifer Miller,thomasdawn@example.org,107,Daily,55,Basic,0,0.83,Our IT team feels well taken care of after the last billing cycle as a customer.,0
1b869a35-adb9-4b86-9cca-5a9ed578a44c,Marcia Dickson,hollywade@example.net,839,Weekly,39,Basic,4,0.57,The API continues to exceed our finance team's technical expectations after this quarter.,0
ac9b3fca-e4bb-45f6-a700-8246616ed708,Paul Morris,kendramcdowell@example.com,1007,Rarely,3,Pro,2,0.33,"Our engineering lead logged one instance of broken links on the onboarding flow during this quarter, resolved quickly.",1
7eede3cc-f27e-4252-b12e-d9b6115b9eb8,Amber Lowe,williammiller@example.com,412,Daily,94,Basic,1,0.41,The permissions system has been broken for the past few sprints and it's affecting a growing team.,0
fac17453-534c-4d66-b9cb-5e1caeca9e0e,Sheila Maxwell,kcox@example.com,795,Weekly,43,Basic,2,0.69,"Even under heavy load, the onboarding flow held up well for a growing team over the past month.",0
1994c824-994d-40f3-a628-2c532b61dbd0,Melanie Cline,villamartin@example.org,457,Daily,50,Pro,1,0.5,"Our account manager here is weighing at least two other vendors's pricing against ours, no conclusion yet.",0
e53524d7-9f87-46df-8fbf-4291df985325,Devin Turner,williamsmith@example.com,762,Weekly,31,Enterprise,1,0.49,The reliability of the audit log over the past year has genuinely earned our ops lead's trust.,0
b79038fa-2c24-4a31-9514-4460b4d8de5e,Shawna Valdez,dustin58@example.net,894,Daily,38,Enterprise,14,0.24,"The workflow builder crashed again this cycle, on top of integration failures from the last few days.",1
2be0b323-87cf-4dc8-bfa9-48a28c1e3a7e,Angela Rich,qdecker@example.org,865,Daily,29,Enterprise,16,0.06,This is the second time the last two weeks we've had trouble with the permissions system.,1
6e02414c-71fa-4def-946d-28340b04879c,Ariel Allen,beverlyhudson@example.net,302,Daily,50,Enterprise,2,0.41,"A general status update from our department head - no issues, no notable wins over this week.",1
5a5eb952-0a8b-4505-94ea-0b20b11c86e7,Danielle Taylor,cruzangela@example.net,887,Weekly,20,Pro,2,0.68,Nothing major to report on the mobile app over the last two weeks - does the job as expected.,0
181b3da0-ecd6-4d0a-add8-be2ca2b3d565,Tony Anderson,davidtorres@example.com,762,Rarely,12,Basic,4,0.59,The third outage of the reporting dashboard in recent weeks is starting to erode our trust.,1
a3d3fabf-2f31-4b12-8a05-774f311c42b8,Mrs. Christine Kline,joseflores@example.net,173,Weekly,45,Basic,4,0.19,The sixth outage of the workflow builder in this week is starting to erode our trust.,1
c882f4ff-2580-4a91-8159-1695be59e0da,Richard Tyler,erice@example.org,1072,Weekly,5,Basic,2,0.6,Our engineering lead is seriously evaluating a couple of competitor tools given the current cost over the past month.,0
29d547a7-5d93-46bc-a07c-470adca87cb5,Adam Miller,cortezhenry@example.com,689,Daily,19,Pro,4,0.72,Every time a distributed team relies on the collaboration tools it fails us. the last billing cycle has been rough.,1
8202cfe9-9386-4c76-8880-cd8f1865180e,April Brown,bevans@example.net,1049,Daily,33,Basic,6,0.22,Every time multiple business units relies on the reporting dashboard it fails us. the last few days has been rough.,0
ba6eef7b-4c70-4b57-8e4b-2383cce4193c,Margaret Vega,nsanchez@example.com,250,Weekly,46,Basic,1,0.81,The recent improvements to the integration have made a real difference for a growing team.,0
adce29e5-8343-43c1-8f96-1af5aa1cd569,Laura Shepherd,berryjeffrey@example.com,811,Weekly,50,Basic,1,0.77,Our engineering lead migrated a big workload onto the billing system and it performed flawlessly.,0
41bfd6d1-12c4-4443-a9d5-bf5a20f5e71e,Nicole Lloyd,dixoneric@example.com,819,Daily,83,Basic,0,0.44,The reporting dashboard scaled smoothly as a distributed team grew over this week.,0
52e432c2-d52c-4667-9471-a72fa6d8864f,Scott Allen,mhamilton@example.com,250,Rarely,8,Basic,11,0.15,"We've escalated broken links on the analytics module sixth time now, still no resolution.",1
622773df-6575-4c4a-a10f-071cea37e060,Rachel Peters,katherinebrown@example.com,423,Daily,37,Basic,1,0.23,We noticed login errors on the workflow builder once or twice during the last two weeks but it resolved itself.,0
9ef9c227-1864-4dbc-a6dd-d8e5ff5989d8,David Ortiz,tylerjeffrey@example.com,21,Weekly,58,Pro,3,0.28,Our department head is mid-review on whether the subscription cost matches usage from a growing team.,1
c3882213-bc7e-496e-b9a9-f7304c289840,Susan Walker,smithmatthew@example.net,1084,Daily,24,Enterprise,4,0.81,The last onboarding round of intermittent notification delays on the onboarding flow has really hurt our workflow.,0
82f3df40-5cf0-4999-854d-870a89a13ff0,John Estes,rodriguezashley@example.com,999,Daily,24,Enterprise,0,0.68,"The onboarding experience for a growing team left a lot to be desired, honestly.",0
bef9b510-baad-43ab-b311-da43f2c0ed39,Brian Griffin,johnnymartinez@example.com,579,Weekly,55,Pro,1,0.76,Our department head feels well taken care of after the past year as a customer.,0
9780f404-af05-4d70-bcc1-f4a2f7dc578e,Sarah Flores,burtoncharles@example.com,942,Daily,91,Pro,0,0.4,Our ops lead is exploring whether the onboarding flow could support a new workflow for a distributed team.,0
14a85366-0955-4f11-8eca-f6de92dc01c5,Gloria Phillips,higginsedward@example.net,1051,Rarely,12,Basic,4,0.11,A growing team has been blocked by session timeouts on customer support for the past year.,1
c06bf9fa-bcf6-49d2-bc9f-923086e6d29f,Donna Cruz,michael11@example.com,723,Daily,15,Pro,1,0.56,"Given what our whole department gets, the pricing on the onboarding flow feels very fair.",0
2545909b-d493-4975-88d0-02ba96947319,Julie Yates,riosandrea@example.net,308,Rarely,10,Basic,1,0.18,Our finance team is still deciding if the current plan tier fits our whole department's budget.,1
dfdc423c-cc23-49dd-85ea-7339db56cf5e,Mary Hayes,gardnerjames@example.net,361,Daily,41,Pro,8,0.54,Support acknowledged the permission errors on the workflow builder but the past few sprints later it's still broken.,1
3cca0860-8c09-400a-ac71-370cf2e6562f,Jonathan Rivera,hilljoseph@example.net,482,Weekly,35,Pro,0,0.57,No major updates from a small team over this quarter.,0
4ae2aef1-fb3a-4b9d-ac9f-803574e6cabd,Heather Gaines,marchatfield@example.org,687,Daily,15,Enterprise,1,0.79,"For the price, a growing team is getting far more value than our procurement team expected.",0
e21ce3d4-09a8-45b0-8e66-530d4c4b3b68,Danny Morris,dillon96@example.com,623,Daily,63,Enterprise,4,0.57,Support acknowledged the login errors on the audit log but several days later it's still broken.,0
3e4b74c6-bd39-46bd-ab7a-930e64936739,David Jones,jeremygarcia@example.com,1058,Weekly,11,Pro,15,0.37,We reported report generation errors on the collaboration tools the past month ago and it's still unresolved.,1
933563df-14e8-4135-a45a-c418e18a2cc7,Alex Johnson,jamiemendoza@example.org,891,Weekly,30,Basic,11,0.39,Multiple business units has been blocked by dashboard glitches on the audit log for the last few days.,0
50faf310-9296-49c2-8296-fcb0b32cc89a,Jose Bennett,tthomas@example.net,262,Daily,51,Pro,6,0.65,"The onboarding flow crashed again this cycle, on top of duplicate records from the last onboarding round.",0
41090716-9deb-4e2e-9060-abf250008eb5,Jesus Stewart,ericbeasley@example.com,1089,Daily,54,Pro,3,0.01,The collaboration tools is serviceable for a 40-person team; integration failures shows up occasionally but rarely blocks us.,1
14b9a3c4-f82b-4421-842e-0051696a6130,Heather Greer,george27@example.net,917,Weekly,29,Basic,1,0.48,Our IT team was quoted a much higher renewal rate the past month ago with no explanation.,0
d97868d5-b956-4886-bf8e-6b41d9dc2161,Michael Guzman,david19@example.com,172,Weekly,12,Basic,2,0.17,"The integration crashed again this cycle, on top of failed uploads from the last six months.",1
04784b2a-a3a0-4179-afd8-1d7ceea07770,Brittany Craig,coleryan@example.com,253,Daily,71,Enterprise,1,0.82,Our engineering lead asked a routine question about permissions in the notification system.,0
bf24037f-97b9-445a-932e-6840f5ca5aa0,Brian Holmes,michaelandrew@example.com,1042,Daily,42,Pro,1,0.08,Our procurement team compared against a rival platform and the pricing is roughly in line.,1
931f826c-5cba-4cf5-bd0a-567c8baa226d,Carla Hill,jasmine37@example.net,590,Daily,71,Basic,12,0.63,The collaboration tools has been broken for the last few days and it's affecting a growing team.,0
68a0c12d-95d6-4f71-aec8-ace90be90a5a,Eugene Pittman,qduke@example.net,849,Daily,64,Pro,0,0.23,Our procurement team renewed without hesitation - the price-to-value ratio on the reporting dashboard is hard to beat.,0
8c9bb1ae-43ff-4480-9321-219c46f33110,Amy Rose,kevin04@example.org,995,Weekly,13,Basic,0,0.03,Our account manager here is really happy with how stable the search feature has been over the last few days.,1
19b5e8a0-3798-425b-bb07-0d8e79708bb2,Aaron Marshall,marywhite@example.net,576,Weekly,50,Basic,4,0.58,We are locked out of the onboarding flow again during recent weeks - this keeps happening.,1
54d95fe0-9679-44a2-873c-63745e2207b8,Maurice Fernandez,elizabeth54@example.org,708,Rarely,13,Pro,3,0.4,Our ops lead specifically called out how dependable the onboarding flow has been over the past year.,0
59b99135-b28f-470c-bbe9-1d1ffbb7f23c,Michelle Olson,flemingearl@example.com,886,Weekly,38,Basic,0,0.51,"Our procurement team had a small question about customer support, support got back within the last onboarding round.",0
d42a6dd7-f31d-4338-bbed-63f621ac4e3d,Wayne Espinoza,cody60@example.net,9,Daily,55,Enterprise,0,0.56,Our finance team budgeted more for the billing system this cycle and considers it money well spent.,0
48a468a1-c91c-4be8-870d-23d6c0d5b49b,Catherine Moore,bushkirsten@example.net,395,Weekly,31,Basic,0,0.72,"Our engineering lead hasn't flagged cost as an issue for the search feature, but hasn't praised it either.",0
0cd136c8-dfba-4275-9414-c4aad7534e0b,Gabriel Stein,kentedward@example.org,861,Daily,45,Enterprise,1,0.65,No major updates from multiple business units over recent weeks.,0
b3a28d24-7520-465a-9ea1-5d632e4b8ede,Katrina Rich,brandihampton@example.org,263,Daily,89,Enterprise,1,0.19,A distributed team can't keep absorbing the cost increases on the permissions system seen over several days.,0
f59dcd19-56e1-4e1f-8bf2-8b5be1be5019,Kenneth Adams,washingtonglen@example.com,837,Weekly,21,Basic,1,0.75,Our procurement team looked at at least two other vendors recently and honestly this is the better deal.,0
013e6438-c04e-4b53-ad83-7dcbf19b3d75,Samantha Bradley,laura79@example.net,905,Daily,36,Basic,2,0.49,The renewal quote for the analytics module landed roughly where our IT team expected.,0
70408537-98bb-49ef-b599-d8b581d4a95b,Brandon Garcia,romeronicole@example.com,1008,Weekly,27,Pro,2,0.62,The export tool has been rock solid over several days. our account manager here is genuinely impressed.,0
6332f1ae-18c6-4031-aad5-ef8d6212281e,Gregory Davis,oscar99@example.net,536,Rarely,1,Basic,7,0.87,The performance of the billing system has been excellent for multiple business units throughout recent weeks.,0
70935943-baae-4eab-93df-867534b04574,James Campbell,veronicasmith@example.net,268,Weekly,2,Basic,4,0.35,Support acknowledged the failed uploads on the integration but this quarter later it's still broken.,1
34695107-920e-49e3-b402-33a9dbb98e02,Michael Montes,ricardo20@example.net,315,Weekly,20,Pro,6,0.79,"Our ops lead had a small question about the reporting dashboard, support got back within the past few sprints.",0
9b02d5d7-5add-455b-9a7e-5ac73eaf5ab8,Timothy May,kingdawn@example.org,698,Weekly,5,Enterprise,0,0.28,Is there a way for a growing team to bulk-export records across projects in customer support?,1
1d52ec1a-6b20-4e03-9044-19b0bab1ea0d,Andrew Richardson,williamsjoseph@example.org,911,Rarely,13,Pro,17,0.34,We reported integration failures on the mobile app several days ago and it's still unresolved.,1
f35b6e94-e65b-41f3-950b-d8e576ba15ad,John Young,marc01@example.org,504,Daily,45,Basic,12,0.3,Every time a small team relies on the notification system it fails us. this quarter has been rough.,0
7b4d57a7-1d5b-4a80-b11f-a2abf2606aa1,Pamela Harper,oharper@example.net,793,Daily,24,Pro,1,0.54,Our account manager here migrated a big workload onto the admin console and it performed flawlessly.,0
44051812-c502-49f8-be5a-9c63619d504d,Judith Rodriguez,beverly86@example.org,400,Weekly,2,Basic,0,0.28,"Multiple business units gets more than its money's worth from the permissions system, according to our department head.",0
d0751661-3bad-42af-9088-3b74f41e9d8a,Rhonda Allen,nlynch@example.com,418,Rarely,2,Pro,1,0.23,The overall experience over the past quarter has just felt neglected for a distributed team.,1
98b64fcb-ab11-4bbb-8e4c-edfb9e02beb1,Alison Johnson,harrismatthew@example.net,421,Daily,36,Basic,4,0.33,Support acknowledged the failed uploads on the collaboration tools but recent weeks later it's still broken.,1
a9843162-488c-4b52-b441-bc516442a8a9,Joshua Burgess,angela34@example.com,440,Weekly,47,Basic,1,0.4,"Pricing on the workflow builder seems reasonable, though our procurement team is still evaluating value for a growing team.",0
5ba727ac-1203-4add-8f0c-5469f8f040b3,Zachary Reed,mcisneros@example.org,1014,Daily,70,Enterprise,3,0.1,"The search feature performs adequately for a growing team, though there's room for polish.",0
8e8639af-fccc-4acc-8e61-b75d447327e9,Michael Gray,banksmichelle@example.net,828,Daily,15,Basic,0,0.6,We noticed dashboard glitches on the workflow builder once or twice during this quarter but it resolved itself.,0
2e5c1842-a6fa-4c6c-bfe5-5b2a89c8aed8,James Cook,brandonbeard@example.com,644,Weekly,3,Pro,3,0.5,Our engineering lead budgeted more for the integration this cycle and considers it money well spent.,0
fa2b1b1a-40d8-4919-a58d-9bf14181c68e,Barbara Chavez,thomasarnold@example.net,69,Weekly,55,Basic,10,0.45,This is the fourth time the past quarter we've had trouble with the workflow builder.,0
429a215a-ddc4-482a-b109-294a090046c1,Karen Mills,rojaskristin@example.net,669,Weekly,17,Basic,3,0.51,The reliability of the integration over the past month has genuinely earned our ops lead's trust.,0
e13e7d7f-6712-4182-8906-e51b99a0f5c3,Derek Palmer,sheila62@example.net,103,Weekly,8,Basic,0,0.34,"The permissions system crashed again this cycle, on top of integration failures from the last two weeks.",1
4360bf44-7eab-437f-bb0b-2f6878cdd302,Sarah Jefferson,nicolegallagher@example.com,902,Daily,16,Basic,3,0.22,Our engineering lead tested customer support over the past few sprints and it performed about as expected.,1
d62a10db-1ae3-4111-88b9-327ea2b68f79,Nicole Hicks,cjones@example.com,690,Weekly,54,Basic,1,0.71,The ROI on the notification system has been obvious to our finance team since the past few sprints ago.,0
753bc92d-b4bb-4f74-a876-adec3d8dc250,Kristen Lopez,williamstonya@example.net,851,Daily,71,Pro,8,0.49,"The search feature works fine overall, though we've noticed a few session timeouts over the last billing cycle.",1
e3a6cf3a-b389-47f8-92f9-c96ebc91f900,Richard Williamson,fescobar@example.com,463,Weekly,24,Basic,0,0.43,Our finance team ran the numbers and the export tool beats a rival platform on cost per seat.,1
7656b46d-839a-446c-8545-996ad94a3368,Nathan Taylor,meganday@example.net,559,Daily,28,Enterprise,2,0.41,We've had repeated data export bugs on the billing system for the last six months now with no real fix.,0
d167ccc1-c479-44e2-a61e-50a1e023330e,Sarah West,kayla98@example.net,923,Weekly,29,Pro,2,0.99,No issues to report from multiple business units over recent weeks - everything just works.,0
44af8e37-79e2-4f82-be42-3552f8fb265c,Susan Brown,xfreeman@example.net,385,Weekly,6,Enterprise,10,0.64,"The search feature met expectations for multiple business units across the last six months, nothing more to add.",1
1d06867a-4cbe-436e-bdb3-73ca27ae6fe3,Amy Lowe,donnaperkins@example.org,318,Rarely,13,Basic,6,0.43,Things have been mostly stable on the notification system for a growing team over this quarter.,1
caf4827b-c1a9-4591-b316-8bc36059269b,Jason Conway,danieltorres@example.com,1060,Rarely,14,Pro,2,0.06,The billing system has been rock solid over this week. our procurement team is genuinely impressed.,1
a3c2d987-8317-4b71-85cf-ffcf695667eb,Joshua Hernandez,alec87@example.com,215,Weekly,28,Pro,2,0.77,"The integration crashed again this cycle, on top of integration failures from this quarter.",0
0eee4e2b-2429-44a2-8936-bf954b4d031a,Jeffrey Eaton,ajackson@example.org,8,Weekly,30,Pro,20,0.23,Support acknowledged the broken links on the collaboration tools but the last onboarding round later it's still broken.,1
454d4791-0778-4060-900b-8e00d737f05a,Deanna Davis,xhansen@example.com,766,Weekly,27,Enterprise,2,0.59,"Over recent weeks, the workflow builder has neither impressed nor disappointed our department head.",0
9efe8116-728f-489a-9552-ff7426ca6431,Robert Ruiz,patrickmeadows@example.com,714,Rarely,9,Pro,3,0.53,Sync failures on the notification system has been a recurring headache for the past quarter.,1
9ad9c1d0-7374-47f8-9280-3130cc7b32bb,Austin Love,jgutierrez@example.com,319,Daily,15,Enterprise,7,0.59,We are locked out of the collaboration tools again during this quarter - this keeps happening.,0
5f045765-69ad-40e7-9fd3-28afe2c6cf4e,Gary Petty,karenmunoz@example.org,352,Weekly,27,Basic,3,0.65,Our ops lead is really happy with how stable customer support has been over the last billing cycle.,0
d4b5096b-14ba-4028-8d30-162c71f7dffb,Joshua Thompson,paulalane@example.net,427,Rarely,1,Basic,1,0.39,"Pricing on the audit log seems reasonable, though our ops lead is still evaluating value for a growing team.",1
338fe9e8-c4f9-4401-a371-274835d3c2c0,Alan Wright,christophercole@example.com,466,Weekly,35,Basic,5,0.71,"We've escalated dashboard glitches on the export tool third time now, still no resolution.",0
fecd0a4b-6570-4f50-a86a-e399376c4219,Jennifer Bartlett,kward@example.net,205,Weekly,11,Basic,2,0.36,We noticed login errors on the collaboration tools once or twice during several days but it resolved itself.,1
36f95465-6306-46ae-b279-2b71113b1934,Diana Gonzalez,powelllisa@example.com,803,Daily,54,Enterprise,0,0.58,A growing team has had zero technical issues with the billing system over the last two weeks. It just works.,0
4c9c9344-e43c-469c-880d-1fa965bd48cb,Dennis House,tinamartinez@example.com,983,Weekly,24,Pro,1,0.43,Customer support continues to exceed our ops lead's technical expectations after the last onboarding round.,0
fd1f9e8a-a263-42c4-8f96-835e30e0dd73,Felicia Myers,cynthia66@example.org,898,Weekly,9,Basic,1,0.34,"The admin console's pricing held steady over the last onboarding round, which kept our procurement team neutral on it.",1
1148cd8b-4dee-4dae-8efd-7e1f0d519360,Julie Smith,michaelwhite@example.org,41,Weekly,4,Basic,7,0.07,Nobody has responded to our complaint about slow load times on the integration in the last onboarding round.,1
b24854f9-cba8-4ffc-a9e9-12647c0b2090,Robert Sampson,ruizdeborah@example.com,697,Daily,26,Basic,0,0.53,We noticed dashboard glitches on customer support once or twice during the past few sprints but it resolved itself.,0
dcfb665c-841b-4134-8293-2772b5b45fb0,Jonathon Ryan,michellevasquez@example.net,679,Weekly,15,Enterprise,3,0.6,The recent improvements to the search feature have made a real difference for a 40-person team.,0
de6317d1-37a4-4d8c-85f2-ae9f197bd82c,Julie Humphrey,andrea57@example.com,821,Daily,15,Basic,6,0.47,"Over the last two weeks, the reporting dashboard has neither impressed nor disappointed our ops lead.",0
367d78e0-015a-4c33-9c86-c2c6cfc5408f,Allen Cooper,brittanycallahan@example.com,568,Weekly,13,Basic,1,0.39,"General feedback: the workflow builder is fine, report generation errors handling could be faster over the past year.",1
7f4ab3b9-c0ed-4994-9a99-9f1a3fcdc288,Michelle Jenkins,perezdavid@example.com,258,Daily,77,Pro,1,0.99,Our account manager here pointed out that the admin console's cost dropped relative to value over the past quarter.,0
b2cb5008-ca25-47d1-badf-8f236e31d1af,Donna Thomas,vincentjames@example.com,827,Daily,106,Pro,1,0.93,Everything from onboarding to support has gone well for a growing team over the last two weeks.,0
df5805bd-b53e-45d5-ad2e-3d4c52b2dea0,Dustin Merritt,robinsonpatty@example.org,532,Daily,55,Basic,0,0.56,Our engineering lead is exploring whether the reporting dashboard could support a new workflow for a distributed team.,0
4170c9d8-86f3-4522-95b0-2e5aac756ae9,James Flores,belljon@example.net,570,Weekly,19,Pro,0,0.79,Our ops lead hasn't seen a single API timeouts on the analytics module in this week - great reliability.,0
8897c084-93c8-46fb-9926-9e46a64699a0,Colin Gilbert,lsmith@example.net,96,Daily,27,Basic,1,0.87,Our department head looked at at least two other vendors recently and honestly this is the better deal.,0
54f61f27-9c62-41a0-8bca-3f1cf65969e9,John Combs DDS,robert59@example.org,97,Daily,98,Enterprise,0,0.56,Our IT team renewed without hesitation - the price-to-value ratio on the integration is hard to beat.,0
8ee4b203-00ee-4018-940c-04f5b81d54df,Larry Henry,yferguson@example.com,72,Daily,17,Basic,4,0.82,Our department head renewed without hesitation - the price-to-value ratio on the notification system is hard to beat.,0
0b7cede2-b412-4ac7-8f21-01b27ae2cdd9,Courtney Dominguez,gabrielagoodman@example.org,207,Rarely,4,Basic,4,0.16,The sixth outage of the onboarding flow in several days is starting to erode our trust.,1
85ba2008-ade5-4d0e-8f94-e38f06479f9b,Michelle Cruz,hurstsarah@example.org,455,Daily,60,Pro,12,0.55,The collaboration tools has been broken for the past quarter and it's affecting a small team.,0
3b45cd52-ff82-4044-b07f-c6f29281b3a8,Taylor Fowler,ihill@example.org,688,Weekly,46,Basic,0,0.99,Our engineering lead specifically praised how responsive support has been over the past month.,0
b977af3e-e479-4617-ac0b-88187eaf548a,Raymond Moore,monteschristine@example.net,19,Weekly,47,Basic,3,0.26,"Multiple business units gets more than its money's worth from the workflow builder, according to our department head.",1
c7ea3a8c-92a7-48ce-9084-191367467a7e,Andrea Arias,baileyjohn@example.net,492,Weekly,2,Basic,3,0.31,We're being asked to pay more for the workflow builder while it hasn't meaningfully improved in the past year.,1
86172569-9107-4abb-90b7-5a22d94f91d9,William Kaufman,pmorales@example.org,457,Weekly,22,Pro,0,0.71,Nobody has responded to our complaint about broken links on the analytics module in recent weeks.,0
fcf76ccc-2c92-4449-9f29-0a62528d82be,George Miller,middletonjason@example.org,929,Daily,61,Basic,0,0.33,Multiple business units has come to rely on the API precisely because it never breaks.,0
204b2736-4e6c-47b2-b8e9-d90fc4f1f6d4,Mathew Erickson,qanderson@example.org,127,Daily,46,Basic,3,0.46,The mobile app has been broken for the last onboarding round and it's affecting a 40-person team.,0
7e307aae-8046-4514-a182-50ca4ea696c5,Paula Williams,jacksonlarry@example.net,552,Daily,87,Enterprise,2,0.35,The broken links problem on the export tool has cost us real time over the last onboarding round.,0
ff8c6fe5-278b-4f15-8dea-50545e3c3c39,Kimberly Suarez,rkane@example.net,733,Weekly,24,Pro,0,0.47,"Cost feels fair enough for a 40-person team right now, though our engineering lead hasn't stress-tested it.",1
4ca2e81b-1151-4321-afec-cf037cd4614d,Veronica Zamora,emartin@example.org,576,Daily,26,Basic,1,0.53,"Our department head hasn't flagged cost as an issue for the onboarding flow, but hasn't praised it either.",0
0214ab85-681c-4f7d-af0d-c9aa66760379,Mrs. Leah Moore,emorrison@example.net,477,Daily,89,Pro,2,0.57,The performance of the mobile app has been excellent for a small team throughout several days.,0
48b52f15-ea24-45d4-9ca7-01b6f1c87d89,Maurice Evans,benjamin68@example.net,442,Rarely,9,Basic,8,0.48,We've had repeated sync failures on the analytics module for recent weeks now with no real fix.,1
3bb8ca52-7c9e-4c45-9b8d-5531daed289e,Joshua Murphy,rgarcia@example.org,579,Daily,52,Pro,1,0.51,"Our department head requested a walkthrough of the API for a new hire, nothing else to note.",0
821d666c-58b5-4ce7-809b-ac8b345e97d2,Kelly Scott,katherinemcguire@example.com,865,Daily,42,Pro,6,0.79,Every time a growing team relies on the search feature it fails us. the last billing cycle has been rough.,0
832b2b52-6547-4a21-8ba1-5938836896c2,Mr. David Stout,gwest@example.org,649,Daily,82,Pro,6,0.57,The cost-to-value ratio on the mobile app just hasn't worked for a distributed team over the past few sprints.,0
500c85a7-86d8-4eba-9025-43f086315413,Stephanie Smith,bethanykelley@example.net,18,Daily,60,Basic,0,0.24,The recent improvements to the notification system have made a real difference for a distributed team.,0
a7be8913-abe2-421b-ab59-c10350b3c9ce,Amy Kane,karensalazar@example.org,598,Weekly,52,Basic,0,0.46,Our account manager here is still deciding if the current plan tier fits our whole department's budget.,0
244ac984-22e6-4094-be76-7276ee4e9b03,Michael Giles DVM,robert41@example.com,285,Weekly,37,Pro,0,0.35,"A minor permission errors on customer support appeared during several days, low impact overall.",0
aa61443f-9534-41d7-b196-c491d7f48575,Melissa Martin,shepherdtaylor@example.org,1052,Rarely,9,Enterprise,10,0.29,"The audit log crashed again this cycle, on top of API timeouts from several days.",1
c122e05e-2760-4e0b-a42a-0e11f68e9c45,Ashley Fuller,xwolfe@example.net,539,Rarely,2,Enterprise,0,0.16,Multiple business units has been blocked by dashboard glitches on the integration for the last two weeks.,1
125b4bdd-74aa-496f-86f5-8ad62f3cfedb,Melissa Smith,jamesdarlene@example.net,179,Weekly,54,Basic,1,0.92,Our engineering lead appreciated the proactive outreach from your side over the past month.,0
99698678-9b95-4150-b797-beb3d168f033,Alexander Serrano,jessicasanchez@example.net,213,Weekly,33,Enterprise,0,0.75,Overall a great experience for a distributed team working with your team over the past quarter.,0
14ba4085-3c92-45a8-8a4a-1e92ad2c16f9,Patrick Nash,perkinsadam@example.net,305,Rarely,12,Basic,8,0.01,This is the second time the past year we've had trouble with the reporting dashboard.,1
e96a63db-ca8f-4bd1-b425-e648b2b8c1ac,Sarah Washington,loriblack@example.net,13,Weekly,34,Basic,0,0.86,A 40-person team can't keep absorbing the cost increases on customer support seen over the past month.,0
1382dd85-2857-49f4-93ea-2c8c19788d97,Tammy Smith,brandon07@example.net,628,Weekly,6,Basic,1,0.07,"The reporting dashboard crashed again this cycle, on top of session timeouts from the last onboarding round.",1
89f00b73-80a6-4d69-bb40-808d1f740cad,Michelle Fisher,rwagner@example.org,680,Weekly,56,Basic,3,0.59,A distributed team has had zero technical issues with the workflow builder over the last two weeks. It just works.,0
f545b3fe-9ed9-445d-bf00-e9bff7f1463b,Edward Bennett,jesus65@example.net,116,Rarely,13,Pro,2,0.15,A small team is a light user of the platform so hasn't formed strong opinions yet.,1
5cff158e-2f99-4f05-9ca0-d1c337ed5b24,Peter Cook,rachel87@example.com,63,Daily,47,Pro,1,0.49,"Onboarding a 40-person team took far longer than promised, dragging on for several days.",0
55060136-af1c-4f75-9d76-6cc09e776c1a,Mackenzie George,carolhogan@example.org,25,Daily,52,Pro,8,0.27,The notification system has been broken for the past month and it's affecting a 40-person team.,1
b124eb5f-98a0-4a73-a6c7-3236c6e05dcf,Roger Underwood,emilyunderwood@example.org,478,Weekly,5,Pro,0,0.42,Budget conversations about the integration have been low-key for a 40-person team over recent weeks.,1
3e3a8fa9-1348-4570-9953-8d597c117a86,Hunter Williamson,eric49@example.net,895,Daily,114,Pro,0,0.3,"A general status update from our department head - no issues, no notable wins over the past few sprints.",0
df6e3b15-c777-4cbc-a640-12e0bb99d972,Christopher Rosario,catherinereyes@example.com,621,Daily,22,Pro,9,0.07,Support acknowledged the data export bugs on the export tool but the past month later it's still broken.,1
ca3c77fc-e252-4ea9-86b1-ef77b0a903ee,Joyce Baker,jonathanelliott@example.com,24,Weekly,46,Pro,2,0.31,"For the price, a growing team is getting far more value than our finance team expected.",0
b6eda50f-ea49-4699-805e-aaf515486bc6,Dr. Dennis White,chaserobin@example.net,118,Weekly,38,Basic,0,0.34,Billing on the billing system keeps creeping up and it's hard to see the added value over the past year.,1
8b872c28-feb1-469e-a4ff-98f567b286ac,Gregory Mueller,susanmason@example.com,657,Daily,44,Pro,0,0.81,The subscription cost is more than justified by how much time the billing system saves a 40-person team.,0
819b5f88-ca09-41f9-8312-10d2fc735962,Austin Ramirez,oconnellcrystal@example.net,16,Daily,19,Enterprise,1,0.77,Communication from your team has been inconsistent over several days.,0
6469324d-e210-4093-a457-030afe16135a,Darren Walsh,molly55@example.org,944,Weekly,55,Basic,0,0.25,"Our ops lead had a small question about the collaboration tools, support got back within the past month.",1
941eb382-a892-4f3d-a860-9ea95d66c3b1,Drew Taylor,anthonydowns@example.com,842,Weekly,20,Basic,18,0.68,API timeouts on customer support has been a recurring headache for this quarter.,0
ac53d453-659d-4761-8a73-8fea7075e7c4,Chris Durham,sperez@example.com,39,Daily,47,Enterprise,1,0.39,Our ops lead is really happy with how stable the billing system has been over this quarter.,0
7f879793-f1ee-448d-9e8f-c8367c11450c,Tyler Brandt,calvin11@example.net,192,Daily,49,Pro,1,0.59,We've had repeated slow load times on the onboarding flow for the last two weeks now with no real fix.,0
d5fc6b5b-4775-447a-b49b-721d107c2581,James Taylor,tabitha36@example.com,608,Weekly,8,Basic,20,0.54,The admin console has been broken for the last six months and it's affecting multiple business units.,1
02e1e4b2-45f4-48d0-862b-518263a4f27f,Tara Anderson,jessemccullough@example.org,38,Daily,20,Pro,0,0.33,The reliability of the export tool over the past month has genuinely earned our finance team's trust.,0
3f17364b-591b-43cd-864e-5875b1c096f6,Laura Gibson,angela69@example.com,527,Daily,54,Pro,0,0.99,Support response times have been unacceptably slow over the last six months.,0
52c4ada2-1767-4de0-b3f4-4e091202f9ea,David Mckee MD,qsilva@example.net,16,Weekly,11,Pro,4,0.66,Integration failures on the billing system has been a recurring headache for the last few days.,1
95bf7f0d-0cf4-4b2d-a68d-dc59760ce447,Adam Thomas MD,josephherrera@example.net,1032,Daily,36,Pro,1,0.47,The performance of the onboarding flow has been excellent for a distributed team throughout the last onboarding round.,0
fa0833c0-cb3c-4d4a-b708-bfbe9ccc51b4,Sydney Serrano,amandathomas@example.org,1038,Weekly,36,Enterprise,8,0.12,The report generation errors problem on the onboarding flow has cost us real time over this week.,1
c005de62-773d-49c6-9381-82420e015505,Patrick Arroyo,kylejames@example.net,380,Daily,110,Basic,1,0.43,"Compared to another provider in this space, the onboarding flow is genuinely the better value proposition for a 40-person team.",0
b00461b7-cae5-4eee-8431-270057024493,Thomas Hartman,nicholsrichard@example.net,525,Daily,36,Enterprise,0,0.56,Support acknowledged the permission errors on the permissions system but recent weeks later it's still broken.,0
8987389f-5238-4d53-8c26-0d4c6992a175,Christopher Pittman,william02@example.net,811,Daily,40,Basic,1,0.31,A growing team switched from a lower-cost competitor and the cost savings alone justified it.,0
b4c2904b-e80c-40e8-a3cf-9b03d2f00e4a,Charles Grant,elizabeth20@example.net,314,Rarely,2,Pro,2,0.54,The analytics module has been broken for the past quarter and it's affecting a growing team.,1
c8190a49-1ef9-4bd7-87c0-44d2504fbfa8,Katherine Bolton,hollysmith@example.org,1007,Weekly,33,Pro,3,0.79,Our engineering lead specifically called out how reasonable the renewal cost on the billing system was.,0
ef96e574-d80d-4c17-b38b-3c5f72b9e5c6,Stephanie Smith,phillipcox@example.net,324,Daily,48,Pro,0,0.3,Our IT team has been consistently happy with the service over recent weeks.,0
758d8e97-3015-4ba1-9cb0-0fc4ed032e9e,Daniel Brown,eproctor@example.com,518,Daily,39,Pro,3,0.58,The collaboration tools scaled smoothly as multiple business units grew over this quarter.,0
0ab745b1-c477-4a6c-a43f-040c3f0e2bc6,Evan Allen,nathanpatton@example.com,505,Weekly,58,Pro,1,0.67,Our account manager here budgeted more for the mobile app this cycle and considers it money well spent.,0
8cc545e2-26ef-4d69-a652-53397e23189d,Dustin Williams,williamschristina@example.org,134,Rarely,5,Basic,0,0.5,"Given what a 40-person team gets, the pricing on the workflow builder feels very fair.",0
545a2b58-507b-4895-9058-ab77bbdbe67a,Mark Walker,lphillips@example.com,184,Rarely,5,Enterprise,8,0.4,A growing team has been blocked by integration failures on the workflow builder for the past few sprints.,1
a8159099-fe07-4b66-a980-db126a5906f3,Willie Rogers,mmarquez@example.org,441,Rarely,6,Enterprise,1,0.25,"The workflow builder met expectations for a distributed team across the last two weeks, nothing more to add.",1
6a541d63-12b2-4288-96c1-c943458cb903,David Collins,emily45@example.com,267,Daily,72,Pro,1,0.99,Multiple business units has had zero downtime issues with the billing system in the past year.,0
e82e9a34-bc75-4ca9-b3f9-4d909d877658,Heidi Hernandez,lfranklin@example.org,343,Weekly,42,Basic,0,0.67,A distributed team has had zero technical issues with the onboarding flow over the last six months. It just works.,0
b07a3760-1e8b-4df6-8121-f361497b9610,Amy Huffman,garzawilliam@example.org,655,Weekly,3,Basic,2,0.78,"Our IT team hasn't flagged cost as an issue for customer support, but hasn't praised it either.",0
80f2a438-189b-4e9a-9f00-5c4e688acc57,Dawn Lewis,jgriffin@example.com,986,Weekly,12,Basic,1,0.56,Sync failures on the workflow builder has been a recurring headache for the last few days.,1
93ef13dd-94a8-4a30-83f6-2560a0bbd895,Kelsey Duarte,lindsaymartinez@example.com,26,Weekly,10,Pro,1,0.12,Nothing major to report on the integration over the past few sprints - does the job as expected.,1
1e620e08-a235-40f4-8243-eb1033cb53bf,Marissa Gray,saundersheidi@example.net,741,Weekly,41,Pro,2,0.41,Our procurement team specifically called out how dependable the search feature has been over the past month.,0
c88d1d7f-8316-4eae-82db-de764fca8d6f,Charles Lindsey,dickersonrobert@example.net,1009,Daily,41,Basic,1,0.33,No issues to report from a growing team over several days - everything just works.,0
22a53db1-bcbe-4265-a0e0-de8b2be68249,Jeffrey Clark,gwilliams@example.com,301,Weekly,5,Basic,5,0.51,We are locked out of the permissions system again during several days - this keeps happening.,0
12d9c69d-5244-44bb-8ecb-87fa26c3f743,Joseph Russell,shane27@example.org,559,Daily,23,Basic,0,0.39,Our finance team pointed out that the integration's cost dropped relative to value over the past year.,0
3d4ea4c5-4ee2-4a9e-ab53-7dab63f8cc87,Charles Smith,fergusonbrandi@example.net,537,Weekly,11,Enterprise,2,0.62,The export tool has been broken for the last onboarding round and it's affecting a distributed team.,1
1fae1d6a-a647-4168-8123-a247444553ca,Michael Dalton,andrewwilliams@example.org,753,Weekly,46,Basic,1,0.67,We're being asked to pay more for the analytics module while it hasn't meaningfully improved in the last billing cycle.,0
695477b1-bbc1-427c-adc2-0409e679ffaf,Patricia Preston,nwilliams@example.com,35,Daily,109,Enterprise,2,0.11,Things have been mostly stable on the permissions system for a small team over the past quarter.,1
2bcf2c79-fb74-4813-818e-693b3a8594cb,Stephanie Bryant,vcrosby@example.org,715,Weekly,1,Pro,18,0.15,The fourth outage of the permissions system in recent weeks is starting to erode our trust.,1
7ba156a9-0478-4c8c-8a72-25d96f329d16,Emily Ford,mcguirejoel@example.net,323,Rarely,14,Pro,0,0.19,"Cost over the last billing cycle is about what our ops lead expected - no complaints, no major praise.",1
25bea0d8-834c-4b6c-8fb8-f6b66d2e441a,Jerry Stewart,bradleykrause@example.org,80,Daily,49,Pro,14,0.99,We reported report generation errors on the integration the last few days ago and it's still unresolved.,0
124e345e-9406-4347-8e3e-27f352a4af95,Jodi Nelson,qvillarreal@example.net,958,Daily,39,Basic,1,0.68,Our procurement team renewed without hesitation - the price-to-value ratio on the admin console is hard to beat.,0
Customer_ID,Name,Email,Account_Age_Days,Login_Frequency,Daily_Usage_Mins,Plan_Tier,Support_Tickets_90Days,API_Utilization_Rate,,Churn
a8b2ac22-dd31-483e-8672-592b7089138f,Brenda Grant,dhanson@example.com,790,Weekly,28,Enterprise,4,0.36,The audit log scaled smoothly as a small team grew over the last six months.,0
320c00d8-9b88-44f6-ab57-d46976740ca1,Christopher Wells,awatts@example.net,399,Daily,28,Basic,2,0.81,"The notification system met expectations for a distributed team across the last onboarding round, nothing more to add.",1
0c6e183c-4af4-4062-b0aa-875f47a0e0d1,Robert Raymond,medinaerika@example.org,646,Daily,110,Basic,0,0.82,"Our engineering lead hasn't flagged cost as an issue for the reporting dashboard, but hasn't praised it either.",0
c4cf3a80-cbbe-47c5-8340-ef8d149607a7,Glenda Irwin,aramirez@example.org,113,Weekly,21,Enterprise,1,0.64,Our IT team migrated a big workload onto the audit log and it performed flawlessly.,0
366001d6-9bec-4667-b80c-18045a682f7f,Alyssa Luna,bergeramanda@example.org,322,Weekly,7,Pro,15,0.31,Support acknowledged the integration failures on the API but this week later it's still broken.,1
d931ad6a-f9fc-487a-bd00-805a82ecc4e4,Melissa Delgado,seanhall@example.org,8,Daily,40,Pro,1,0.99,The ROI on the billing system has been obvious to our department head since the last two weeks ago.,0
e1d91669-02c9-4dd4-8f06-3177c0107217,Krista Lamb,john17@example.net,436,Rarely,3,Basic,5,0.36,Our ops lead specifically called out how dependable customer support has been over the last few days.,1
a9f93d7a-8cc8-4c46-9348-82395506e2ad,David Perry MD,michelle51@example.net,973,Weekly,20,Basic,0,0.48,Our finance team is still deciding if the current plan tier fits multiple business units's budget.,0
142feff0-2907-4811-ad26-3fcf32a1bd88,Mark Orr,boyledean@example.org,305,Daily,25,Basic,1,0.57,Our finance team is mid-review on whether the subscription cost matches usage from a distributed team.,0
a02ede81-ca19-4be9-bd73-77a1ed9e556a,Luke Villarreal,ecarr@example.com,26,Daily,35,Enterprise,0,0.58,Our ops lead wanted to confirm the API's roadmap for the next the past few sprints.,0
2190bee5-f773-4b43-ae2e-1245bed8e90f,Dawn Maxwell,thomas73@example.net,726,Rarely,9,Basic,4,0.34,Our finance team was impressed the integration handled recent weeks of peak usage without issue.,1
476bf256-be53-45bd-ae30-bbcd57a1bf00,Craig Rodriguez Jr.,amandahayes@example.net,911,Daily,18,Pro,0,0.62,"The export tool works fine overall, though we've noticed a few duplicate records over the past year.",0
71710db6-9610-4f22-b194-e5c5e658c8b4,Sue Evans,tina82@example.org,1017,Rarely,7,Enterprise,2,0.33,Nothing major to report on the admin console over the last few days - does the job as expected.,1
633366ac-e2ca-437e-94b5-093c08fb967b,Jennifer Diaz,fhaas@example.com,791,Daily,17,Pro,0,0.52,"The onboarding flow performs adequately for a distributed team, though there's room for polish.",0
b8874e79-a4ee-4866-a053-df3582ecd684,Carolyn Flynn,aaronmiles@example.com,599,Daily,46,Pro,0,0.63,Our engineering lead is really happy with how stable the API has been over the past month.,0
ed4acb2c-29f5-48e8-8e20-f2515c97b7f3,Michael Johnson,michael48@example.org,19,Weekly,26,Enterprise,0,0.7,We reported API timeouts on the integration the last two weeks ago and it's still unresolved.,0
287e178a-dbe2-4be9-b5ad-69457f4cc43c,Matthew Henson,usampson@example.net,691,Rarely,1,Basic,20,0.19,We reported notification delays on the onboarding flow the past year ago and it's still unresolved.,1
cb0e1476-d5f7-4fd5-a2b0-61650b804d8a,Jacob Kelly,stewartmelanie@example.com,496,Rarely,11,Pro,1,0.43,Our whole department has had an unremarkable but functional experience with the mobile app lately.,1
267a98ef-9175-42c3-bf50-8a2cb33638f4,Ian Sanchez,matthewcarroll@example.org,691,Daily,32,Pro,5,0.07,"Our engineering lead had a small question about the billing system, support got back within the last two weeks.",1
19bd9289-3759-47e3-b05e-4b7384965138,Elijah Jones,karen56@example.com,8,Daily,57,Basic,0,0.57,The reporting dashboard scaled smoothly as our whole department grew over the last billing cycle.,0
9841c68b-3961-4a2a-920f-1e3b52884f2a,Todd Young,justinwells@example.com,64,Weekly,57,Enterprise,1,0.44,Our ops lead would recommend this to other teams after the last two weeks of good experience.,0
77b9d760-960e-436d-af6f-66b3f9c9568f,Todd Bernard,egonzales@example.org,922,Weekly,27,Basic,1,0.52,The ROI on the audit log has been obvious to our engineering lead since several days ago.,0
8f458168-e752-43d6-bcb4-5ed5066c03fe,Michael Crawford,whitelaurie@example.org,98,Rarely,2,Basic,1,0.14,Recent weeks of intermittent failed uploads on the export tool has really hurt our workflow.,1
1b93c0e3-4f3e-4f80-b1e8-e26195dffe14,Robert Wilkerson,mcconnelljoshua@example.net,710,Weekly,51,Basic,4,0.46,We noticed notification delays on the integration once or twice during several days but it resolved itself.,0
4891b498-40b1-482c-b280-18d11d12e8bd,Elizabeth Koch,ricky89@example.net,152,Daily,38,Pro,1,0.4,Multiple business units has come to rely on the admin console precisely because it never breaks.,0
066a630e-297a-41c1-8f60-c5b1b0fd6836,Traci Cooley,nkelley@example.net,466,Weekly,41,Enterprise,2,0.91,"For the price, a growing team is getting far more value than our finance team expected.",0
e38d6207-6f89-42d0-a066-3ab32631d9e5,Paul Marks,qadkins@example.org,366,Rarely,2,Enterprise,9,0.01,"The notification system crashed again this cycle, on top of data export bugs from the past month.",1
d196e3f5-dfd0-4276-b268-b68d32cc514c,Amy Horne,heathgordon@example.net,747,Weekly,10,Pro,9,0.57,We reported dashboard glitches on the permissions system the past month ago and it's still unresolved.,1
3583d8de-3221-4749-a147-8c6eb51459e4,Derek Herrera,hawkinscheryl@example.net,892,Weekly,13,Basic,9,0.35,This is the second time recent weeks we've had trouble with the admin console.,1
3b59a09c-47de-466e-b35d-a2e957108705,Bradley Smith,wilkinsonryan@example.net,1044,Daily,81,Pro,2,0.57,Our IT team specifically called out how dependable the billing system has been over the past quarter.,0
10c0a861-416c-4712-bbf8-83290040f53b,David Smith,zrivera@example.org,112,Weekly,8,Enterprise,4,0.24,"Nothing to flag from multiple business units this cycle, just a standard usage update.",1
dfcdc79d-6dc7-4408-ab1c-6ed27a858ce0,Michael Cisneros,kenneth67@example.com,330,Rarely,8,Pro,0,0.65,Our ops lead compared against a lower-cost competitor and the pricing is roughly in line.,1
1f662f05-2d10-409b-aa85-1ba0f370448e,Walter Schneider,zboyd@example.net,440,Weekly,1,Basic,1,0.18,"Our engineering lead is weighing another provider in this space's pricing against ours, no conclusion yet.",1
e4cbef17-9252-4677-99a4-c0b480cee59f,Ryan Schroeder,tatevictoria@example.net,1083,Weekly,55,Pro,1,0.87,Multiple business units switched from at least two other vendors and the cost savings alone justified it.,0
dac68d9e-8566-4e5e-b782-91cc61557d5f,Jonathon Ross,jason47@example.org,801,Daily,23,Enterprise,0,0.74,The API continues to exceed our finance team's technical expectations after the last two weeks.,0
cb2069a6-ecff-4448-a117-36705090922f,Riley Mann,megan97@example.net,139,Rarely,12,Pro,4,0.99,The ROI on the notification system has been obvious to our department head since the past quarter ago.,0
011aa820-985d-4656-83af-85db9cc3a6eb,Kimberly Pennington,fosterjohn@example.com,968,Weekly,47,Basic,1,0.4,"General feedback: the onboarding flow is fine, API timeouts handling could be faster over the past quarter.",0
40a784d4-02bf-42a1-b8b7-60d7a5d7c4c3,Jacob Wright,thomasanna@example.com,570,Daily,105,Enterprise,0,0.54,We noticed API timeouts on the analytics module once or twice during the past month but it resolved itself.,0
749507b2-9224-4cf5-8f99-e23b7834227a,Rachel Tran,timothy89@example.com,383,Weekly,39,Enterprise,2,0.57,"For the price, multiple business units is getting far more value than our procurement team expected.",0
1cb9244d-6932-439b-be04-b15bbb87ee92,Ms. Maria Cross DDS,yheath@example.org,382,Daily,58,Pro,1,0.56,No strong opinion on cost yet from our finance team - we'll reassess at the next renewal.,0
c270df01-f3b3-4d89-8c24-bd697b482470,Dr. Dawn Shaw,crystalmarshall@example.org,917,Rarely,12,Enterprise,2,0.42,The overall experience over the last two weeks has just felt neglected for a distributed team.,1
9094fd46-3b61-4966-8d7b-e04a28d5944d,Sarah Peck,usharp@example.org,835,Weekly,6,Enterprise,14,0.24,This is the second time the last two weeks we've had trouble with the export tool.,1
dde6d382-1cea-4c46-9cd8-fb752f05edfa,Lawrence Smith,jsmith@example.net,506,Rarely,4,Basic,13,0.44,The export tool going down during the last billing cycle caused real disruption for a 40-person team.,1
96b25ad1-2e0e-4904-9aa3-be79ec6ddaa7,Holly Montoya,amber97@example.org,575,Daily,68,Enterprise,1,0.74,Our department head is really happy with how stable the API has been over this week.,0
26e73d72-c6fe-4662-8b7a-a6934d7c5574,Michelle Cameron,paulbonilla@example.com,446,Weekly,15,Basic,2,0.37,"Over the past month, the collaboration tools has neither impressed nor disappointed our department head.",1
f1e364e8-66a7-44ac-ad34-889fae244a73,Herbert Price,melaniebraun@example.net,698,Daily,65,Basic,0,0.67,The performance of the permissions system has been excellent for our whole department throughout the last six months.,0
e7ed2355-c9fa-4431-a96e-f1ef076b7ab3,Richard Delgado,james91@example.com,903,Daily,27,Pro,0,0.47,Our department head has been consistently happy with the service over this quarter.,0
e7bec420-d2e8-4f8e-9314-c0011f77cc03,Jamie Osborne,yreyes@example.org,56,Weekly,42,Enterprise,1,0.57,Our finance team specifically praised how responsive support has been over recent weeks.,0
45a1900f-41f5-49ef-9a8f-ffdde1689fe6,Robin Gonzalez,thomasveronica@example.com,1049,Weekly,1,Pro,1,0.37,The account team has been proactive and easy for our engineering lead to work with.,1
144e0df3-ec1e-4d5f-9f1c-95912357aa14,Todd Griffin,ghutchinson@example.com,894,Rarely,1,Basic,2,0.01,"General feedback: the export tool is fine, permission errors handling could be faster over the past year.",1
d382d5b8-c1ae-4389-94cd-25c3e056a1df,Ashley Swanson,pcantu@example.org,676,Weekly,3,Basic,1,0.37,"We've escalated report generation errors on the onboarding flow third time now, still no resolution.",1
0950497b-6411-448a-a3aa-94b013a20fca,Michael Williams,pamela27@example.org,415,Daily,40,Enterprise,12,0.26,This is the sixth time the last few days we've had trouble with the permissions system.,1
8109d3f7-54a7-40dc-87ac-061c275d93fa,Steven Parks,katherine47@example.com,47,Daily,113,Basic,2,0.92,"Given what a small team gets, the pricing on the mobile app feels very fair.",0
0a3b88de-211b-439b-843f-f9ad37ef7b0a,Steven Gaines,smiller@example.org,792,Weekly,27,Enterprise,5,0.49,We reported notification delays on the export tool the last onboarding round ago and it's still unresolved.,0
3fc522f5-5b2c-41ac-bad2-8267c117db07,Valerie Kelly,wmoore@example.com,344,Daily,60,Basic,4,0.83,Our ops lead flagged that a cheaper alternative offers similar the onboarding flow functionality for less.,0
e16da087-51d9-4771-8092-ecbc028b5f68,Andrea Ramirez,mariagonzalez@example.com,939,Daily,25,Basic,4,0.33,Our department head compared invoices from the last onboarding round and the cost trend is concerning.,0
1ff72578-d2e4-477c-bc2e-fcf34228319d,Matthew Snow,vstone@example.com,751,Rarely,14,Basic,5,0.65,Our IT team is close to recommending a cheaper alternative purely on cost grounds.,1
abbf1cf4-3666-4d6c-b82b-1837790b6a80,Nicole Baker,seanedwards@example.org,601,Daily,101,Basic,0,0.36,The ROI on the billing system has been obvious to our engineering lead since the past year ago.,0
5daae4db-4dac-4a48-b547-80d387782dce,David Davis,robert83@example.net,1049,Daily,45,Pro,0,0.11,Our department head noted the price of the mobile app without much reaction either way over the last billing cycle.,0
55356259-8bde-466b-a3a5-f5356d55efa6,Angela Roberts,angela04@example.org,395,Daily,51,Basic,1,0.81,A small team has had zero downtime issues with the collaboration tools in the last few days.,0
7562dcdc-a235-4f21-ad61-12ca5fe2d63e,Rebecca Page,collinsthomas@example.com,1023,Rarely,7,Basic,1,0.51,Every time our whole department relies on the reporting dashboard it fails us. the past few sprints has been rough.,1
4533c4b8-d182-4a5d-9982-3c2fd498e8b7,Jonathan Johnson,brittany98@example.net,237,Weekly,23,Pro,10,0.35,A 40-person team has been blocked by report generation errors on the permissions system for the last few days.,1
98a0652d-01e5-4ef4-99c1-593a59c5b29f,Julie Cohen,tammywhite@example.com,873,Weekly,51,Pro,0,0.4,Our procurement team is really happy with how stable customer support has been over the last six months.,0
5d05a874-289f-44c9-a3d0-01d2eb9b5dd6,Jennifer Watts,manningangela@example.org,874,Daily,53,Basic,0,0.73,Our department head budgeted more for the billing system this cycle and considers it money well spent.,0
ac26d426-a821-4ac9-bb65-bfd466f413c1,James Lewis,mark45@example.net,175,Daily,112,Basic,2,0.69,The recent improvements to the export tool have made a real difference for a 40-person team.,0
13130b4e-d334-4320-a325-5650405f05cc,Mercedes Barker,davidalexander@example.com,979,Weekly,18,Basic,0,0.63,"Our engineering lead requested a walkthrough of the API for a new hire, nothing else to note.",0
c63f5401-e8d1-41ae-9851-0dd1167f5a28,Adrienne Jenkins,amy53@example.net,1052,Weekly,51,Pro,0,0.5,"General feedback: customer support is fine, integration failures handling could be faster over the past month.",1
7fa75527-315f-476e-b947-2dc09384a375,Victoria Garcia,brianna01@example.net,1080,Rarely,5,Enterprise,3,0.65,Support acknowledged the slow load times on the admin console but the last few days later it's still broken.,1
830052aa-399d-4c7d-9d40-cea1f700f1b7,Zachary Davis,kgonzales@example.org,131,Daily,19,Basic,0,0.65,Our finance team is close to recommending a cheaper alternative purely on cost grounds.,0
1aa9d433-3d5b-4145-b474-88473606a008,Phillip Hendrix,tprice@example.org,923,Daily,15,Pro,1,0.48,A distributed team has had zero downtime issues with the mobile app in the last two weeks.,0
50ab96fb-f120-4142-a8ca-9ee798fb00ae,Douglas Hicks,mary25@example.org,818,Daily,19,Pro,4,0.47,A 40-person team has come to rely on the API precisely because it never breaks.,0
d2c0272d-b5a6-482c-9e2a-8407308ceef7,Randy Watson,melissarichardson@example.com,830,Daily,52,Enterprise,3,0.35,A growing team has been blocked by data export bugs on the integration for the past year.,1
248c628a-c26a-461b-9653-13763c63345c,Eric Wagner,taylorcarla@example.org,102,Weekly,31,Pro,2,0.75,Our procurement team migrated a big workload onto customer support and it performed flawlessly.,0
f67cabaa-ded5-4241-becb-dbcfa84abb2c,Mrs. Brittney Lowe MD,obarnes@example.org,921,Weekly,57,Enterprise,7,0.64,Nobody has responded to our complaint about dashboard glitches on the integration in this quarter.,0
7a562e61-acf3-4b4f-8189-9e2743977f37,Richard Taylor,armstrongmichele@example.org,265,Rarely,5,Pro,19,0.2,Support acknowledged the data export bugs on customer support but the last two weeks later it's still broken.,1
de4a94be-4720-49c4-9b23-997c594e6178,Crystal Williams,paulgreen@example.net,173,Daily,110,Pro,1,0.59,Our ops lead ran the numbers and the export tool beats a rival platform on cost per seat.,0
789217b9-26b6-41b4-9672-027bc2e8c503,Sean Young,pwilliams@example.org,326,Weekly,18,Pro,2,0.74,The export tool has been rock solid over recent weeks. our engineering lead is genuinely impressed.,0
969ee976-a8b4-4542-848b-481711c639f9,Cindy Miller,fieldsjerome@example.com,38,Daily,119,Basic,7,0.48,"Even under heavy load, the export tool held up well for a growing team over the past month.",0
cc123c84-86c0-4087-a887-6bffa289133b,Dan Myers,yfox@example.org,131,Weekly,29,Pro,2,0.55,We've had repeated session timeouts on the onboarding flow for the past year now with no real fix.,0
af078db1-9f2e-41ba-8122-f8bb17813e13,Tiffany Larsen,peter96@example.org,874,Daily,70,Pro,2,0.46,Our procurement team compared against a cheaper alternative and the pricing is roughly in line.,0
dec01d54-31b3-40a3-96db-f4e2f34750f3,Ryan Vance,zgreene@example.org,627,Weekly,55,Basic,0,0.07,The billing system continues to exceed our account manager here's technical expectations after this quarter.,0
ed206a4d-c86e-4974-b6e8-d21a16429338,Angela Obrien,manuelgonzalez@example.org,525,Daily,15,Basic,3,0.4,Customer support is serviceable for a growing team; permission errors shows up occasionally but rarely blocks us.,0
36dca572-d8d2-49ac-b19d-bd61e2ac3da2,Lauren Sanders,michael01@example.com,1093,Weekly,46,Basic,0,0.43,The cost-to-value ratio on the API just hasn't worked for a small team over this quarter.,0
4955f5e7-5ddb-4d39-9e1c-dab216e2d11b,Tracy Ruiz,craigburns@example.com,991,Weekly,20,Basic,1,0.52,The collaboration tools continues to exceed our finance team's technical expectations after this quarter.,0
ea231e39-a5a7-4452-8dec-b1981c9237bb,Amy Adams,fstone@example.org,684,Rarely,5,Basic,0,0.04,The fourth outage of the notification system in the past year is starting to erode our trust.,1
7a0cc655-c83e-4a00-8324-e9f08c537c89,Jason Watson,elaine06@example.net,926,Daily,58,Basic,0,0.59,Our account manager here specifically called out how reasonable the renewal cost on the workflow builder was.,0
205b06fb-d036-4452-b7bf-74ad0a8f9924,Sarah Fischer DVM,wagnersusan@example.com,555,Weekly,23,Basic,0,0.63,Our account manager here would recommend this to other teams after the past month of good experience.,0
768bf8a7-9e41-4a6a-8d43-22216e5c4e28,Frank Barnes,danielzavala@example.org,666,Rarely,3,Pro,2,0.81,Our procurement team feels well taken care of after the last billing cycle as a customer.,0
c63b72b2-7559-4362-a419-dca68ebca1ae,Antonio Diaz,carlos20@example.org,313,Weekly,8,Basic,1,0.36,"The admin console met expectations for a distributed team across the last few days, nothing more to add.",1
62ab90e4-8767-4ed7-9c43-d17517be7a36,Stephen Kelly,christinaturner@example.com,504,Daily,23,Pro,1,0.12,This is the fourth time the last few days we've had trouble with the permissions system.,1
eb3d7cbd-b306-4159-9223-fb5ab5559741,Teresa Mcdonald,vmoreno@example.net,543,Daily,51,Basic,0,0.3,The performance of the mobile app has been excellent for our whole department throughout the last few days.,0
b4a0ead0-e0b4-4904-b23f-5b150efd5771,Alexander Mclean,egregory@example.net,533,Weekly,51,Enterprise,0,0.48,Our finance team would recommend this to other teams after recent weeks of good experience.,0
45cebe0a-666f-49b0-a66c-ea856e949fe7,Ellen Martinez,jonathangonzalez@example.net,815,Daily,22,Pro,2,0.99,A growing team has had zero technical issues with the permissions system over the last six months. It just works.,0
37ab984a-40e9-4e7d-9d04-72327e0d98d2,Shannon Edwards,pharrell@example.org,446,Rarely,12,Basic,6,0.04,The fourth outage of the API in this quarter is starting to erode our trust.,1
f1f8e7fc-4835-40c1-9018-0fb9b7fb34b5,Nicholas Ramos,mccormickmelanie@example.net,350,Rarely,8,Enterprise,1,0.74,"Our whole department gets more than its money's worth from the workflow builder, according to our ops lead.",0
09533c8c-1eb0-425c-8844-3d98703f17de,Miranda Cobb,jeffreyjohnson@example.com,732,Weekly,16,Basic,1,0.06,Multiple business units has had zero downtime issues with the export tool in the last few days.,0
dc8b4df2-fb8e-4c44-b8a9-982aff091864,Paul Jensen,matthew82@example.org,662,Rarely,11,Pro,0,0.39,Our IT team asked how to set up conditional logic in the analytics module.,1
3a43f99c-9cbd-44f0-9e3a-61691a7702b3,Melanie Benson,ashleyhernandez@example.com,627,Weekly,8,Pro,3,0.35,"Our IT team logged one instance of integration failures on the analytics module during the past year, resolved quickly.",1
eb32b15d-a10f-4212-888c-2eac9144c248,Ashley Hall,adamskristine@example.net,294,Weekly,33,Pro,0,0.65,Support acknowledged the login errors on the billing system but the last few days later it's still broken.,0
cf5e94ab-b231-423c-a5e7-3ae6f82c3ba7,William Johnson,xpittman@example.org,986,Weekly,13,Basic,0,0.71,A 40-person team switched from at least two other vendors and the cost savings alone justified it.,0
ed22d7a4-81a7-47ae-9b77-74bfab5a3245,Todd Johnson,aalvarado@example.com,758,Daily,82,Basic,2,0.11,We've had repeated broken links on the API for this quarter now with no real fix.,0
81d211dc-5c62-4f1e-ab48-5d76deefb226,William Baker,michealneal@example.net,388,Rarely,5,Basic,10,0.39,"The billing system crashed again this cycle, on top of data export bugs from the past year.",1
49a379c7-4e30-4070-87b4-0495b1fae965,Timothy Rodriguez,ddavenport@example.com,425,Rarely,7,Basic,3,0.62,Our engineering lead was quoted a much higher renewal rate this week ago with no explanation.,1
678481f2-5162-4192-b902-345464981bab,Mackenzie Gonzalez,qadams@example.net,213,Daily,82,Pro,2,0.42,"We've escalated failed uploads on the notification system fifth time now, still no resolution.",0
9407c7a6-3382-40a2-a5c8-85bf1f0e3808,Karen Fry,sara90@example.org,821,Daily,95,Pro,1,0.57,The relationship between a 40-person team and your team has only gotten stronger over this week.,0
2cdc55a5-425e-493b-b790-fbe73728ee6b,Sandra Cantrell,youngcassidy@example.com,467,Weekly,24,Basic,0,0.42,No issues to report from multiple business units over the last few days - everything just works.,0
9b0a21a0-a54b-4c4a-86ed-754498b50984,Chris Price,mcdowelllaura@example.org,112,Weekly,17,Enterprise,1,0.45,The account team has been proactive and easy for our IT team to work with.,0
5fddb8cd-cec0-4c2d-8b22-04bc4e5828db,Victoria Miller,xthomas@example.org,415,Weekly,9,Pro,3,0.05,"Our account manager here had a small question about the onboarding flow, support got back within the last two weeks.",1
23ac497c-9a81-4c9e-97cd-d343618e86eb,John Kaiser MD,michael43@example.com,224,Daily,54,Basic,1,0.58,It shouldn't take several days to get a simple response from your account team.,0
6625190d-99f4-4a78-b20e-2e446703ee89,Jeffrey Duke,elizabethgolden@example.org,246,Daily,39,Pro,1,0.25,The recent improvements to the onboarding flow have made a real difference for multiple business units.,0
b890f744-3f03-4442-938a-0744a855f502,Ryan Burke,colejulia@example.net,118,Weekly,9,Enterprise,16,0.37,A small team has had an unremarkable but functional experience with the reporting dashboard lately.,1
0ee4e973-6f67-4f37-a28c-4e4715d2f136,Amanda Nelson,gabrielcarr@example.org,637,Daily,33,Enterprise,0,0.61,Everything from onboarding to support has gone well for a 40-person team over this week.,0
c72de62b-7a02-4d80-b75f-357aaf973085,Anita Coleman,jerrycarey@example.org,277,Weekly,46,Basic,2,0.1,Our ops lead called the pricing on the notification system a pleasant surprise after the last two weeks of use.,1
bfa780f1-aea5-49ff-a626-560c910224ef,Ann Norman,morrisangela@example.com,122,Weekly,8,Enterprise,2,0.03,Notification delays on customer support has been a recurring headache for the last billing cycle.,1
490e7def-89ba-45b3-a073-8761d7c29dea,Dawn Banks,boydjessica@example.org,253,Daily,15,Basic,0,0.59,"For the price, a 40-person team is getting far more value than our department head expected.",0
51afe814-b21b-4bfc-8634-1fee992452f6,Alyssa Morales,william59@example.net,959,Weekly,4,Pro,0,0.2,"The API crashed again this cycle, on top of report generation errors from the last onboarding round.",1
1bd6a9da-294d-4bae-abfb-ae0b85590862,Michael Crawford,lowerycheyenne@example.net,758,Daily,59,Basic,0,0.29,Things have been mostly stable on the onboarding flow for a distributed team over the last six months.,0
86386e27-fdc8-4bc3-9496-53788e40636e,Denise Garcia,benjaminjimenez@example.org,425,Weekly,28,Basic,0,0.83,"Pricing on the export tool seems reasonable, though our IT team is still evaluating value for our whole department.",0
05b20131-27ad-4402-9873-064628528c41,Keith Kaufman,rodriguezadam@example.org,414,Weekly,8,Enterprise,6,0.59,The login errors problem on the audit log has cost us real time over the past few sprints.,1
11e0a44b-540c-4941-893b-3421deae337f,Rebecca Bowen,bautistamichael@example.org,286,Weekly,51,Basic,2,0.73,"The audit log performs adequately for multiple business units, though there's room for polish.",0
a2794247-1ea3-4756-8aaf-5914018f453e,Thomas Young,xgood@example.org,429,Weekly,9,Pro,14,0.22,We've had repeated broken links on the workflow builder for several days now with no real fix.,1
faafc27c-5fd4-4a59-ab69-1184e0d25b77,Stephen Lynch,hessscott@example.org,83,Daily,58,Basic,0,0.41,Our account manager here appreciated the proactive outreach from your side over the last two weeks.,0
2ce1ebd7-9f1b-4a55-af9a-7a8c69191196,Emily Nelson,kellymelissa@example.net,522,Daily,56,Basic,2,0.98,Our account manager here appreciated the proactive outreach from your side over the past quarter.,0
72359640-2d73-4a36-a41f-dc78b7a996ad,Richard Woods,wardmichael@example.net,91,Daily,24,Basic,1,0.73,Everything from onboarding to support has gone well for our whole department over the past year.,0
2eeccdec-06e3-4853-a139-7eaa599894d6,Ashley Smith,jacksondavid@example.org,708,Weekly,58,Basic,1,0.36,The past month of intermittent dashboard glitches on customer support has really hurt our workflow.,0
d4050340-e9ec-47f5-bd2a-843a52b2e0ee,David Ross,christopherstevenson@example.net,423,Daily,45,Basic,6,0.15,The sixth outage of the billing system in the past few sprints is starting to erode our trust.,1
f3315ed5-2239-4e33-8121-c35c92654632,Kimberly Hampton,zryan@example.org,146,Daily,113,Basic,1,0.78,Our department head appreciated the proactive outreach from your side over the past few sprints.,0
15dab4fb-c6c6-4922-801e-44b9c81c044f,Henry Riley,tracy10@example.com,155,Daily,40,Pro,0,0.92,A small team has had zero problems with the overall experience over the last few days.,0
c1645293-c8b9-4443-af74-28ed55c270b3,Marcus Lopez,patrick27@example.org,629,Daily,47,Pro,18,0.4,"We've escalated duplicate records on the export tool fifth time now, still no resolution.",0
4bcfac3e-460f-47d3-8a24-53a16772a262,Cesar Williams,russellerin@example.com,792,Weekly,49,Enterprise,5,0.54,Notification delays on the onboarding flow has been a recurring headache for the past few sprints.,0
20e99684-1a22-4d20-b854-fb63186c9e68,Jason Hernandez,christianharris@example.org,693,Weekly,14,Enterprise,14,0.53,The API timeouts problem on the export tool has cost us real time over the past month.,1
15850a92-2ecb-4fa4-a047-80829dc2bb4d,Deanna Sanchez,jonathanpoole@example.org,632,Weekly,44,Basic,1,0.73,Billing on the export tool keeps creeping up and it's hard to see the added value over several days.,0
0c12821e-2225-4f08-b447-1f83b0a68df0,Kimberly Sparks,btaylor@example.net,843,Weekly,55,Pro,0,0.76,The mobile app scaled smoothly as a growing team grew over the past month.,0
b300b7c1-1ad1-46f7-b73e-3d7d47a54097,James Kennedy Jr.,qjacobs@example.net,1067,Weekly,13,Pro,3,0.23,A growing team has had an unremarkable but functional experience with the API lately.,1
a7c32f1d-2878-4514-9b54-9969f537125b,Patricia Sandoval,maldonadojulie@example.com,664,Weekly,27,Pro,0,0.6,Our engineering lead is really happy with how stable the mobile app has been over the past quarter.,0
45bf7812-ad3a-4ec8-8870-c50951246525,Eric Robinson,cklein@example.org,722,Daily,101,Enterprise,1,0.94,"For the price, a distributed team is getting far more value than our engineering lead expected.",0
015dc834-ac4d-4ee3-b16b-a9313474f384,Michael Clark,sabrina76@example.org,82,Weekly,7,Pro,3,0.53,The slow load times problem on the export tool has cost us real time over the past quarter.,1
17bc63c4-b866-4390-b419-2b710dc434a7,Jose Thomas,robertkennedy@example.com,320,Daily,34,Pro,2,0.08,"General feedback: the billing system is fine, session timeouts handling could be faster over the past quarter.",1
4ff8fad1-5405-423d-bf48-b65b7610febb,Robert Martin,nancy08@example.com,918,Daily,29,Pro,0,0.7,Our finance team feels well taken care of after several days as a customer.,0
1cc87030-50bd-42f2-9935-f33d841d29b8,Tammy Craig,baileycarol@example.org,551,Weekly,2,Pro,0,0.79,Nobody followed up after our procurement team flagged this issue the last few days ago.,0
99d1011f-4c70-4942-b29d-cf180c5d86ed,Wendy Tanner,nataliecole@example.net,162,Weekly,40,Pro,7,0.7,The fifth outage of customer support in several days is starting to erode our trust.,0
58eddf52-5e6f-4275-98f3-664202cdfa16,Andrew Knapp,ricky93@example.org,798,Weekly,20,Basic,1,0.64,Our department head is close to recommending a lower-cost competitor purely on cost grounds.,1
820c9160-f3e8-4b1c-bb5f-d24c91654ee7,Alan Decker,stouttrevor@example.com,154,Rarely,2,Pro,3,0.34,This is the second time the last few days we've had trouble with the billing system.,1
3c1c6c16-9dc9-4096-904c-244cbad6e9f6,Joyce Allen,stonekelly@example.net,624,Weekly,2,Basic,1,0.18,This is the fifth time the past month we've had trouble with the onboarding flow.,1
f07921b0-c482-4c77-a60a-829343251d3b,Micheal Hernandez,kking@example.net,135,Rarely,5,Basic,1,0.1,The search feature is serviceable for a 40-person team; failed uploads shows up occasionally but rarely blocks us.,1
59c58a66-9ee1-465b-9e5e-0d14d86e33d3,Kaylee Garcia,victoria01@example.org,694,Daily,24,Basic,0,0.67,The audit log scaled smoothly as a small team grew over the past year.,0
e0611e95-6b25-42b5-8273-2d3eb54f1bae,Crystal Mays,greenenicholas@example.org,722,Rarely,8,Pro,1,0.57,"Just a routine check-in from our department head, nothing specific to report over this quarter.",1
f02296ce-a5a0-4158-a992-80d1b8113f87,Ashley Estrada,laurawoods@example.com,66,Rarely,10,Pro,2,0.87,We reported integration failures on the search feature the last six months ago and it's still unresolved.,1
7be6e96b-96db-43a9-8757-479b40670980,Michael Santos,billbradshaw@example.net,858,Rarely,12,Pro,16,0.37,We've had repeated sync failures on the collaboration tools for the past quarter now with no real fix.,1
10b54cc2-95f1-4520-8d06-12c58dc14449,Matthew Hudson,kylehernandez@example.org,1018,Daily,65,Enterprise,1,0.62,"Even under heavy load, the billing system held up well for a growing team over the last onboarding round.",0
db35bdce-c7e6-41ff-91c1-05a229a05f4f,Travis Hartman,carrie15@example.net,586,Daily,58,Basic,1,0.25,The analytics module going down during the last six months caused real disruption for multiple business units.,0
4257fb75-ddab-4ebd-b053-77872551983d,Catherine Williams,tyler66@example.com,311,Weekly,5,Basic,1,0.42,"Multiple business units gets more than its money's worth from the audit log, according to our IT team.",1
30f4d14d-a1e4-456d-a54e-bad638c88bfe,Daniel Harrington,karenwatson@example.org,561,Weekly,29,Enterprise,3,0.43,The per-seat pricing has become a real budget problem for a growing team over this week.,1
6af14e5c-6140-40b4-8069-c43448b307dd,Tara Stein,wcantu@example.net,670,Daily,77,Pro,3,0.94,A 40-person team has had zero downtime issues with the search feature in the past few sprints.,0
608cb8a6-9e2a-46d9-8a83-bbd3b4096802,Brian Cochran,fernandezkaren@example.com,435,Daily,82,Enterprise,0,0.62,Our account manager here would recommend this to other teams after the last billing cycle of good experience.,0
fd199209-bbed-4fbf-982a-66a7acffeaf5,Nathan Rose,justin83@example.net,812,Daily,51,Basic,5,0.37,Our IT team looked at at least two other vendors recently and honestly this is the better deal.,0
8731ace3-1433-4d3d-a684-d497d45726bc,Joseph Payne,hernandezalexandra@example.com,90,Daily,35,Basic,0,0.73,The performance of the search feature has been excellent for a growing team throughout the last onboarding round.,0
57565876-7cc7-4160-adc3-3af5e156c126,David Benson,lsanchez@example.org,350,Rarely,5,Pro,0,0.43,The support experience for a growing team has gotten noticeably worse over the last onboarding round.,1
5b357d2a-ecdc-4cfc-a426-f5d6f8a0ce80,Michelle Miller,rangelchristian@example.net,32,Rarely,11,Basic,3,0.1,Multiple business units has had zero technical issues with the mobile app over the last onboarding round. It just works.,1
66532e29-fb83-410e-a2cc-a15dde99a6fc,Henry Ford,gallagherkatie@example.net,199,Rarely,4,Enterprise,0,0.57,Our account manager here tested the onboarding flow over the past month and it performed about as expected.,1
578597a9-a107-4a69-b2ae-bc3c57bd7b3d,Jordan Garner,ashleyrobinson@example.net,568,Weekly,55,Enterprise,19,0.64,The past few sprints of intermittent login errors on the workflow builder has really hurt our workflow.,1
bdaacfeb-1710-41ac-9c17-0185104fa8f8,Mr. Kevin Simpson,susan89@example.net,664,Daily,82,Enterprise,1,0.69,The recent improvements to the mobile app have made a real difference for a growing team.,0
bdf3728a-17c9-4acc-bb4e-82d948cd2639,Alicia Morgan,dbrown@example.com,236,Weekly,8,Enterprise,3,0.18,We've had repeated slow load times on the mobile app for the last six months now with no real fix.,1
b0e2b5ee-7039-47b5-ad7f-ca627ff5fffe,Terry Martinez,ypacheco@example.org,522,Rarely,11,Basic,2,0.3,We are locked out of the notification system again during several days - this keeps happening.,0
8c717cf0-4036-43a5-9fa2-9899d041ef89,Andrew Webb,ballbrenda@example.org,982,Daily,58,Basic,1,0.65,Our account manager here appreciated the proactive outreach from your side over the last billing cycle.,0
7cd44819-2002-4f65-87ee-6f1e24bca534,Melinda Vasquez,cory08@example.net,198,Weekly,33,Pro,0,0.82,"The onboarding flow does what it needs to for a distributed team, aside from the occasional slow load times.",0
27413214-d28a-423f-98c4-54c48ac1403f,Thomas Schwartz,yli@example.org,689,Weekly,41,Basic,0,0.6,Our procurement team looked at a cheaper alternative recently and honestly this is the better deal.,0
9270380e-183d-4ddb-a2e0-03add77abe47,Angela Weaver,annsaunders@example.org,297,Rarely,6,Pro,2,0.58,Support acknowledged the API timeouts on the search feature but this week later it's still broken.,1
cb552392-e620-4ed1-a3cf-b6918a37ba3d,Thomas Baker,lisa12@example.org,1051,Daily,19,Basic,4,0.03,"The admin console crashed again this cycle, on top of session timeouts from the past few sprints.",1
ecaecb4b-b548-4e6e-863b-80e17eb1ba22,Angelica Cline,rcalhoun@example.net,722,Rarely,7,Enterprise,2,0.29,"The integration works fine overall, though we've noticed a few integration failures over several days.",1
bb20ce36-ed9b-41d4-875d-46c1334942e8,Jessica Lynn,danielpatrick@example.org,667,Daily,76,Pro,4,0.9,The ROI on customer support has been obvious to our procurement team since the past few sprints ago.,0
4412405e-eefb-4052-9d48-ac48d7fab145,Rebecca Harvey,xcarter@example.com,175,Daily,99,Pro,1,0.76,No issues to report from a small team over the last onboarding round - everything just works.,0
5972c3eb-6f0b-477c-9ba9-f2c448bb4a00,Matthew Nelson,samuel13@example.net,1011,Rarely,14,Enterprise,4,0.43,Slow load times on the onboarding flow has been a recurring headache for recent weeks.,0
e06afc63-4ee1-447f-946f-014b24cb8dac,Holly Sullivan,benjaminkhan@example.org,427,Weekly,24,Basic,1,0.32,Our procurement team is happy to keep paying for the reporting dashboard - it pays for itself many times over.,0
3091fa50-222b-469a-9270-facd66d776d6,Cody Bell,brodriguez@example.com,652,Daily,76,Enterprise,1,0.63,The performance of the admin console has been excellent for a 40-person team throughout this quarter.,0
1acc5b69-8da9-4e5e-9ac0-d0cf1a1869dc,Christopher Castillo,uhouston@example.org,903,Weekly,7,Basic,14,0.37,This is the second time this quarter we've had trouble with the permissions system.,1
d7486de2-2922-4e51-9299-c821c5763633,Melanie Watkins,conleyamy@example.net,865,Daily,45,Pro,1,0.74,The account team has been proactive and easy for our procurement team to work with.,0
9422ca86-8e83-4cdb-8311-86ced0c248f3,Jennifer Williams DDS,joshua37@example.net,435,Rarely,1,Pro,1,0.63,The analytics module continues to exceed our ops lead's technical expectations after the last billing cycle.,1
b900ad56-de67-490b-83a4-dd65afa30937,Mr. Andrew Reynolds,kevin51@example.net,1069,Weekly,23,Basic,0,0.51,Our finance team feels well taken care of after the past month as a customer.,0
118d7944-c2c2-4e9c-8d62-5fb4b7317964,Nicole Haley,johnsonlisa@example.net,318,Weekly,8,Pro,4,0.27,The export tool going down during recent weeks caused real disruption for a distributed team.,1
d2459e18-4dc6-4676-9f73-259504b2c304,Tammy Heath,jasonramirez@example.com,339,Daily,119,Enterprise,0,0.55,"Our whole department has had a smooth, low-friction experience across the last few days.",0
ba84f4bb-3767-4c44-957b-f487cb44a0d8,Carol Dillon,sarah49@example.com,848,Daily,73,Pro,1,0.6,"Given what a small team gets, the pricing on the integration feels very fair.",0
f1c13e48-8b80-4cd8-b1f7-4e3ccc458280,William Jackson,toddmichael@example.net,698,Weekly,14,Pro,0,0.52,We're being asked to pay more for the permissions system while it hasn't meaningfully improved in the past month.,0
29e1735c-cfff-472a-bcf4-8f32085092ea,Amanda Deleon,walterhenderson@example.org,442,Daily,83,Enterprise,1,0.85,No major updates from multiple business units over the last onboarding round.,0
f84b5418-83b2-4461-81ee-f91aa39d99ac,Julie Garcia,orrjoshua@example.org,96,Daily,60,Enterprise,1,0.52,"We've escalated API timeouts on the permissions system sixth time now, still no resolution.",0
77e1a6bf-25a2-4414-9916-2baacb1001fc,Steven Coffey,aaronstephenson@example.org,488,Daily,36,Basic,0,0.73,"A growing team gets more than its money's worth from the workflow builder, according to our ops lead.",0
03bc89a6-50fc-47ef-b1aa-35c6c8187211,Justin Ochoa,hodonnell@example.net,867,Daily,53,Enterprise,2,0.5,Our engineering lead is frustrated that basic requests have gone unanswered for the past year.,0
045f563d-09e2-469b-94f0-dd70b9cd49b7,Kevin Ferguson,icummings@example.net,952,Weekly,58,Basic,2,0.23,Our finance team budgeted more for customer support this cycle and considers it money well spent.,0
0e92db05-79a2-4c73-b8a2-d1ad91044ae3,James Flores,megandrake@example.com,521,Weekly,59,Pro,1,0.56,Our whole department switched from at least two other vendors and the cost savings alone justified it.,0
73553577-1ca1-4c53-83dc-90058f63f113,Jasmine Oliver,pierceashley@example.org,1084,Weekly,10,Enterprise,12,0.06,"We've escalated notification delays on the audit log sixth time now, still no resolution.",1
c042aaf0-217a-455b-81f3-09cb20491239,Matthew Crawford,mallory88@example.net,98,Daily,70,Pro,0,0.53,A 40-person team has felt genuinely supported by your team throughout the past year.,0
fa2db0da-2d9d-4264-ad2a-e4df27fa2ea3,Melanie Martinez,ryanrobinson@example.org,226,Weekly,26,Basic,0,0.36,This is the fifth time the past few sprints we've had trouble with the onboarding flow.,0
65bd1688-5267-473b-8633-195bf00751e8,Mark Smith,gary68@example.com,356,Weekly,33,Pro,0,0.59,A growing team has had zero technical issues with customer support over the last six months. It just works.,0
3fc9b58e-dee5-43d9-ab57-2f5ffd6f4d27,Joseph Abbott,powellethan@example.net,982,Daily,49,Pro,0,0.12,"Over the past month, the mobile app has neither impressed nor disappointed our account manager here.",1
6c6c5375-0c96-4321-9b14-ef0eb8dc6169,Leslie Miller,conradbrandon@example.org,763,Daily,101,Enterprise,4,0.65,We've had repeated API timeouts on the integration for the past few sprints now with no real fix.,0
fe7d0fe5-d114-4758-a95c-b2387bb2a54d,Jennifer Cohen,xgomez@example.org,202,Weekly,14,Pro,4,0.94,The report generation errors problem on the collaboration tools has cost us real time over recent weeks.,0
9a57a869-9213-405c-9ce2-2c70ad3a9c35,Tommy Mcdaniel,romankaitlyn@example.net,62,Rarely,14,Basic,2,0.56,"The permissions system performs adequately for a small team, though there's room for polish.",1
db32878d-720a-404e-bc9f-806ba689008f,Raymond Grimes,mitchellpatricia@example.org,605,Daily,68,Basic,0,0.15,The ROI on the analytics module has been obvious to our finance team since this quarter ago.,0
2d174853-82db-45a2-a2bc-2fd1bf33e0e2,Alicia Bryan,coxstephanie@example.net,1011,Daily,25,Basic,1,0.35,A small team has been blocked by API timeouts on the analytics module for the last onboarding round.,0
c54aed48-557f-4405-a496-23fd0c653b99,Monica Allen,gabrielasutton@example.org,149,Weekly,12,Pro,1,0.14,This is the fifth time the last two weeks we've had trouble with the audit log.,1
fd7e170e-efdb-464d-9738-c5154192c6cf,Jose Lopez,ramirezstacy@example.com,390,Weekly,1,Basic,3,0.52,The past few sprints of intermittent permission errors on the mobile app has really hurt our workflow.,1
8973ba0e-936f-405f-ba57-a42381788abe,Catherine Hoffman PhD,randall49@example.net,201,Weekly,7,Enterprise,0,0.37,"The billing system crashed again this cycle, on top of integration failures from the past month.",1
ddb9f772-20f6-434a-bfce-bcc5d841915a,Billy Martin,dmolina@example.org,1069,Daily,97,Pro,6,0.58,We've had repeated failed uploads on the notification system for the last six months now with no real fix.,0
8bda88fc-d2d3-4639-98f7-763496f76353,Keith Jackson,brittany91@example.org,635,Daily,117,Pro,2,0.45,The support experience for a small team has gotten noticeably worse over the last few days.,0
e8ff5f04-cc0e-44cc-ab9d-b7c2814cd672,Johnny Fisher,kenneththomas@example.com,1010,Daily,74,Pro,5,0.78,Our whole department has come to rely on the export tool precisely because it never breaks.,0
9c37edc3-38ed-42ad-a1c4-e118d175e165,Nicholas Massey,vanessa36@example.com,95,Weekly,31,Pro,0,0.46,Everything from onboarding to support has gone well for a 40-person team over the last six months.,0
6fcc5054-3067-4feb-b703-675f3e46bc96,Edward Anthony,opeck@example.com,869,Rarely,8,Basic,0,0.44,"The API's pricing held steady over the last billing cycle, which kept our department head neutral on it.",1
a4dcc250-b37b-402b-95e8-edb23752736d,Brittany Browning,rtaylor@example.org,442,Daily,83,Pro,0,0.49,A growing team has felt genuinely supported by your team throughout several days.,0
02e8bce1-312e-4166-8d1c-627f9c498401,Becky Harris,erica86@example.org,1030,Weekly,8,Basic,1,0.42,Our finance team specifically called out how dependable the billing system has been over the past year.,0
6682b4df-6a4d-441b-a243-1b0ab841ea7c,Larry Ellis,jgreen@example.com,405,Weekly,5,Basic,1,0.56,This is the fourth time the past quarter we've had trouble with the API.,1
3749590f-3e8e-4f5e-8791-146e6622172f,Jerry Melton,josephnavarro@example.net,1057,Rarely,2,Pro,3,0.17,The fourth outage of the collaboration tools in the past few sprints is starting to erode our trust.,1
cb82a7ae-5158-4d98-88a7-55f38eeb7816,Paula Wilson,perkinsthomas@example.net,78,Daily,53,Basic,4,0.41,Our department head is seriously evaluating at least two other vendors given the current cost over the past few sprints.,1
f0883528-9210-4bfd-876f-230c91d8f72c,Anthony Smith,angela30@example.com,349,Weekly,46,Basic,2,0.18,Failed uploads on the billing system has been a recurring headache for the last two weeks.,1
8baaa87a-0083-45a7-9eb7-2c6fd1e14b3e,Edward Smith,anna84@example.net,1005,Daily,100,Pro,2,0.57,Our IT team specifically called out how dependable the analytics module has been over this quarter.,0
7fe0b0db-3ac0-47fa-9f7e-ab5df77e2d36,John Fowler,tnguyen@example.org,1087,Daily,52,Enterprise,3,0.61,Our IT team hasn't seen a single broken links on the integration in the last six months - great reliability.,0
a03e5547-5a03-4902-8dab-1fcf54922fa9,Michelle Bishop,velezsara@example.com,765,Weekly,3,Pro,0,0.61,"A general status update from our account manager here - no issues, no notable wins over the past year.",0
11d12e30-b9be-431c-89db-f05f4f8e0ec2,Rebecca Taylor,griffinjane@example.net,456,Weekly,21,Pro,3,0.09,We've had repeated dashboard glitches on the search feature for several days now with no real fix.,0
35c1128f-8a72-49bb-bb49-b97c45a76ab9,Joseph Mathews,glenn57@example.org,961,Weekly,4,Enterprise,1,0.46,Our procurement team asked a routine question about permissions in the onboarding flow.,0
a3b2fb46-2a0c-402c-8917-d5f324761503,Justin Warren,joe90@example.org,214,Weekly,10,Basic,3,0.01,Sync failures on the reporting dashboard has been a recurring headache for this week.,1
4982b27a-b7dc-47ab-91a3-1e8fd6766d11,David Waters,melissahill@example.org,474,Daily,20,Enterprise,1,0.43,"General feedback: the permissions system is fine, slow load times handling could be faster over the past few sprints.",1
de79f740-7741-462a-bc2e-6a5e8d934240,Thomas Sanchez,washingtonnicole@example.net,901,Rarely,5,Basic,1,0.4,API timeouts on customer support has been a recurring headache for recent weeks.,1
3a46809e-cd7c-4705-8ad6-960ffa98e6d5,Amy Wilson,christine94@example.com,49,Weekly,12,Pro,0,0.19,Our department head specifically praised how responsive support has been over the last two weeks.,1
7ffc078e-9b5e-496d-b909-9531e04afe95,Rodney Schultz,james68@example.org,356,Weekly,43,Basic,1,0.74,Our engineering lead pointed out that the audit log's cost dropped relative to value over this quarter.,0
b4a2e4b3-b8c3-4e36-b90a-86f1756cda6a,Dr. Jason Holland DVM,brenda47@example.org,147,Daily,47,Pro,0,0.57,The integration handles a small team's workload without a hitch. No complaints on the technical side.,0
a9772826-0c2e-4177-b98c-dbd50f48e08a,Amber Poole,hensonmichael@example.net,468,Daily,57,Basic,2,0.57,A distributed team has had zero downtime issues with the billing system in the past quarter.,0
176290bb-bafd-46ad-b00c-f8e8f7d2f58b,Christian Brown,carrie99@example.org,1055,Daily,64,Pro,0,0.31,Our whole department has had zero technical issues with the collaboration tools over the past quarter. It just works.,0
8869c485-5e33-4d59-842c-130090c71bf5,Julie Adams,traviswatts@example.net,924,Daily,71,Basic,2,0.38,Our department head looked at a cheaper alternative recently and honestly this is the better deal.,0
70516954-7200-4504-b5b1-3e6b65c134c4,Katie Patel,velezregina@example.org,51,Daily,49,Basic,0,0.69,"Our whole department has had a smooth, low-friction experience across the past quarter.",0
6aabb39a-528a-43f3-96dd-273fb010bb4d,Sean Becker,isaacwall@example.com,448,Weekly,45,Enterprise,2,0.74,Everything from onboarding to support has gone well for a 40-person team over the past few sprints.,0
2b2aa917-fc8b-40eb-a984-e8c2319c5c60,William Ponce,gsolis@example.org,775,Daily,79,Enterprise,3,0.68,"Over the last two weeks, the search feature has neither impressed nor disappointed our account manager here.",0
d1d7cbe3-ce62-4666-86d6-5044e83d2416,Stephanie Smith,rbooker@example.com,40,Weekly,28,Enterprise,1,0.33,Nobody followed up after our ops lead flagged this issue the last onboarding round ago.,0
530aa083-bf29-42be-be46-f245f3ef182a,Patrick Jordan,jennifer12@example.net,181,Rarely,14,Pro,0,0.2,Our ops lead pointed out that the workflow builder's cost dropped relative to value over the last six months.,1
95a1c80f-ebbc-4f58-829b-475fd03b7f0f,Louis Walton,stephen14@example.com,452,Weekly,4,Enterprise,0,0.75,Our ops lead looked at a lower-cost competitor recently and honestly this is the better deal.,0
61673bee-ee36-4d26-8b0b-b0186b122877,Debbie Anderson,christinebeck@example.org,19,Daily,57,Basic,3,0.42,We are locked out of the audit log again during the past few sprints - this keeps happening.,0
cbf849ad-a1d8-4d1a-b74e-a58eff945847,Jennifer Wilson,elizabeth70@example.net,101,Daily,53,Pro,3,0.01,This is the fifth time this quarter we've had trouble with the workflow builder.,1
6aeb1c82-caa5-44b6-bdad-671f790d61c3,Vicki Harris,tiffany87@example.net,311,Weekly,8,Basic,0,0.26,"Our ops lead is weighing a rival platform's pricing against ours, no conclusion yet.",1
bea4470a-cb31-4fee-b097-6e6f2435db1e,Troy Matthews,chodge@example.org,174,Weekly,1,Enterprise,0,0.21,The recent improvements to customer support have made a real difference for a small team.,1
7c7e5b59-265c-485e-a85a-1c00c5da299e,James King,lisa90@example.net,779,Rarely,1,Pro,4,0.77,Our procurement team flagged that a rival platform offers similar the search feature functionality for less.,1
cbc97efc-d5a5-4b05-866c-746138a45dfd,Dr. Courtney Russo,wilsonmichael@example.net,883,Daily,43,Pro,0,0.75,"Our account manager here logged one instance of broken links on the export tool during the past quarter, resolved quickly.",0
6d58e5c6-1d3e-4324-bc29-f4877d509fd8,Michael Stanley,pereztanya@example.net,931,Weekly,58,Basic,0,0.46,The sync failures problem on the notification system has cost us real time over the last two weeks.,0
38cfab2b-0461-46ae-88e6-374d53c32ec7,Leslie Hunt,melissakelly@example.org,267,Weekly,48,Basic,3,0.62,The analytics module handles a 40-person team's workload without a hitch. No complaints on the technical side.,0
a57e85ba-384c-4f46-bc14-46a10bbc9031,Brittney Franklin,ruizcarol@example.net,1026,Daily,43,Pro,1,0.76,Our ops lead noted the price of the billing system without much reaction either way over this quarter.,0
4b6ff9e6-f62f-454b-b6e7-b39888e3e957,Michelle Byrd,brianperez@example.net,849,Rarely,1,Enterprise,2,0.13,"The admin console performs adequately for a growing team, though there's room for polish.",1
2cf48fab-c551-4f43-ba83-da78da76a83c,Michael Scott,ellismelissa@example.com,594,Weekly,52,Basic,2,0.6,We are locked out of the export tool again during the last two weeks - this keeps happening.,0
59ebba0c-0e88-4940-b029-08d8f0f69537,Erica Cameron,herreradawn@example.net,128,Daily,32,Basic,1,0.56,"We've escalated session timeouts on the mobile app fifth time now, still no resolution.",0
7abb0acf-0b84-4d65-9781-e3f996772edd,Madison Perkins,jamesglover@example.org,611,Weekly,14,Basic,0,0.01,"General feedback: the reporting dashboard is fine, login errors handling could be faster over several days.",1
81e80bc3-dd26-4bc6-8ba3-f8b72f289ac2,Jason Stewart,watsonelizabeth@example.net,360,Weekly,43,Pro,1,0.17,"The collaboration tools crashed again this cycle, on top of login errors from recent weeks.",0
18cae43d-f0c0-4b41-8f4e-66cee350eede,Bryan Wilson,darryl82@example.com,601,Daily,107,Enterprise,0,0.5,Is there a way for our whole department to bulk-export records across projects in the analytics module?,0
944db2bd-0628-4392-a868-12c198e0eb94,April Diaz,allendeborah@example.net,715,Weekly,20,Enterprise,1,0.97,Our finance team is questioning whether the integration justifies its cost after this quarter of use.,0
3e27b754-413d-4dcc-86a4-da98aba5867d,Jonathan Mitchell,kbrown@example.org,621,Weekly,19,Pro,3,0.99,The renewal price increase on customer support is hard to justify given what multiple business units actually uses.,0
69e36e10-f427-457d-b81c-d7f9f949c6e2,Stephen Murphy,zeaton@example.org,875,Rarely,5,Basic,5,0.45,This is the fourth time the last billing cycle we've had trouble with the onboarding flow.,1
93af5fa6-d600-4c27-8a0f-dfce8036c8c7,Richard Summers,hudsonandrew@example.org,691,Daily,96,Pro,1,0.19,The reliability of the analytics module over the last six months has genuinely earned our IT team's trust.,0
f0da1790-db97-4b5a-a837-26839044680f,Nicholas Smith,hernandezmichael@example.org,607,Daily,104,Basic,3,0.56,Our engineering lead was impressed the mobile app handled the past few sprints of peak usage without issue.,0
45e9ad2b-a7e6-43e4-8130-b47f21f57b25,Tonya Maynard,joseph66@example.com,166,Daily,49,Enterprise,5,0.7,Our IT team is mid-review on whether the subscription cost matches usage from multiple business units.,0
3efca312-5d5a-42fd-863d-5f8160da8eda,Cynthia Rosales,hmendoza@example.org,50,Daily,20,Enterprise,0,0.3,Nobody followed up after our IT team flagged this issue several days ago.,1
cd4963ea-0c6d-4eb6-8628-7337e32b5a02,Carl Ferguson,ymurphy@example.com,748,Weekly,10,Pro,4,0.49,"We've escalated report generation errors on the workflow builder fifth time now, still no resolution.",1
12f5f48f-c291-4909-a4e6-0f26bec3a868,Kimberly Bishop,fcrawford@example.net,256,Weekly,55,Basic,7,0.58,The reliability of the integration over this quarter has genuinely earned our procurement team's trust.,0
2178077e-634e-4493-b374-ec64d95597c0,Jacob Benson,kingmorgan@example.net,36,Daily,105,Enterprise,1,0.39,Our whole department can't keep absorbing the cost increases on the workflow builder seen over the past year.,0
50d8702d-eb43-4150-b7b7-b32a7725f12b,Jason Simmons,william69@example.net,1089,Weekly,44,Basic,1,0.74,The reliability of customer support over several days has genuinely earned our IT team's trust.,0
c7c545d1-6e28-4170-bedb-ae8fd2f4da87,Kiara Sanchez,rushemily@example.com,450,Daily,118,Basic,0,0.54,The reporting dashboard's pricing has stayed fair even as a growing team scaled up usage over this week.,0
742dcbfe-3375-4b76-a5a7-25f19adae555,Tony Hamilton,hsmith@example.org,636,Daily,22,Basic,2,0.61,Our IT team was quoted a much higher renewal rate this week ago with no explanation.,0
fbf0d36d-e187-4fbe-91ec-85bc0e4089aa,Antonio Bowen,samuelruiz@example.net,319,Weekly,30,Basic,4,0.37,Our engineering lead tested the integration over the past year and it performed about as expected.,1
08404c54-64a1-4923-8d9e-8d25df28b40a,Scott Bradley,debra77@example.org,912,Weekly,39,Basic,3,0.46,A small team has had an unremarkable but functional experience with the integration lately.,0
ca1935c7-293b-4f6e-ac4b-1e14bf6e6129,Peter Klein,mlam@example.net,967,Rarely,1,Enterprise,2,0.01,"We've escalated sync failures on customer support fifth time now, still no resolution.",1
d88ae4cb-b090-488e-9a74-64b638484972,James Salazar,susan91@example.net,360,Daily,15,Enterprise,0,0.33,The account team has been proactive and easy for our department head to work with.,0
32700a03-3c7d-4754-aa44-697694667e0f,Megan Brady,sfields@example.com,1050,Daily,22,Pro,0,0.24,Our finance team specifically called out how dependable the integration has been over the past quarter.,0
a403f647-26c9-42cf-8336-9a57864987a0,Julia Black,gthomas@example.com,785,Weekly,4,Basic,4,0.32,The cost-to-value ratio on the billing system just hasn't worked for multiple business units over the last onboarding round.,1
b34a8a5a-417e-424d-9ca6-29e43d29cc91,Lucas Jones,julianwilson@example.net,499,Rarely,3,Basic,0,0.48,Our engineering lead has lost confidence after this week of unanswered account requests.,1
4cce4101-459b-49a3-818c-1d0a45316d34,Sarah Huang,wrivera@example.com,974,Rarely,7,Basic,1,0.25,We reported API timeouts on the billing system the last billing cycle ago and it's still unresolved.,1
c87069b0-56f3-4b08-913e-19abb70defa0,Joshua Peterson,lauren95@example.org,954,Weekly,12,Pro,1,0.78,The support experience for a distributed team has gotten noticeably worse over the past month.,1
2009d372-f9d8-4fa8-8612-a194cc314fcc,Lisa Lawson,elizabeth17@example.net,864,Daily,49,Pro,1,0.52,Overall a great experience for a growing team working with your team over the last few days.,0
39fd4eb8-5474-46a9-9cdc-349262e0d146,Audrey Jennings,meyeramy@example.net,118,Daily,65,Basic,3,0.06,Our department head hasn't seen a single slow load times on the integration in the last six months - great reliability.,0
34b03666-8662-426b-a731-3a08dd91f1e3,Allison Taylor,markkeller@example.net,664,Daily,65,Basic,1,0.75,The performance of the permissions system has been excellent for a growing team throughout the last two weeks.,0
14f35749-d07c-41b0-940e-afc8cb236e76,Casey Dean,angela73@example.org,403,Weekly,48,Basic,0,0.65,"Even under heavy load, the integration held up well for a distributed team over the past year.",0
d6373009-21da-4b42-8800-ac5524a13c98,Tanya Benson,hhill@example.com,1032,Weekly,2,Pro,11,0.45,Support acknowledged the broken links on the permissions system but the last few days later it's still broken.,1
0b2024a9-f8eb-4adb-80ef-a405eed435e0,John Gonzalez,josevance@example.net,529,Weekly,28,Enterprise,0,0.96,"Our finance team requested a walkthrough of the mobile app for a new hire, nothing else to note.",0
fed205b2-49d1-4a7e-8074-2d08bd39f972,Brian Gibson,karen40@example.com,593,Daily,51,Basic,1,0.42,"For the price, a distributed team is getting far more value than our finance team expected.",0
61e08358-15a6-433b-8cbc-76eb98731a61,Brian Robinson,donna23@example.net,734,Daily,106,Pro,0,0.36,Onboarding a growing team was smooth and the team has been responsive since.,0
e6513f7c-3d77-4777-a72c-21366a9a2afe,Steve Davenport,qsanchez@example.net,282,Daily,56,Enterprise,0,0.13,"Cost feels fair enough for multiple business units right now, though our engineering lead hasn't stress-tested it.",1
44cc27f1-fdf2-4f13-a646-d77efb84c79f,Lori Bush,paulrodriguez@example.org,528,Weekly,5,Basic,4,0.55,The API has been broken for the last two weeks and it's affecting a 40-person team.,0
930ebd6a-5cf4-41b2-aa53-b62164751d4d,Kristy Sheppard,jturner@example.com,1073,Daily,27,Basic,1,0.18,Our ops lead migrated a big workload onto the integration and it performed flawlessly.,0
8b394788-3ba1-47a8-a744-ca243f93bdf4,Wendy Melton,harrisonjuan@example.com,444,Daily,47,Pro,4,0.48,We are locked out of the export tool again during the last six months - this keeps happening.,0
7bb20a05-b96f-4199-a04a-74e97c281e4a,Megan Smith,rodriguezwilliam@example.com,586,Daily,15,Pro,4,0.49,We've had repeated report generation errors on the workflow builder for recent weeks now with no real fix.,1
571273c1-c9f7-47a7-9d6d-4ebb36b646fa,Donna Weaver,amberhart@example.net,113,Rarely,12,Basic,1,0.28,This is the fifth time the past few sprints we've had trouble with the integration.,1
d9b7ce28-80c3-44aa-a359-975b74f9dd21,Emily Mora,oboone@example.com,844,Daily,32,Pro,3,0.93,"Our engineering lead logged one instance of API timeouts on the collaboration tools during the last six months, resolved quickly.",0
bdb10255-145d-4219-b532-dd23415a54df,David Ramirez,redwards@example.net,925,Rarely,8,Enterprise,2,0.06,The API timeouts problem on the workflow builder has cost us real time over this week.,1
847dfda6-d53e-433b-9cad-01dd68fcf8fe,Johnathan Nguyen,kristinthomas@example.org,362,Daily,54,Basic,2,0.56,Our IT team flagged that a cheaper alternative offers similar the API functionality for less.,0
b00c48cc-968e-4f27-95bc-1beb8ba5141d,Mary Thomas,njohnson@example.com,984,Daily,26,Enterprise,3,0.52,A distributed team has had zero technical issues with the admin console over the last few days. It just works.,0
6ac2da5b-c34f-4ce0-b34c-2099fe6d5703,Jason Herrera,perrysandra@example.com,961,Rarely,6,Pro,11,0.01,We reported integration failures on the export tool this quarter ago and it's still unresolved.,1
092078c8-574f-44f5-bada-bc0dab294755,Craig Andrews,jonesmelissa@example.org,363,Daily,58,Basic,9,0.39,Several days of intermittent slow load times on the mobile app has really hurt our workflow.,0
fe6deaa1-7e2f-4067-a082-a04e967ebb5b,Andrew Adkins,ldavis@example.com,106,Weekly,18,Pro,0,0.72,"Our engineering lead hasn't flagged cost as an issue for customer support, but hasn't praised it either.",0
1b563a97-f2de-4915-8ced-f05a67bfde22,Rebekah Chase,oramos@example.net,925,Weekly,13,Enterprise,1,0.52,Nothing major to report on the export tool over the last onboarding round - does the job as expected.,1
19805afd-3463-4514-9d51-388b250bd3a5,Amy Johnson,rachelweiss@example.org,867,Weekly,9,Basic,1,0.07,Our IT team pointed out that the permissions system's cost dropped relative to value over the last six months.,0
7aaaf619-6faf-4242-b9cd-d3ffc440ed1f,Kara Randall,willie67@example.org,477,Daily,21,Basic,0,0.26,The failed uploads problem on the integration has cost us real time over the last six months.,0
18e68607-1b24-43e6-9de7-855554a58851,Stephanie Mendoza,toddcoffey@example.com,818,Daily,51,Enterprise,2,0.7,A distributed team has had zero problems with the overall experience over the past quarter.,0
d37a23a8-1486-43ac-b35b-3dd643c23e84,Parker Waters,lawrencebanks@example.net,1040,Weekly,11,Pro,3,0.27,The second outage of the notification system in the last two weeks is starting to erode our trust.,1
91ced244-e688-4d3b-aabb-84888193d712,Leslie Adams,christopher91@example.net,407,Weekly,14,Basic,8,0.36,This is the fourth time the past month we've had trouble with the reporting dashboard.,1
71c57183-f207-459c-bef7-ef11864dbf3a,Karen Fritz,hjohnston@example.org,594,Daily,57,Pro,2,0.6,The audit log scaled smoothly as a distributed team grew over the past quarter.,0
3d011c31-a12a-4a35-939c-d96e99a0e32a,Catherine Curtis,xzimmerman@example.com,1044,Daily,33,Pro,2,0.41,Support acknowledged the notification delays on customer support but this quarter later it's still broken.,1
565fe4b8-562b-4fd4-a1d5-702af214420f,Elizabeth Marsh,stephanie06@example.org,427,Daily,63,Enterprise,2,0.74,Our engineering lead is questioning whether the API justifies its cost after the past few sprints of use.,0
6dc27540-02f7-48b4-80c0-9f6c405252b9,Nicole Gregory,coxdanielle@example.net,437,Weekly,11,Enterprise,0,0.31,No issues to report from a 40-person team over the past few sprints - everything just works.,1
5dbcc2d2-7110-4f65-845a-37903e74198d,Maria Morales,vrogers@example.net,446,Weekly,44,Pro,1,0.79,Our whole department has felt genuinely supported by your team throughout this week.,0
3ff7ffea-76c5-4f5a-bacf-34ceb35fe212,Monica Hill,robin46@example.com,824,Daily,63,Pro,3,0.55,A small team has had zero technical issues with the audit log over the last billing cycle. It just works.,0
828aad5e-5967-42f8-b4f3-46153d6e1157,Angela Williams,fowlerjason@example.org,129,Daily,35,Basic,1,0.63,Multiple business units switched from another provider in this space and the cost savings alone justified it.,0
e57be82a-c9ca-4033-9d4b-4305bc0c3ba9,William Turner,zwaller@example.org,960,Daily,24,Basic,2,0.25,The second outage of the audit log in the last two weeks is starting to erode our trust.,0
b7254b83-cf36-46e7-a2f2-8f0611c7353f,Nicole Smith,dianabaker@example.org,303,Daily,109,Basic,0,0.65,Our finance team is happy to keep paying for the mobile app - it pays for itself many times over.,0
08713eb3-9951-458c-8fe6-87776fa23888,Steven Gonzales,wilsonjoseph@example.org,287,Weekly,30,Basic,1,0.76,Our IT team budgeted more for the permissions system this cycle and considers it money well spent.,0
181743e5-b777-4b2b-9426-568dc588e30e,Meghan Cabrera,hmcmillan@example.org,964,Rarely,12,Basic,0,0.35,The third outage of the billing system in this quarter is starting to erode our trust.,1
881dc69d-6c84-4fd8-b8fc-b4dcc28dfadd,Amber Gould,ronniegonzalez@example.org,19,Daily,46,Enterprise,5,0.57,The admin console is serviceable for our whole department; notification delays shows up occasionally but rarely blocks us.,0
d1e96511-e844-46de-9c4f-53a2afa6b7e7,Amanda Murphy,jessica10@example.com,557,Daily,21,Pro,0,0.8,Our account manager here is frustrated that basic requests have gone unanswered for several days.,0
57098616-2566-441e-8c96-8eae7f49720a,Thomas Brown,oalexander@example.net,992,Rarely,2,Pro,1,0.34,"A minor dashboard glitches on the billing system appeared during this quarter, low impact overall.",1
2c40c415-99a7-4d99-82f9-2e18c421831a,Joann Anderson,carolmaldonado@example.com,286,Daily,62,Enterprise,1,0.78,"Over the past few sprints, the workflow builder has neither impressed nor disappointed our department head.",0
bf171420-11ed-4bde-ad8c-9de92fddd61e,Daniel Huffman,marksnyder@example.org,399,Rarely,2,Basic,3,0.16,Our whole department has been blocked by broken links on the audit log for the last two weeks.,1
a27fc65b-6a4e-45e6-a5ad-a983e6681116,Kristen Turner,sarah72@example.net,881,Daily,33,Enterprise,6,0.6,The API has been broken for the past year and it's affecting a distributed team.,0
9ea5bfee-fac6-43c0-b9e9-1e75bf717d5e,Michael Williams,dillonkimberly@example.com,567,Daily,32,Basic,2,0.41,"Given what our whole department gets, the pricing on the search feature feels very fair.",0
fce0664e-29a4-493f-bc3a-d83027f26bb5,Taylor Fritz,patriciastewart@example.net,561,Weekly,17,Basic,1,0.47,Budget conversations about the notification system have been low-key for our whole department over this week.,0
508540b5-43a0-45f6-8594-01c4fa3d08e6,Jill White,stokeskaren@example.org,1062,Weekly,8,Pro,12,0.47,We noticed duplicate records on the workflow builder once or twice during the last two weeks but it resolved itself.,1
1ae9f5f0-faad-443c-a585-4496a6bd0647,Michael Branch,amandacherry@example.net,822,Daily,27,Enterprise,1,0.74,Every time a distributed team relies on the export tool it fails us. this week has been rough.,0
f83d898b-309d-4b25-9d6b-f0cb50728504,Jeffrey Thomas,kcruz@example.net,828,Weekly,58,Pro,1,0.46,Our finance team is still getting familiar with the mobile app after several days.,1
522b360b-aa15-4c46-8fc9-85785325d605,Jennifer Barton,brandi32@example.net,893,Weekly,48,Pro,3,0.18,A small team switched from a lower-cost competitor and the cost savings alone justified it.,0
af913232-48ed-46c2-af90-d67f3d185ac0,Rachael Pitts,garnold@example.org,377,Daily,53,Basic,3,0.55,"For the price, a growing team is getting far more value than our finance team expected.",0
930fdb12-8f24-426b-a1b7-63645c612ade,Edward Johnson,huntmegan@example.com,844,Daily,116,Enterprise,3,0.61,Is there a way for multiple business units to bulk-export records across projects in the permissions system?,0
0a96680c-8bd4-46bf-a710-4dc573e36fa7,Mark Anderson,rodriguezscott@example.com,91,Weekly,23,Enterprise,0,0.48,The second outage of customer support in the last few days is starting to erode our trust.,0
e9be1436-f008-4caa-b57a-cc4c1f76a120,Steven Elliott,kimjennifer@example.net,25,Weekly,36,Basic,0,0.82,"A general status update from our department head - no issues, no notable wins over the last few days.",0
1a965480-dbea-42af-953b-cde85fe1ca37,Anthony Ward,ydelgado@example.com,791,Weekly,43,Enterprise,4,0.54,"For what we pay, our procurement team expected a lot more from the search feature.",0
db7e4e23-0945-4758-99a1-5560ca7b174c,Wendy Foster,pochoa@example.net,190,Rarely,4,Pro,1,0.27,We are locked out of the search feature again during the past year - this keeps happening.,1
7dbe7928-506d-4a0a-bc7d-434fc0893e88,Taylor Lara,darius87@example.com,300,Daily,26,Pro,1,0.78,Nothing major to report on the permissions system over the past year - does the job as expected.,0
73275296-9a2d-4f31-887e-5df612106a84,Gerald Orozco,jbishop@example.com,781,Rarely,3,Basic,0,0.45,Pricing hasn't been a deciding factor for our whole department over the past month.,1
e4e4c422-2573-4462-89e0-fb8cdcfb021c,Heidi Hudson,kprice@example.com,130,Rarely,2,Enterprise,5,0.21,We reported notification delays on the collaboration tools recent weeks ago and it's still unresolved.,1
0a8ef2f6-eaa2-48ae-835f-56dadcb285c1,Aaron Garcia,julia34@example.com,1071,Rarely,12,Pro,0,0.01,The renewal quote for the permissions system landed roughly where our procurement team expected.,1
4a088bcd-4876-45a4-874e-57956461fa61,Shelby Jordan,courtney36@example.org,758,Weekly,8,Pro,17,0.01,Dashboard glitches on the onboarding flow has been a recurring headache for the past year.,1
22cd856b-de08-4aa0-98da-7bb2febd02de,Lauren Hall,webbkelly@example.net,826,Weekly,7,Pro,0,0.68,Our finance team flagged that another provider in this space offers similar the integration functionality for less.,1
01ad6f88-e60f-4629-9168-bd5a72d7b773,Howard Callahan,johnsonsamantha@example.com,672,Daily,16,Pro,0,0.97,The relationship between multiple business units and your team has only gotten stronger over several days.,0
83bd1666-2916-4345-9bbb-7f8f2ddf8477,Steven Gordon,olivia12@example.org,617,Rarely,2,Pro,4,0.44,We reported login errors on the billing system this quarter ago and it's still unresolved.,1
f4818c36-a000-410d-b26f-1352368b396c,Amanda Hall DDS,amberjenkins@example.net,693,Rarely,4,Pro,2,0.23,Support acknowledged the API timeouts on the notification system but the past quarter later it's still broken.,1
3916038b-cd6e-4e34-8f43-9bf3a1e69dab,Daniel Martinez,matthewgregory@example.net,144,Daily,95,Basic,1,0.42,A distributed team has had an unremarkable but functional experience with the audit log lately.,0
897fe99a-ff09-410d-a727-556af96caa66,Laura Kim,justin04@example.org,547,Daily,52,Basic,10,0.97,We reported report generation errors on the search feature the last billing cycle ago and it's still unresolved.,0
0e3d9835-c125-48ef-a384-0f5c5edcde11,David Hodges,vlucas@example.net,444,Weekly,2,Enterprise,12,0.08,Every time a growing team relies on the admin console it fails us. the last six months has been rough.,1
8af69fd9-133d-4f84-b07a-93317b73f99c,Sharon Higgins,christopher63@example.net,1017,Daily,85,Basic,1,0.56,The notification system handles a 40-person team's workload without a hitch. No complaints on the technical side.,0
255fa395-f541-4073-8f66-a70cdc0722a7,Robert Schwartz Jr.,melissalee@example.com,183,Rarely,14,Enterprise,15,0.44,Slow load times on the onboarding flow has been a recurring headache for this quarter.,1
ca70cf8c-fa14-46f6-959c-d05bdc9ceadd,Brian Bishop,joseph20@example.org,707,Weekly,52,Basic,3,0.86,Every renewal cycle the price on the analytics module climbs and our procurement team isn't seeing why.,0
02075b8a-ec78-4809-aea5-f010b5598e2f,Jonathan Stevens,gdudley@example.org,798,Weekly,53,Basic,2,0.56,We've had repeated report generation errors on the search feature for the last onboarding round now with no real fix.,0
c84c8c7d-417c-4265-b838-a0e2adc87edb,William Hill,samuel69@example.com,420,Daily,44,Basic,0,0.32,The onboarding flow has been broken for the last billing cycle and it's affecting multiple business units.,0
596e371c-e7eb-491c-bb60-3d14aab6f67c,Jeremy Sutton,dwayne70@example.net,455,Weekly,42,Basic,10,0.51,"We've escalated failed uploads on the integration fourth time now, still no resolution.",0
acc8966a-b921-43aa-b1e8-16d9fdec6e52,Karen Jackson,elizabeth24@example.net,308,Weekly,15,Basic,3,0.62,The pricing model for a growing team stopped making sense to our account manager here around the past month ago.,0
e1697dbc-9b31-4ead-8a25-af5697235fc9,Christine Garrett,lrocha@example.net,8,Weekly,57,Basic,0,0.7,Our account manager here wanted to confirm the billing system's roadmap for the next the past few sprints.,0
79fb5498-1d8b-478c-b701-634c02f06bb1,Donna Martinez,morgannelson@example.net,1094,Weekly,26,Basic,4,0.19,The workflow builder continues to exceed our account manager here's technical expectations after the last two weeks.,0
e4dc0cd8-6e20-4b09-b0e8-5ea2ef00a777,Adam Herrera,bassheather@example.com,782,Weekly,16,Pro,3,0.73,"We've escalated API timeouts on the notification system second time now, still no resolution.",0
885489ca-dee3-4a8e-a11d-e42b97e30d92,Heather Carter,victorking@example.net,136,Daily,90,Pro,1,0.99,Everything from onboarding to support has gone well for a 40-person team over the last billing cycle.,0
4017ec2e-114b-4ddb-b5df-4c88a4665123,Melissa Thompson,moorecatherine@example.net,308,Weekly,19,Basic,3,0.31,The performance of the workflow builder has been excellent for our whole department throughout this week.,0
9f957a24-2785-4276-9314-51f542913777,Sarah Gilmore,mcdanieljacob@example.com,840,Daily,49,Pro,1,0.47,Our whole department has come to rely on the workflow builder precisely because it never breaks.,0
d9fc9e02-e15c-4780-b157-98b29abaca00,Robert Berry,heather23@example.com,134,Weekly,58,Basic,0,0.99,Our ops lead compared invoices from this week and the cost trend is concerning.,0
20677517-d0d7-49d3-821c-4c98b3d7a07d,Randall Gordon,aharrison@example.org,578,Daily,42,Enterprise,2,0.67,Onboarding a small team was smooth and the team has been responsive since.,0
c76e89ad-82a8-4a99-8259-6bf6a3c9b4c8,David Mathews,tracydunn@example.net,793,Rarely,4,Basic,0,0.16,"The onboarding experience for a small team left a lot to be desired, honestly.",1
202a2d01-d0b1-41eb-ba32-e8ada98ce146,Todd Hall,jerry78@example.org,821,Daily,47,Enterprise,1,0.67,"For what we pay, our account manager here expected a lot more from the integration.",0
489663a1-4da8-4d2e-ba4b-c9786390a122,Sean Smith,shanerios@example.org,13,Rarely,3,Basic,3,0.36,Integration failures on the audit log has been a recurring headache for the last onboarding round.,1
33dfe9c7-d4e2-4124-bf5a-96e7c24e745a,Beth Lam,oleonard@example.org,1040,Daily,65,Basic,0,0.29,"Cost over the past quarter is about what our finance team expected - no complaints, no major praise.",0
a6f01062-7fd5-4634-9c90-3cf7b7e25289,Evelyn Tran,washingtonrobert@example.com,330,Weekly,18,Basic,17,0.19,We reported slow load times on the workflow builder this quarter ago and it's still unresolved.,0
b9b5a476-202f-44c8-9839-b6ff77243882,David Howard,ruth31@example.org,596,Weekly,57,Basic,2,0.61,"Cost over the past few sprints is about what our IT team expected - no complaints, no major praise.",0
73f59582-c806-472c-b81d-1567cdb7ad7e,Christina Pruitt,tina09@example.net,889,Weekly,19,Pro,0,0.81,The reliability of the onboarding flow over the last two weeks has genuinely earned our account manager here's trust.,0
5a4223a9-10c4-4b98-9705-dfd0f2d3f5a5,Bryce Garcia,ahernandez@example.org,13,Daily,40,Pro,2,0.75,"A minor duplicate records on the mobile app appeared during the past few sprints, low impact overall.",0
4a5055fd-1718-4407-8d82-3746e19ab3ae,Diana Rodgers,wpearson@example.org,480,Daily,71,Basic,3,0.87,Nobody has responded to our complaint about integration failures on the API in the past quarter.,0
8e77fcfe-432d-4d2e-b5b4-57a5316a78ce,John Robinson,gwendolyn60@example.net,934,Daily,59,Pro,3,0.76,Our procurement team asked how to set up conditional logic in the admin console.,1
21baacc5-48d8-49f9-b0c5-b6b01ac6a3d5,Beverly Browning,ihiggins@example.com,703,Rarely,14,Basic,4,0.07,A 40-person team can't keep absorbing the cost increases on the onboarding flow seen over the last few days.,1
28a5bcb7-68d2-496c-a770-e326b561c8e0,Garrett Davis,xdavis@example.org,302,Weekly,10,Enterprise,1,0.46,The API has been broken for this quarter and it's affecting a 40-person team.,1
1648a35f-60c9-487c-bc15-e3e259775a2d,James Jefferson,cstokes@example.com,325,Weekly,29,Pro,0,0.42,The per-seat pricing has become a real budget problem for a small team over the last billing cycle.,0
2b49765c-f5cb-4838-9af2-bc118ec49299,Marcus Jordan,amywilliams@example.net,1052,Daily,95,Basic,0,0.36,The reliability of the integration over the past few sprints has genuinely earned our finance team's trust.,0
5b45de22-7915-4e12-94a7-cd11346be4dd,Carol Houston,randywest@example.com,363,Weekly,3,Pro,1,0.42,Nobody has responded to our complaint about slow load times on the API in this week.,1
d9564973-4312-4248-9e83-2bfe4eb5a96a,Paul Andrews,richard38@example.com,375,Weekly,51,Pro,3,0.5,Our whole department has had zero technical issues with the reporting dashboard over the past few sprints. It just works.,0
8e1fe201-ed44-4226-a5c5-f968c3658765,Shirley Sullivan,chernandez@example.com,498,Weekly,57,Pro,4,0.7,Our finance team flagged that a cheaper alternative offers similar the reporting dashboard functionality for less.,1
d6cdac3d-5858-4c8b-9faa-95adc8bc8f54,William Obrien,elizabethcollins@example.net,41,Rarely,9,Pro,4,0.01,The mobile app has been broken for this quarter and it's affecting a 40-person team.,1
76b34d5d-86f8-4efb-9048-bcd93573a8e1,Janet Cole,kelleynathan@example.org,352,Rarely,14,Basic,0,0.88,Our ops lead hasn't seen a single slow load times on the admin console in this quarter - great reliability.,0
dee47df6-1577-4d50-a41a-1bfe34db8879,Sarah Gomez,cynthiaschneider@example.net,511,Weekly,59,Pro,1,0.44,"Just a routine check-in from our account manager here, nothing specific to report over the past month.",0
5699c98b-6e6d-44d3-a8fb-cef77cbd0f23,Richard Boyd,ajohnson@example.com,950,Daily,87,Basic,0,0.53,Our account manager here appreciated the proactive outreach from your side over recent weeks.,0
523e24b2-3da2-4207-ab84-d1d0d41357c0,Susan Rice,gonzalezjohn@example.org,70,Weekly,10,Basic,1,0.03,Our IT team hasn't seen a single permission errors on the mobile app in the past quarter - great reliability.,1
587ce8cc-a144-4ac0-a35c-a29d1d557a7d,Andrew Barnett,cmorales@example.org,649,Weekly,59,Pro,0,0.56,The reliability of the API over the last few days has genuinely earned our procurement team's trust.,0
db108f58-b305-45bd-a7a5-1fcdb5bb55b8,Dr. Margaret Snyder,charles49@example.net,912,Weekly,40,Pro,10,0.73,"We've escalated session timeouts on the integration fifth time now, still no resolution.",0
537b8d53-8266-4d42-8bdc-0b1fd6f52b41,Angela Bradley,jesus07@example.net,560,Weekly,12,Pro,0,0.66,Our account manager here migrated a big workload onto the onboarding flow and it performed flawlessly.,1
e392be9d-842b-4c6e-8429-050354aa8ab6,Aimee Flowers,jennifer15@example.net,290,Weekly,41,Basic,1,0.38,"A small team has had a smooth, low-friction experience across the past year.",0
b0ed1bce-f0fb-45e0-b212-e3ad02919cdf,Hannah Moreno,osparks@example.org,219,Daily,25,Basic,1,0.37,Our procurement team hasn't seen a single sync failures on the workflow builder in recent weeks - great reliability.,0
6ac801e7-8d36-4fa3-ac0a-57cf7d86b6d3,Shawna Walker DDS,tshaw@example.org,85,Daily,97,Pro,1,0.44,The integration handles our whole department's workload without a hitch. No complaints on the technical side.,0
658e3494-d610-4e9e-b9d6-793a09bb9fc5,Laura Martinez,lisa09@example.org,414,Weekly,12,Basic,3,0.02,A small team has been blocked by notification delays on customer support for the last onboarding round.,1
4d3373f9-a811-4f46-9f7a-18962da152c3,Daniel Goodman,wbaker@example.net,795,Daily,33,Basic,1,0.38,The pricing model for a 40-person team stopped making sense to our finance team around the past quarter ago.,1
b7292af4-92db-4082-a020-562041799ab4,Amanda Cain,goldenbethany@example.com,401,Daily,29,Pro,10,0.28,A growing team has been blocked by broken links on the reporting dashboard for the last two weeks.,1
695ceacc-9da4-4598-86fc-25caa306cadb,Joseph Chavez,lclark@example.net,318,Daily,51,Enterprise,3,0.28,Our department head renewed without hesitation - the price-to-value ratio on the collaboration tools is hard to beat.,0
e8a17062-4a38-4fb9-bd0d-6d41c3849c5a,Carl Palmer,anthonynewton@example.org,346,Daily,104,Basic,3,0.83,"The audit log does what it needs to for a small team, aside from the occasional session timeouts.",0
f42c528d-ddf2-4d87-bfd4-c5a98e4b7774,Lisa Owens,clarkzachary@example.com,766,Weekly,52,Pro,2,0.51,A 40-person team has come to rely on customer support precisely because it never breaks.,0
4be6950a-ea59-45a0-a6ab-d239c8e45a23,Elizabeth Gill,mary76@example.net,601,Weekly,4,Basic,4,0.1,The recent improvements to the export tool have made a real difference for a 40-person team.,1
0e67e8b3-3a71-4a3c-a2ea-b3c1b612b563,Lorraine Foster,stevenjimenez@example.com,1089,Daily,26,Basic,0,0.67,Our ops lead hasn't seen a single integration failures on customer support in recent weeks - great reliability.,0
224cd2d9-86aa-4e1b-9c92-1a63a6ad27e4,Ashley Knight,danielburton@example.com,990,Daily,25,Basic,1,0.34,"We've escalated data export bugs on the mobile app third time now, still no resolution.",1
bd3dedc3-5058-4ae6-9cf8-712dba044565,Willie Brooks,mitchelljeffrey@example.org,607,Weekly,52,Pro,1,0.3,"A small team has had a smooth, low-friction experience across the last two weeks.",0
05beb78e-d988-447b-8828-50b040bd1a4b,Samuel Smith,jilliansparks@example.net,13,Daily,48,Pro,0,0.79,Multiple business units hasn't had much to report on the API over the last six months.,0
6191e43a-f021-4c36-9a42-2817018c2a72,Ashley Garcia,skinnerbarbara@example.org,598,Rarely,11,Pro,1,0.51,The support experience for multiple business units has gotten noticeably worse over the last onboarding round.,1
6c1df201-bdae-4385-b597-dc2a58dc4f45,John Jones,misty17@example.com,1019,Rarely,5,Basic,3,0.19,Every time a 40-person team relies on the notification system it fails us. the past few sprints has been rough.,1
430f5bec-ab0c-47e2-9c62-a5aa5da00cae,Steven Watson,sherrimiller@example.com,307,Weekly,14,Basic,18,0.21,The export tool going down during the past month caused real disruption for a small team.,1
70a676e6-6dfb-4801-9579-76165a6080cd,William Sanders,elizabeth92@example.com,893,Daily,117,Basic,0,0.3,Our finance team is happy to keep paying for the mobile app - it pays for itself many times over.,1
719e4fab-bd7c-44cb-876a-6d622d109597,Jessica Peters,erik38@example.com,650,Weekly,6,Basic,0,0.2,Multiple business units has had zero downtime issues with the export tool in the past year.,1
2635fb51-647b-4912-85db-aafe1f2a4055,Brian Adams,whitemelissa@example.org,670,Weekly,8,Basic,0,0.01,"The onboarding flow crashed again this cycle, on top of login errors from recent weeks.",1
6992f324-112f-44ca-b5d4-4ebcd423d03b,Joseph Martinez,jessicaholmes@example.net,447,Daily,37,Enterprise,2,0.85,"General feedback: the workflow builder is fine, broken links handling could be faster over the past few sprints.",0
faa3be14-954f-413d-bdac-f7e310d2e758,Danielle Parks,rcollins@example.com,866,Daily,20,Basic,2,0.63,Our engineering lead specifically called out how reasonable the renewal cost on the collaboration tools was.,0
9db2754e-260a-4f2e-9632-124541416d3b,Scott Berry,flynnangela@example.com,516,Daily,57,Pro,1,0.45,Our finance team ran the numbers and the analytics module beats a couple of competitor tools on cost per seat.,0
09332f46-7ecb-46ef-bd8b-138926e952ba,David Dunn,austin39@example.com,355,Daily,49,Enterprise,1,0.55,"A 40-person team has had a smooth, low-friction experience across the last two weeks.",0
df7aa58e-ae0b-48aa-9611-7849903f6a63,Jennifer Webb,perezchristopher@example.com,520,Weekly,28,Enterprise,0,0.87,Our IT team has been consistently happy with the service over the past year.,0
c7dbab8d-a208-4858-a5e7-c163ba802093,Paula Turner,christinabryant@example.net,704,Daily,26,Pro,3,0.08,We reported slow load times on the analytics module this quarter ago and it's still unresolved.,1
c90b8968-9c9b-4420-b2d3-310839b052cf,Dana Howard,sflores@example.org,296,Rarely,7,Basic,3,0.93,We've had repeated dashboard glitches on the integration for the last onboarding round now with no real fix.,1
346a863d-3d75-4b43-b871-387abe409c30,Katherine Villanueva,jperez@example.net,379,Weekly,47,Basic,11,0.57,The notification system going down during the past month caused real disruption for a distributed team.,0
03e80a4d-bd04-4cdd-94e2-3a40d12ea924,Jessica Greer,janetpark@example.com,814,Weekly,8,Enterprise,4,0.62,Our engineering lead was impressed the audit log handled the last six months of peak usage without issue.,0
a5d2940b-732d-4482-8e26-859908e9430c,Diane Hensley,taylorhogan@example.net,1014,Daily,80,Enterprise,3,0.78,Things have been steady for a small team over the past year.,0
a7e259d9-c951-4fbe-a5b0-1791984f0ce4,Anne Alexander,hubbardamanda@example.org,817,Daily,51,Enterprise,4,0.39,"We've escalated data export bugs on the notification system second time now, still no resolution.",1
a86e487e-3584-4fdf-8035-8a8f248fd606,Alicia Williams,bgalloway@example.net,431,Weekly,10,Pro,3,0.43,Multiple business units has been blocked by slow load times on the billing system for recent weeks.,1
6dc0631c-2ef9-481a-b1c0-7bb13ef78c22,Krista Moore,ryan80@example.net,496,Rarely,11,Pro,12,0.44,We are locked out of the search feature again during the past year - this keeps happening.,1
768eb1a3-e9c3-4372-9bf1-0e2efd877e09,Mr. Casey Allen,aperry@example.net,160,Daily,24,Pro,1,0.65,The mobile app's pricing has stayed fair even as multiple business units scaled up usage over the past year.,0
b8cded9c-f238-49c3-80b0-620bc658e779,Jerry Jenkins,cknox@example.net,868,Daily,69,Basic,2,0.53,The collaboration tools has been broken for the past month and it's affecting a 40-person team.,0
29ed0c6f-3954-4266-ad59-30c95101c9cd,Elizabeth Nguyen,patrick09@example.com,600,Rarely,6,Pro,3,0.71,Nobody has responded to our complaint about broken links on the reporting dashboard in this quarter.,1
8dff20eb-4551-4486-bf9f-44d0c6fcda9c,Douglas Gutierrez,flee@example.org,1037,Weekly,14,Basic,11,0.71,We are locked out of the reporting dashboard again during the last two weeks - this keeps happening.,1
06d94f9c-6578-444a-b69b-89af2e65971f,Travis Orr,myersthomas@example.org,1050,Rarely,13,Basic,2,0.31,Things have been mostly stable on the mobile app for multiple business units over the last six months.,1
02605caf-9acf-472e-adc7-fbb2b9f9e928,Elizabeth Hardin,marsheric@example.com,72,Weekly,30,Basic,4,0.29,"Our finance team logged one instance of integration failures on the reporting dashboard during the last two weeks, resolved quickly.",0
937eb4c7-a8ef-4597-90b4-08b2469c296d,Jesse White,jtucker@example.com,430,Weekly,2,Basic,3,0.69,A 40-person team has had an unremarkable but functional experience with customer support lately.,1
e6ad6ada-afb8-480d-bf05-0fd142382431,Sandra Johnston,carmen72@example.net,546,Daily,105,Enterprise,2,0.7,The past month of intermittent notification delays on the collaboration tools has really hurt our workflow.,0
6457d601-9770-428b-bbad-376b04623afb,Traci Cole,aimeewhite@example.com,822,Rarely,3,Basic,2,0.64,Nothing major to report on the search feature over the last few days - does the job as expected.,1
b440e978-4334-4a2d-8c99-eb87a72b9ccd,Walter Forbes,oliviapayne@example.net,749,Daily,22,Pro,3,0.15,Multiple business units can't keep absorbing the cost increases on the search feature seen over the last billing cycle.,1
1c19823d-2946-4a17-a645-3950e9fab8d4,Jesse White,russellscott@example.net,911,Daily,108,Enterprise,0,0.29,Things have been steady for a growing team over several days.,1
ae36c9ed-193f-4caa-a485-a7a1706af151,Victoria Kim,kjones@example.org,658,Weekly,28,Enterprise,0,0.28,"Cost over the past year is about what our IT team expected - no complaints, no major praise.",0
0cc49c83-86ea-4da9-8d29-62f496e67b81,Lindsey Hahn,meadowsjennifer@example.net,1004,Weekly,48,Basic,1,0.71,Customer support has been rock solid over this quarter. our IT team is genuinely impressed.,0
3d13ad21-c2a3-4140-b4aa-e03a7bad38b4,Margaret Kirby,annecox@example.net,1002,Rarely,6,Basic,1,0.07,"The permissions system works fine overall, though we've noticed a few session timeouts over this quarter.",1
26b4932a-61b5-4373-8168-fdc1694af5c8,Cynthia Francis,trevinomary@example.net,777,Weekly,7,Pro,5,0.28,Customer support going down during several days caused real disruption for a small team.,1
fe77f661-8a66-42e9-a967-0e6479b28dc2,David Holmes,davidharris@example.com,855,Daily,52,Pro,1,0.78,A 40-person team has been quietly using the collaboration tools without much feedback over the past few sprints.,0
41ae30bc-19f4-4bb4-9879-6c59274f3a90,Vanessa Rangel DVM,lance44@example.net,87,Daily,61,Pro,1,0.66,Our finance team specifically called out how reasonable the renewal cost on the notification system was.,0
3031cf08-7268-4fd4-9c5b-3bf0bdecd2dd,Jonathan Garner,patrickbrowning@example.com,564,Daily,104,Basic,4,0.7,The export tool handles our whole department's workload without a hitch. No complaints on the technical side.,0
0b92120f-3472-47a4-ada5-d8aff403283c,David Miller,rebeccavazquez@example.org,152,Daily,71,Basic,0,0.54,"Our IT team logged one instance of sync failures on the integration during the last onboarding round, resolved quickly.",0
85e007a4-e1d9-420c-9387-e9a6f4150560,Michael Gray DDS,nancy56@example.org,789,Rarely,10,Basic,5,0.05,The slow load times problem on the billing system has cost us real time over the past year.,1
48ceca52-feac-43c3-95a8-215b3fca5b57,Derek Bryan,tjones@example.com,59,Weekly,50,Basic,1,0.36,A growing team has had zero technical issues with the billing system over the last onboarding round. It just works.,0
c57e73ba-7edb-4e44-aa3b-6f28a7dd9ad4,Melissa Olsen,joseph73@example.net,695,Daily,38,Pro,2,0.42,"The API performs adequately for a growing team, though there's room for polish.",0
2764c123-e833-4efb-83bf-dbfc9cc0fd36,Anthony Lopez,nathanwilliams@example.net,9,Daily,54,Basic,5,0.71,Our IT team hasn't seen a single slow load times on the workflow builder in recent weeks - great reliability.,0
a38ccbf0-2852-4a41-a086-5bdf0a43a127,Joseph Barnett,wardjustin@example.com,557,Daily,47,Pro,2,0.7,Our account manager here asked how to set up conditional logic in the mobile app.,0
e2b2f331-7330-4ca1-bd3a-de12b27eee00,Daniel Osborne,gonzalezkatherine@example.net,387,Daily,17,Pro,0,0.35,"Given what a growing team gets, the pricing on the audit log feels very fair.",0
cdc484b0-fe2d-4e12-9d95-7358142fba56,Christopher Jones,joshuacarpenter@example.net,878,Weekly,52,Basic,2,0.3,The performance of customer support has been excellent for a distributed team throughout the past quarter.,1
d2de4f73-1d48-4951-8209-9afcc2e220ec,Barbara Watts,dustin05@example.org,527,Daily,38,Basic,5,0.34,We've had repeated session timeouts on the workflow builder for the past month now with no real fix.,0
019258c1-4b6e-4b2b-ba96-541c3aa132ae,Patrick Peterson,carpenteralicia@example.org,892,Weekly,31,Basic,5,0.62,Our IT team migrated a big workload onto the integration and it performed flawlessly.,0
fd2c766f-1807-4210-89b1-f319f05edff5,Dustin Morgan,fhenderson@example.net,407,Weekly,42,Pro,4,0.26,The broken links problem on the audit log has cost us real time over recent weeks.,1
42f439f3-3b91-472f-af8b-d1460d3f463d,Lauren Barrett,aaron03@example.org,252,Rarely,3,Basic,1,0.17,"The renewal cost on the analytics module was flat this cycle, which our engineering lead appreciated.",1
9f7661e5-8a83-4511-a6ba-727f982308d7,Ryan Romero,james45@example.net,566,Daily,36,Pro,0,0.82,"Cost feels fair enough for multiple business units right now, though our procurement team hasn't stress-tested it.",0
63b8a736-a15f-4937-8380-0e11dce3af68,Rhonda Williams,schultzlisa@example.net,197,Weekly,5,Basic,1,0.59,Our engineering lead was impressed customer support handled several days of peak usage without issue.,0
344eb449-2c9e-41b5-aefb-2291f3799b1c,Megan Smith,james94@example.org,511,Daily,33,Basic,3,0.91,"We've escalated login errors on the reporting dashboard fifth time now, still no resolution.",0
21d8a82a-eb88-43bc-827b-8bafabd8ba43,Wendy Brown,tvalenzuela@example.net,800,Weekly,2,Pro,2,0.01,Nobody has responded to our complaint about dashboard glitches on customer support in several days.,1
0cd9ca9c-d632-4c26-be34-291e83eb866c,John Miller,mwilliams@example.net,598,Rarely,14,Pro,10,0.39,Support acknowledged the API timeouts on the API but several days later it's still broken.,1
0da560e1-ba0d-491c-a9e5-868314540528,Steven Ramirez,jallen@example.org,817,Daily,106,Basic,1,0.6,The report generation errors problem on the audit log has cost us real time over the past few sprints.,0
02eb4758-c4c7-44e4-b959-6bcd68eda6dc,Brandy Stewart,sharonmunoz@example.org,591,Weekly,29,Basic,0,0.4,Our engineering lead specifically called out how dependable the export tool has been over the past few sprints.,0
ae5aacd0-2d3c-4f70-9bdc-035afdfe0884,Albert Sellers,bergerscott@example.net,669,Weekly,48,Basic,1,0.57,The renewal price increase on the export tool is hard to justify given what a growing team actually uses.,0
8fb4932e-e2cd-41e3-8f04-fa0b13673201,Tracey Case,hortonscott@example.com,37,Weekly,55,Basic,3,0.28,The integration has been rock solid over this week. our ops lead is genuinely impressed.,0
3e310a12-065c-4b41-83d5-ffd23658c28b,Jason Carlson,qmitchell@example.net,827,Daily,56,Enterprise,0,0.32,Our finance team asked a routine question about permissions in the integration.,0
bf77edbc-fca6-4280-abe1-0404ef62454b,Susan Welch,edward77@example.com,594,Weekly,51,Pro,0,0.36,We noticed failed uploads on the admin console once or twice during the past quarter but it resolved itself.,0
1392b3bf-6dbd-4178-a103-675abc2cf496,Amanda Costa,ngreene@example.org,113,Daily,59,Enterprise,2,0.18,Our finance team called the pricing on the reporting dashboard a pleasant surprise after the last few days of use.,0
eeee8fdb-dbbd-485f-8d78-ebfb411a4ea2,Amber Saunders,natasha00@example.com,813,Daily,63,Basic,3,0.14,A distributed team has been blocked by login errors on the API for the last six months.,0
89f43465-cc21-4ab4-bb37-0582d29f462b,Kelly Spencer,joelbryant@example.org,170,Daily,32,Enterprise,1,0.26,"For what we pay, our engineering lead expected a lot more from the onboarding flow.",0
e102649f-566d-4d6d-a631-12052998465e,William James,emilybarrett@example.org,816,Weekly,38,Pro,0,0.01,Nobody followed up after our department head flagged this issue this quarter ago.,1
1bf68908-ef82-4f13-897f-c3a47988868f,Christopher Hood,bowenrebekah@example.com,928,Daily,74,Pro,1,0.73,"Pricing on the admin console seems reasonable, though our engineering lead is still evaluating value for multiple business units.",0
40ac8022-d30d-442f-a2e7-8aeb8804e96d,Deanna Petty,xweber@example.net,551,Daily,50,Pro,4,0.99,The API continues to exceed our IT team's technical expectations after the last onboarding round.,0
f7f6a010-1ebe-4842-8389-91c2378b94c1,Kevin Wells,yhorton@example.com,986,Daily,93,Basic,3,0.4,Nobody has responded to our complaint about slow load times on the mobile app in the last two weeks.,0
2d7c27d5-f5d9-48c5-8d18-c91d89fb0e1f,Jill Hamilton,stephanieevans@example.com,477,Weekly,5,Pro,2,0.1,"Cost feels fair enough for a small team right now, though our procurement team hasn't stress-tested it.",1
a7f41462-639d-4409-b5fa-3985548eb388,Shane Dixon,jdaniels@example.com,489,Daily,15,Basic,0,0.38,A 40-person team has had zero technical issues with the analytics module over the past month. It just works.,0
5a521d10-af37-4506-8bd0-20f45fb6f8cd,Tyler Hurst,rebekah60@example.org,1070,Weekly,12,Pro,1,0.78,"Cost feels fair enough for multiple business units right now, though our ops lead hasn't stress-tested it.",0
e473e178-9cda-4a66-bd4f-d0a10fe5f717,Gary Butler,susanrosales@example.com,278,Daily,59,Basic,2,0.52,This quarter of intermittent duplicate records on the billing system has really hurt our workflow.,0
56db77e3-ddeb-4f5e-81ac-dd5ce26dfa1a,Sally Ellis,joesmith@example.com,853,Rarely,13,Enterprise,8,0.67,Support acknowledged the login errors on the analytics module but the past month later it's still broken.,1
71f8e397-ce7a-4fd3-9913-39172132af34,Vanessa Scott,amy92@example.org,480,Daily,35,Pro,4,0.08,Nobody has responded to our complaint about broken links on the API in several days.,1
778335a5-a94d-48b8-925a-cbc6f3de000d,Daniel Hardy,johnsonandrew@example.net,76,Weekly,10,Pro,1,0.4,Our whole department keeps getting passed between different support reps with no continuity.,1
ef495ecf-9b39-428a-bd45-2579fd6fb9b4,Marissa Kelly,farmerdavid@example.net,639,Daily,76,Pro,1,0.77,Our engineering lead migrated a big workload onto the API and it performed flawlessly.,0
358bea72-4c69-486c-92c1-8918a5b6da70,Amanda Wilson,bscott@example.com,338,Daily,109,Basic,8,0.33,The last few days of intermittent session timeouts on the collaboration tools has really hurt our workflow.,1
e096ca3e-b885-4408-9c10-4b952a33697a,Rachel Davis,stephenwelch@example.org,735,Daily,19,Basic,2,0.34,Notification delays on the integration has been a recurring headache for the past year.,1
84f82aad-76e5-414d-b839-b0264e0c95fc,Scott Gomez,maplesky760@example.com,997,Daily,57,Pro,6,0.69,We've had repeated broken links on the export tool for recent weeks now with no real fix.,0
78ddf3cd-b8f3-4bdd-8db7-a45532fe634a,Christopher Price,adkinstravis@example.org,67,Weekly,54,Pro,1,0.67,Our engineering lead would recommend this to other teams after this quarter of good experience.,0
e73824e4-30e1-4a88-8ef6-dfdebace125a,Manuel Horton,brownbethany@example.com,302,Daily,65,Enterprise,1,0.62,The analytics module continues to exceed our department head's technical expectations after recent weeks.,0
2e76f6c8-4ac3-4ab5-8e68-532ceca76902,Jason Chapman,peter26@example.org,721,Weekly,12,Basic,0,0.46,"Cost over the last onboarding round is about what our department head expected - no complaints, no major praise.",0
22ac8a7d-6fb0-429a-a3a3-d46450a43325,Rita Graham,oowens@example.org,307,Daily,20,Basic,2,0.01,The fifth outage of customer support in the last few days is starting to erode our trust.,1
acde5efd-907b-45ba-95b7-e9694b4cead2,Carly Porter,kimberly07@example.com,132,Daily,49,Basic,3,0.54,Support acknowledged the integration failures on the analytics module but the last onboarding round later it's still broken.,0
f9ee0937-b63e-4f9c-be29-89b9a1036760,Amanda Osborne,elewis@example.org,891,Weekly,59,Basic,0,0.4,The relationship between our whole department and your team has only gotten stronger over the last six months.,0
d5f9bdd4-49dc-4608-bf0a-706f081c245c,Stacey Evans,amberharris@example.com,990,Daily,33,Pro,0,0.33,"Our procurement team logged one instance of sync failures on the integration during the last two weeks, resolved quickly.",0
86cfd1cc-2f85-4917-82d2-73f103500dfb,Shannon Jackson,natalie96@example.net,914,Weekly,53,Pro,0,0.25,Support has been fantastic whenever our department head has reached out over the past year.,0
9dda1865-9dd8-4a30-b30d-ed11f8513dc6,Victoria Rogers,madisonlewis@example.com,70,Daily,91,Basic,3,0.68,Nobody has responded to our complaint about session timeouts on the analytics module in the last onboarding round.,1
991dd335-e0dd-491a-a145-2d57b07279e9,Rita Hodges,jacqueline10@example.net,400,Weekly,5,Basic,4,0.31,"The mobile app crashed again this cycle, on top of data export bugs from several days.",1
702a7560-478e-43e3-b42c-a2ed00b33228,James Wright,mmckee@example.com,767,Daily,46,Basic,2,0.38,We've had repeated dashboard glitches on the onboarding flow for the past quarter now with no real fix.,0
a6379807-f95c-46a0-bc9c-467ed60e1359,Andrew Jones,marksimpson@example.com,512,Daily,21,Basic,13,0.02,Dashboard glitches on customer support has been a recurring headache for the last six months.,1
e56fbddb-33cd-4bec-9364-424d86e5181f,Dawn Mcdonald,austinjohnson@example.com,161,Weekly,20,Basic,7,0.55,The past quarter of intermittent permission errors on the admin console has really hurt our workflow.,0
1627088c-1ff3-40f8-9dcf-91e340acb7c4,Lance Black,janefields@example.net,877,Rarely,2,Basic,3,0.29,Every renewal cycle the price on the admin console climbs and our account manager here isn't seeing why.,1
fef751a0-bfe2-4989-a7ba-0f89814fd86c,Donald Medina,kristimorgan@example.net,42,Daily,56,Enterprise,1,0.9,No issues to report from a 40-person team over the past quarter - everything just works.,0
c4be3155-4fdf-4de6-a926-a115d0650557,Melissa Odom,jacob12@example.com,954,Daily,57,Basic,0,0.72,"We've escalated session timeouts on the workflow builder fourth time now, still no resolution.",0
959cccb7-e9dc-480d-a687-5629de965446,Sandra Glover,shannon97@example.com,111,Rarely,3,Pro,1,0.57,Our department head specifically called out how dependable the integration has been over the last billing cycle.,0
85471111-ef4d-4964-8a94-481f38590266,Maria Gonzales,smithbryan@example.org,1024,Weekly,25,Pro,0,0.24,The pricing model for a distributed team stopped making sense to our department head around the last six months ago.,1
895afd45-f8a3-456e-bec5-e4acb1867e6e,John Butler,marcus88@example.net,575,Daily,92,Basic,3,0.62,"Even under heavy load, the notification system held up well for a small team over this quarter.",0
004f8d1e-bd3d-4c1d-ba70-6917a204164e,Douglas Powell,aliciaduncan@example.org,763,Daily,110,Basic,4,0.75,The recent improvements to the workflow builder have made a real difference for a distributed team.,0
ace0776b-9084-4893-a4b9-430b4b886d6f,Jennifer Wood,zbrown@example.net,681,Weekly,41,Basic,0,0.99,"For the price, a distributed team is getting far more value than our finance team expected.",0
7a6e495e-df2a-4fd3-badc-8e9efbfdd8ec,Alexander Zhang,kristopher90@example.net,228,Daily,91,Pro,1,0.88,Our procurement team is really happy with how stable the audit log has been over the past year.,0
c5609b41-a2cc-4d35-9e66-8a5d5fd1f64f,Nicholas Harris,smartinez@example.com,275,Weekly,17,Pro,3,0.25,"Our IT team logged one instance of broken links on the audit log during the past year, resolved quickly.",0
61fa057e-0e50-4249-adcc-b18a06358320,Michael Washington,tjenkins@example.com,958,Weekly,14,Basic,3,0.23,Our whole department has had zero downtime issues with the API in the past year.,0
ef81ce56-a9b8-4861-926a-7af15284e82b,Melissa Davis,wrobinson@example.net,393,Daily,59,Enterprise,5,0.5,We are locked out of the permissions system again during the last two weeks - this keeps happening.,0
8a883ab2-bdc9-48bc-8661-382896585a67,Tamara Walker,debrawilliams@example.net,349,Daily,95,Basic,3,0.96,Our IT team hasn't seen a single dashboard glitches on the permissions system in this quarter - great reliability.,0
3a1c5975-140a-4a43-8b39-9c299b676448,Anna Harris,connor32@example.org,295,Rarely,9,Enterprise,0,0.56,"A general status update from our department head - no issues, no notable wins over this week.",0
fe00de3a-87e2-40c8-a8fc-6d28d37a2a87,Mark Ford,markholloway@example.com,87,Weekly,57,Basic,2,0.42,"Our IT team is weighing at least two other vendors's pricing against ours, no conclusion yet.",1
2e82e37f-41d0-42b9-9e40-16b24ba8274e,Gina Brown,josephhernandez@example.net,975,Daily,56,Enterprise,9,0.87,We reported login errors on the collaboration tools this week ago and it's still unresolved.,0
502b1d2f-477a-41c9-9bc9-c21d6d65a849,Courtney Watson,vmaynard@example.org,279,Rarely,3,Enterprise,5,0.36,"We've escalated notification delays on the workflow builder sixth time now, still no resolution.",1
65c8148c-d520-4dd6-8090-6a4ac96a7064,Dana Romero,uclark@example.com,159,Rarely,6,Basic,3,0.26,"A small number of failed uploads on the API came up over the last few days, nothing urgent.",1
491aece7-b984-4f4c-90c7-c51f3de4fbc2,Lauren Greene,mariah75@example.org,468,Weekly,22,Enterprise,0,0.44,Our procurement team flagged that a couple of competitor tools offers similar the collaboration tools functionality for less.,0
83f14f03-c597-40dc-8faf-84a9479e55f3,Glenn Bell Jr.,fthompson@example.org,161,Weekly,51,Pro,1,0.4,"The workflow builder met expectations for a distributed team across this week, nothing more to add.",0
47758d30-ba41-498d-bb10-d404c80058ae,Richard Long,isalazar@example.net,859,Daily,24,Pro,1,0.73,Our finance team ran the numbers and the billing system beats a rival platform on cost per seat.,0
87351f46-0217-4b69-bfde-9c7be32afc62,Jon Maxwell,martinkristen@example.org,834,Daily,34,Pro,1,0.84,Our engineering lead tested the integration over the last two weeks and it performed about as expected.,0
ea701698-ca19-420d-acf5-ea6ce0d05263,Justin Bradley,angelabeck@example.com,395,Daily,40,Pro,1,0.68,A growing team has had zero problems with the overall experience over the past few sprints.,0
902dc43a-7b56-43b3-9fa3-886706db2ee3,Erica Peck,yuallison@example.org,1030,Daily,45,Basic,0,0.58,Our procurement team is frustrated that basic requests have gone unanswered for the last onboarding round.,0
a1eeeb4b-c740-4432-b178-04bf4736f060,Danielle Wright,robert95@example.org,189,Daily,80,Pro,0,0.66,"The audit log met expectations for a small team across the past quarter, nothing more to add.",0
e8ac3040-0c99-4390-b082-f13dc992ba0e,Jamie Griffin,vschaefer@example.net,258,Weekly,53,Enterprise,0,0.62,A growing team has had zero problems with the overall experience over recent weeks.,0
b15098d9-2a1d-4129-b28a-424b7325255b,Kelsey Robles,markrowe@example.net,606,Rarely,10,Pro,12,0.34,The past year of intermittent session timeouts on the workflow builder has really hurt our workflow.,1
b3c8255b-09f8-4607-9899-60a31ba30085,Mark Williams,sharon02@example.com,250,Rarely,9,Enterprise,1,0.63,A growing team has had zero downtime issues with the billing system in the last few days.,0
730381b6-9449-4938-9a7c-671885346388,Sonya Houston,stanleybrian@example.net,639,Weekly,28,Pro,2,0.32,Our IT team specifically praised how responsive support has been over the last billing cycle.,0
a6c56626-3e77-4d06-9b63-0bc834d0e329,Jacob Sullivan,taylorkenneth@example.net,308,Weekly,2,Basic,0,0.25,"The renewal cost on the reporting dashboard was flat this cycle, which our procurement team appreciated.",1
3ef08b66-a483-455b-909a-11e531a6bf38,Jorge Knapp,james23@example.com,37,Weekly,7,Pro,0,0.16,Our ops lead is exploring whether the API could support a new workflow for a small team.,1
6dab090c-7e4b-4d9f-a9f0-860cd8ca60a4,Jesse Boyer,palmerluis@example.org,906,Weekly,9,Basic,3,0.17,"The search feature crashed again this cycle, on top of report generation errors from several days.",1
ec1d4838-8454-40c7-b6cf-21a3a9696d42,Laura Nielsen,jeffrey95@example.org,236,Weekly,40,Basic,1,0.7,"For what we pay, our engineering lead expected a lot more from the onboarding flow.",0
99bccc13-cb0b-4d2e-94c0-6fde9f133c5c,Steven Ward,jacqueline89@example.com,220,Weekly,40,Pro,0,0.69,A growing team has felt genuinely supported by your team throughout the past few sprints.,0
4bf67a4d-a59a-4be0-a218-00a62dcd9bb8,Lori Johnson,ramosmichael@example.com,482,Weekly,54,Pro,9,0.48,Every time a distributed team relies on the notification system it fails us. the last onboarding round has been rough.,0
f72ff41a-f1b5-4d10-bb31-ee70e9d4be85,Tony Bass,kimberlyhess@example.org,78,Daily,20,Pro,1,0.49,The account team has been proactive and easy for our IT team to work with.,0
9a75d387-28cc-4ef2-9f37-0129c034f3b8,Ricky Murray,joann85@example.com,701,Daily,98,Basic,1,0.77,Our department head ran the numbers and the onboarding flow beats another provider in this space on cost per seat.,0
e5600f43-5c1e-4315-9976-7674bd7a2e19,Brian Castro,mathismanuel@example.org,590,Daily,23,Basic,2,0.67,"Compared to another provider in this space, the permissions system is genuinely the better value proposition for a small team.",0
9ca9e88f-9ed8-4ad5-bfac-b9b8ed2865d7,Billy Mitchell,donaldsonkara@example.net,338,Weekly,50,Pro,1,0.78,Our department head renewed without hesitation - the price-to-value ratio on the reporting dashboard is hard to beat.,0
ab90ace9-ce60-46e3-9bb5-05bc05dec4f6,Jason Lambert,bradjohnson@example.org,547,Daily,53,Enterprise,6,0.47,"Over the last onboarding round, the onboarding flow has neither impressed nor disappointed our IT team.",0
00590c7a-47ae-4301-b924-58b47d909c62,Thomas Jensen,hollymoore@example.org,320,Rarely,11,Pro,2,0.43,The renewal price increase on the API is hard to justify given what a growing team actually uses.,1
774c0040-68e3-47f5-84a7-a6dbb3903ddd,Ray Brooks,thomasmartin@example.org,376,Rarely,8,Enterprise,0,0.01,Our department head is really happy with how stable the mobile app has been over this quarter.,0
3659317e-2717-4a45-842c-f961f591a72e,Jennifer Cox,vroberts@example.org,809,Weekly,52,Basic,6,0.8,Our department head is close to recommending at least two other vendors purely on cost grounds.,0
d3bbab6d-8079-42d0-b1ae-2fd6bad94591,Jessica Powell,davidclark@example.org,955,Daily,52,Pro,4,0.54,The audit log has been rock solid over recent weeks. our procurement team is genuinely impressed.,0
6ba4c40a-561c-4b49-aff4-66fea01c51b2,Cynthia Franklin,meganpena@example.net,1065,Weekly,33,Basic,3,0.66,"Even under heavy load, the reporting dashboard held up well for a distributed team over this quarter.",0
0de05912-94b3-4a31-946a-f0587a89c3e1,Pamela Ross,escott@example.net,1055,Weekly,17,Pro,0,0.36,"Onboarding a 40-person team took far longer than promised, dragging on for the past year.",0
c70e7c7d-995b-4c09-a65d-3987b5753e65,Kara Lynch,gibsonbrandon@example.org,584,Weekly,33,Pro,4,0.58,The API scaled smoothly as our whole department grew over this quarter.,0
2154c77a-b917-46dd-8d65-0adc211c1ad9,Brittany Elliott,michaelhenry@example.net,864,Daily,31,Basic,1,0.68,Multiple business units is neither over- nor under-whelmed by what the workflow builder costs right now.,0
c75a2195-b3e5-42dd-9bb5-9ce59242c58c,Lindsey Trujillo,ijohnson@example.com,620,Daily,51,Pro,3,0.77,Our department head is really happy with how stable the onboarding flow has been over the last two weeks.,0
7a5bcbdc-b8e1-4d06-89c8-69782cd2532c,Tara Chen,davidperkins@example.com,364,Weekly,8,Basic,3,0.72,The slow load times problem on the search feature has cost us real time over the past quarter.,1
2d9b3afc-264e-4068-b27c-e045294616ac,Raymond Whitaker,ronaldrobbins@example.org,17,Weekly,32,Basic,2,0.49,"The notification system crashed again this cycle, on top of broken links from this quarter.",0
def5254c-c210-4b24-b732-d6b376b5c684,Samantha Jimenez,christopherjones@example.org,653,Weekly,54,Basic,4,0.73,Nothing major to report on the onboarding flow over several days - does the job as expected.,0
3c896b26-cc79-4a19-b7f6-6852ea6628d8,Rebecca Garrison,dylan24@example.com,784,Weekly,44,Enterprise,0,0.63,"Over the last billing cycle, the audit log has neither impressed nor disappointed our engineering lead.",0
b8c0e8e5-6e5b-476a-8b5a-69adb14b0ddf,Matthew Burton,amygarcia@example.org,868,Daily,98,Basic,1,0.43,Our IT team ran the numbers and the analytics module beats a lower-cost competitor on cost per seat.,0
da5d7ae9-c477-4d03-8f2e-61e25fb339ec,David Bishop,jessicabaker@example.org,33,Rarely,7,Pro,0,0.33,It shouldn't take this quarter to get a simple response from your account team.,1
62302ec5-0336-464f-8bc1-67f401a1d79a,Rachael Gross,utaylor@example.com,165,Rarely,10,Pro,0,0.07,The support experience for a 40-person team has gotten noticeably worse over the past quarter.,1
fbd60010-d0c3-4a02-a47b-f26e79723d52,Bailey Jones,ipitts@example.net,856,Weekly,16,Basic,2,0.78,Our engineering lead is seriously evaluating a rival platform given the current cost over recent weeks.,0
01c09922-b432-4073-a57e-378ed4e4fe5e,Scott Hernandez,elizabeth22@example.org,855,Weekly,25,Basic,11,0.01,"The mobile app crashed again this cycle, on top of session timeouts from the past month.",1
993dbc3a-9395-4c70-a426-8bd2f266e9f4,Shawn Thomas,hfletcher@example.org,522,Daily,78,Enterprise,2,0.97,The billing system has been broken for the past quarter and it's affecting a 40-person team.,0
b6d611d1-3710-4d25-84f4-b921fdc9f09a,Joseph Simpson,michael89@example.org,291,Daily,87,Basic,1,0.68,"Pricing on the notification system seems reasonable, though our ops lead is still evaluating value for a small team.",0
b01b0991-6db1-4619-9fe5-a08df2280a4f,Theresa Simmons,robert74@example.org,916,Daily,35,Pro,0,0.79,Pricing hasn't been a deciding factor for multiple business units over the last few days.,0
14d6d65f-c7d1-4431-9133-08fc4607d9ad,Jeffrey Molina,sdiaz@example.net,881,Weekly,24,Enterprise,1,0.56,Notification delays on the reporting dashboard has been a recurring headache for several days.,0
c10df115-7a60-4efd-9965-20dafaf69733,Ronnie Ward,jmoore@example.org,929,Weekly,43,Basic,0,0.37,"Just a routine check-in from our department head, nothing specific to report over recent weeks.",0
7bb43962-8aa0-4472-9ff7-a42c0584285d,Joseph Bell,jennifer93@example.net,617,Daily,15,Basic,0,0.57,"The mobile app's pricing held steady over the past quarter, which kept our finance team neutral on it.",0
9ddee487-9e1b-4bbf-85f2-99802741e930,Donna Martinez,btodd@example.org,177,Daily,45,Pro,5,0.68,The cost-to-value ratio on the integration just hasn't worked for a distributed team over the past quarter.,0
522b1a8e-a310-4098-9602-d0089176584c,Monique Davis,andrew36@example.net,992,Daily,27,Pro,0,0.45,Our account manager here specifically called out how dependable the mobile app has been over the past few sprints.,0
0b61248d-c37c-4fdd-b8af-6d6d01ee7dc9,Anthony Mason,alison84@example.com,1049,Daily,79,Basic,3,0.55,This is the fourth time the past quarter we've had trouble with the admin console.,0
d3bff715-361d-44b2-8488-4acc44e0ddaf,Spencer Matthews,phillipsbrent@example.org,619,Weekly,22,Enterprise,2,0.14,Our department head feels like an afterthought compared to how things were this quarter ago.,0
cc65f1cd-e16d-4c3d-a8d0-0b99733e5bfe,Charles Anderson,anthony44@example.org,837,Daily,58,Enterprise,0,0.26,Our procurement team raised a concern the last few days ago and it fell through the cracks entirely.,0
0b031a25-1c4d-4496-a10b-b15445395c95,Robert Moore,jerry63@example.net,893,Weekly,21,Basic,2,0.44,"We've escalated failed uploads on the onboarding flow sixth time now, still no resolution.",0
5accc55c-b5bf-42d6-ba07-b40e13156ba2,Daniel Delacruz,nicole19@example.com,1,Weekly,14,Basic,1,0.71,A distributed team has had zero problems with the overall experience over this quarter.,0
0403730c-2205-45b1-adb6-a0a883ba76f2,Leslie Campbell,ndavis@example.org,1005,Daily,50,Pro,0,0.61,The export tool scaled smoothly as a 40-person team grew over the past quarter.,0
d3f8734e-8d19-44b0-a213-de91262b6375,Laura White,chaseallen@example.org,950,Daily,15,Pro,1,0.62,The onboarding flow continues to exceed our ops lead's technical expectations after this week.,0
85e3aa47-9308-4d47-99c4-76b9a8b06cd7,Christopher Warner,jessicagray@example.net,936,Weekly,12,Enterprise,1,0.02,Our account manager here is frustrated that basic requests have gone unanswered for the past few sprints.,1
d36eb9c3-122f-453e-8507-9275ba76a711,Mrs. Madison Lee MD,zacharypatterson@example.org,1009,Weekly,6,Basic,0,0.71,"Our department head had a small question about the admin console, support got back within the past quarter.",1
bebcf840-a8d2-4b5d-9d87-a5a6696c281a,Christian Smith,allenjessica@example.net,76,Weekly,10,Enterprise,1,0.46,"The permissions system's pricing held steady over the last two weeks, which kept our department head neutral on it.",1
78c5a86c-e233-4d33-8317-6cdc47822363,David Richardson,meyertyler@example.com,845,Weekly,47,Basic,4,0.47,Our ops lead is happy to keep paying for the reporting dashboard - it pays for itself many times over.,0
9b0d27fb-d761-455e-a8a7-b24467ceec68,Whitney Russell,vrobertson@example.com,730,Weekly,3,Basic,11,0.53,The fourth outage of the mobile app in the last few days is starting to erode our trust.,1
7ce48793-2fe6-429a-a536-110581aea2ef,Vincent York,jeffreylynch@example.net,1030,Weekly,39,Pro,8,0.59,The last billing cycle of intermittent permission errors on the notification system has really hurt our workflow.,0
466487ba-7f87-4194-81cd-253783a46b3d,Daniel Hester,pjones@example.com,156,Weekly,47,Basic,0,0.14,The reporting dashboard going down during the past quarter caused real disruption for a distributed team.,0
aa121bf3-71a1-4e55-9e7b-f826cae1cde5,Jesse Banks,gabrielle26@example.com,806,Daily,109,Pro,11,0.63,The fifth outage of the admin console in this week is starting to erode our trust.,0
584725aa-42fb-48eb-a3f9-328f124895e8,Rachel Brown,qherring@example.org,1060,Weekly,29,Pro,3,0.74,Our department head specifically called out how dependable the integration has been over the past quarter.,0
fea38a9e-0778-48a9-a779-4dd25bab31f0,Nicholas Mcconnell,rbrock@example.net,468,Weekly,30,Basic,2,0.66,"Our ops lead hasn't flagged cost as an issue for the analytics module, but hasn't praised it either.",0
22ade6ca-f3f7-4677-87fb-e19a252742ee,Gabriella Hall,xharrell@example.net,42,Daily,61,Basic,1,0.5,Nobody followed up after our IT team flagged this issue this week ago.,1
ad0fe926-d06b-49d1-8102-c9495ba524e5,Aaron Melton,jenniferschultz@example.org,134,Weekly,3,Pro,0,0.44,Our engineering lead has been consistently happy with the service over the past quarter.,1
a1c7dc62-a716-42d2-9bd4-62d60b3b9d4c,Mrs. Mary Hernandez,jenniferporter@example.com,763,Weekly,28,Enterprise,1,0.37,The recent improvements to the workflow builder have made a real difference for our whole department.,0
d2968d7f-5b47-4025-a31a-6d1023499011,Amber Garcia,roberto94@example.net,137,Weekly,24,Basic,0,0.42,"Compared to a couple of competitor tools, the search feature is genuinely the better value proposition for a 40-person team.",0
881dae7d-86d5-4b57-8096-393ddebe7d5e,Carrie Galloway,shawn15@example.net,151,Daily,65,Enterprise,1,0.65,Things have been steady for a growing team over the past month.,0
23779cc8-7669-434e-881a-ba18604f1d8c,William Williams,robertjackson@example.org,494,Weekly,10,Pro,3,0.56,We've had repeated broken links on the notification system for the last few days now with no real fix.,1
bb9c4b15-de47-4265-9850-07ba8a822c22,Jean Young,linda63@example.org,914,Daily,25,Pro,7,0.99,Our finance team is questioning whether the admin console justifies its cost after the past few sprints of use.,0
2af2048c-ee54-4a49-9856-26f673b18a10,Taylor Alexander,harriskaren@example.org,348,Daily,49,Basic,5,0.55,The permissions system continues to exceed our engineering lead's technical expectations after the past year.,0
0eb74394-e0d0-4d9c-9761-a5d5d7d0f571,Anthony Castillo,mooreashley@example.com,776,Rarely,11,Basic,2,0.34,Integration failures on the API has been a recurring headache for the past quarter.,1
b4b43992-2ac7-42c4-8c30-2eb40699de90,Brenda Dickerson,pfranklin@example.net,734,Daily,57,Enterprise,4,0.4,The fifth outage of the collaboration tools in the past quarter is starting to erode our trust.,0
cadcffaf-e05d-4760-9c8d-1ec3659df54a,Richard Mitchell,jacobcohen@example.com,318,Weekly,54,Basic,1,0.33,"Even under heavy load, the notification system held up well for a 40-person team over the last onboarding round.",0
81f45b25-2b82-4da9-8034-7792e843ee87,Charles Jennings,emily61@example.com,806,Weekly,10,Pro,2,0.35,"A small number of session timeouts on the integration came up over the last six months, nothing urgent.",0
2db1caeb-f863-4167-916b-64e14f886312,Rebecca Walker MD,robert07@example.com,622,Weekly,35,Pro,4,0.58,Our account manager here specifically called out how dependable the analytics module has been over this week.,0
047bfac7-a282-4cc4-be3b-548c28cdc280,Robert Ward,paula77@example.net,194,Weekly,36,Basic,7,0.82,The renewal price increase on the workflow builder is hard to justify given what a distributed team actually uses.,0
39739bad-2b44-407c-9195-027b6466bf64,Jonathan Taylor,molly27@example.com,136,Daily,19,Pro,0,0.13,"The reporting dashboard works fine overall, though we've noticed a few data export bugs over recent weeks.",1
80b98997-32c6-4fb8-8b1e-f87d0a8fa0b4,Jonathan Booker,gabriellefry@example.com,237,Daily,98,Pro,2,0.44,Things have been steady for a small team over the last six months.,0
04399316-d653-46a6-aefc-0627283af647,Kendra Young,imays@example.com,90,Daily,25,Pro,1,0.37,The support experience for a growing team has gotten noticeably worse over this week.,1
8c1c2cbb-7138-4f1b-8095-e8c0bea91377,Tara Gillespie,clarkmark@example.net,725,Weekly,43,Basic,2,0.57,"Compared to a couple of competitor tools, the audit log is genuinely the better value proposition for a distributed team.",0
93e847cc-663b-4d1a-a124-8228c86c842f,Natalie Mann,deborah71@example.net,307,Weekly,9,Enterprise,2,0.73,Our ops lead tested the collaboration tools over the past few sprints and it performed about as expected.,1
90003f7a-4555-4beb-a56a-85e9b62546bb,Chad Davis,cwilson@example.org,399,Rarely,13,Pro,1,0.76,Our finance team appreciated the proactive outreach from your side over recent weeks.,0
eefcf601-6af5-41e2-96d7-8a22b8f6d13f,Jeffrey Robbins,vlyons@example.org,419,Rarely,10,Basic,0,0.34,"Just a routine check-in from our procurement team, nothing specific to report over the last onboarding round.",1
388fe5d3-aac7-44e8-bb1e-bf162565136c,Taylor Ray,thomasjohnson@example.com,654,Rarely,12,Pro,0,0.51,Things have been steady for multiple business units over the last six months.,1
53cbd132-0753-46dc-9c1f-11c8983dbe6e,Stephanie Cooper,thompsonemily@example.org,940,Weekly,52,Enterprise,2,0.99,Everything from onboarding to support has gone well for a 40-person team over the last billing cycle.,0
9524b263-68aa-4298-bdf5-38edf227da36,Andrea Rivera,portercheryl@example.org,621,Rarely,3,Basic,0,0.56,The workflow builder has been broken for the last onboarding round and it's affecting a distributed team.,0
43e063f8-735f-438b-9ad3-3692cd363ff3,Tina Malone,toni38@example.net,871,Daily,28,Enterprise,2,0.46,Our account manager here would recommend this to other teams after this quarter of good experience.,0
9e6e815a-029c-4231-a6f6-3df937c81e46,Scott Jones,ubaird@example.org,94,Weekly,26,Basic,0,0.69,Our account manager here looked at at least two other vendors recently and honestly this is the better deal.,0
8c5aa73e-c368-41f6-8f7c-cf8835399974,Ricardo Weaver,erica91@example.net,808,Daily,25,Basic,1,0.39,The recent improvements to the audit log have made a real difference for multiple business units.,0
2ab4ab7d-f5a9-427a-ad44-5b7e62c0286b,Laura Allen,courtney27@example.org,187,Weekly,9,Basic,3,0.42,The billing system going down during the last two weeks caused real disruption for multiple business units.,1
814450f5-5c44-4522-b5e0-d0c8a6b87740,Jamie Cruz,nortonchris@example.net,96,Daily,26,Pro,1,0.33,The collaboration tools has been broken for the last onboarding round and it's affecting a 40-person team.,0
a1873ec9-6944-44fd-b8c9-b571920797ff,Sara Martinez,josewoodward@example.net,902,Rarely,13,Enterprise,8,0.29,Nobody has responded to our complaint about dashboard glitches on the export tool in the last six months.,1
c0bbea50-1428-4916-8336-253fd4f6b23d,Rachel Harris MD,aaron71@example.net,687,Daily,58,Basic,2,0.86,The integration has been rock solid over the last few days. our ops lead is genuinely impressed.,0
800d945c-56c7-4048-b6b8-b0dc2127b6c6,Stephanie Knight,dillon91@example.org,382,Rarely,1,Basic,4,0.36,Our account manager here tested the workflow builder over recent weeks and it performed about as expected.,1
9947eb4f-968f-4b00-9e07-81b4d4f2982e,Belinda Long,jennifer36@example.com,598,Daily,90,Pro,9,0.62,Nobody has responded to our complaint about sync failures on the API in the past quarter.,0
2bb8b355-fbdb-4143-9fba-2750106813c2,Anthony Garcia,cassieramirez@example.net,332,Daily,77,Basic,1,0.69,"For the price, our whole department is getting far more value than our ops lead expected.",0
92420bd6-e939-4ffe-ad57-c6bea1963a68,Jill Atkins,itorres@example.org,1087,Weekly,21,Pro,2,0.51,The last six months of intermittent notification delays on the API has really hurt our workflow.,0
da753600-3261-463a-b6fc-a1991f2ea4a1,John Lewis,jennifer64@example.com,561,Weekly,13,Basic,1,0.13,The renewal price increase on the analytics module is hard to justify given what a growing team actually uses.,1
2926c12b-ed2a-4317-a5a0-ffe7edb84a60,Jonathan Jones,sara62@example.net,96,Weekly,2,Enterprise,3,0.2,The broken links problem on the permissions system has cost us real time over the last billing cycle.,1
f0e3b3cf-281b-432d-97c3-e8461fa9e381,Paul Martin,kimberlymercer@example.com,780,Daily,51,Enterprise,7,0.57,"The audit log crashed again this cycle, on top of notification delays from the past few sprints.",1
a8c07640-982a-44c6-9d4a-48a8a7e2e853,Kristin Paul,sherriross@example.org,797,Daily,33,Pro,1,0.68,Our finance team budgeted more for the mobile app this cycle and considers it money well spent.,0
ed3bfa55-b745-4e08-8bac-0f11ae45a819,Carol Nguyen,joshua41@example.com,257,Weekly,4,Basic,7,0.19,Every time a small team relies on the API it fails us. the past month has been rough.,1
00cfcbf9-4d11-49e5-a55d-8f7287379200,Christina Moore,micheal83@example.org,418,Daily,114,Basic,0,0.18,Our finance team noted the price of the API without much reaction either way over this quarter.,0
27ce655b-38ad-4f68-8eed-ccfe710c08ea,Cynthia Peck,zandrade@example.com,288,Daily,56,Basic,0,0.81,"A small number of duplicate records on the notification system came up over the past few sprints, nothing urgent.",0
8570e862-35bb-475f-844a-370c4c828fed,Mitchell Barker,christina01@example.com,810,Daily,19,Basic,0,0.8,We're being asked to pay more for the search feature while it hasn't meaningfully improved in this quarter.,0
57a42f22-9609-41b4-bfa0-27b21afff850,Jose Gonzalez,mcguirejeffrey@example.com,639,Weekly,8,Basic,3,0.65,"We've escalated notification delays on the reporting dashboard third time now, still no resolution.",1
083f28c5-718e-4836-960e-8e455d49bf10,David Fitzgerald,cunninghamdavid@example.org,575,Weekly,8,Enterprise,0,0.09,A growing team has been blocked by permission errors on the integration for the last onboarding round.,1
c83a79e2-d57d-4a50-ae59-c016da7577f7,Haley Owen,orozcoeric@example.com,827,Daily,83,Enterprise,1,0.47,Support has been fantastic whenever our IT team has reached out over the past year.,0
3311baaa-e304-4bb8-9b39-c07b8c8501c3,Kenneth Mcguire,samantha22@example.com,277,Weekly,17,Enterprise,1,0.72,Our procurement team is exploring whether the export tool could support a new workflow for multiple business units.,0
9f392915-d580-454c-bcf0-4aff955742e2,Kristy Klein,rodriguezmichele@example.org,561,Weekly,36,Enterprise,8,0.39,"We've escalated broken links on the mobile app second time now, still no resolution.",0
4db9afe7-74c8-451b-910f-37cfa9bfbf42,Debbie Smith,normanjessica@example.com,508,Daily,48,Pro,2,0.46,A growing team has been blocked by data export bugs on the collaboration tools for the last billing cycle.,1
2d5179a4-900c-44af-bf94-e1fa318a5a3c,Jason Garrett,espinozabilly@example.com,963,Rarely,10,Basic,4,0.01,Every time our whole department relies on the audit log it fails us. the last onboarding round has been rough.,1
a7fb6090-2337-4f82-a49e-97e5cfdc2d6d,Angela Davis,rbowers@example.org,1063,Rarely,14,Basic,0,0.28,The API's pricing has stayed fair even as a distributed team scaled up usage over the past quarter.,1
58dc07ad-b3b6-42e1-8391-4e74bad4545e,Ricardo Dickerson,imontoya@example.net,211,Daily,99,Basic,1,0.64,A growing team switched from a lower-cost competitor and the cost savings alone justified it.,0
9826f825-bc19-4829-bc5b-2f34b81283d1,Emily Watts,ucollins@example.net,654,Weekly,3,Basic,6,0.27,We reported session timeouts on the mobile app the last two weeks ago and it's still unresolved.,1
5fe80e70-cd03-4931-9fbf-fb91966111a5,Keith Pugh,dwalker@example.com,365,Weekly,49,Basic,3,0.46,"The integration performs adequately for a growing team, though there's room for polish.",1
7fb2b684-08d3-4a81-9a1c-a6277f024cf3,Thomas Schmidt,snydercynthia@example.com,997,Daily,36,Enterprise,2,0.53,The export tool continues to exceed our finance team's technical expectations after this quarter.,0
d1c73e26-c73c-494c-b80d-41fa237e4e1c,Tammy Gutierrez,kimberlymays@example.org,839,Rarely,2,Basic,1,0.73,"For the price, a small team is getting far more value than our IT team expected.",0
28eafc44-4251-42c1-b299-464ca722aaa9,Justin Gibson,kayla45@example.com,1091,Daily,41,Basic,1,0.55,"The admin console performs adequately for our whole department, though there's room for polish.",0
892a7af2-e57b-4eeb-a764-2e16c80e1d12,Robert Hill,knoble@example.com,243,Daily,40,Pro,0,0.26,Our IT team is seriously evaluating a couple of competitor tools given the current cost over the past year.,0
a19a530c-ff6f-4325-840f-4c412511e7f1,Sarah Nicholson,mahoneyjose@example.com,195,Weekly,59,Basic,2,0.42,The reliability of the audit log over this week has genuinely earned our engineering lead's trust.,0
1ffe9922-c7ff-462f-bc27-9784301edf7a,Yolanda Kelley,sloanstephen@example.org,384,Weekly,12,Basic,4,0.73,The renewal price increase on the workflow builder is hard to justify given what a 40-person team actually uses.,1
4bac49b5-00d6-4d66-abd6-6e08140af43f,Dr. Corey Ross,jeromedavis@example.com,582,Daily,64,Basic,2,0.44,Our ops lead specifically called out how dependable the permissions system has been over the past quarter.,0
18369a32-bee0-43b7-b671-4bd005e822bd,Mrs. Lindsay Thomas MD,vcampbell@example.net,437,Daily,52,Basic,0,0.62,The account team has been proactive and easy for our department head to work with.,0
69ee6df3-306d-4789-a086-927a3ad04200,Crystal Hunter,uwright@example.com,698,Weekly,26,Pro,0,0.38,"A distributed team has had a smooth, low-friction experience across several days.",0
04d7c3a1-e858-4a59-9371-436d14b4fe35,Jennifer Molina,barnesmatthew@example.org,275,Weekly,56,Basic,1,0.62,We noticed duplicate records on the audit log once or twice during the last six months but it resolved itself.,0
b3ea8403-372e-4a6b-9d5d-bb06bcf12fd9,Sarah Davis,geraldbrown@example.com,815,Daily,100,Pro,0,0.49,"Compared to a lower-cost competitor, the collaboration tools is genuinely the better value proposition for a distributed team.",0
89c11407-675f-4d9f-a8e8-ca1ce1e03da2,Daniel Thompson,howardkendra@example.org,876,Daily,40,Pro,1,0.4,We reported notification delays on the export tool the last six months ago and it's still unresolved.,1
5f618698-65db-40f3-bb2e-3b70f73a13a4,Tonya Mclean,amanda36@example.net,302,Daily,25,Pro,0,0.72,"Even under heavy load, the billing system held up well for a growing team over recent weeks.",0
426ffc6a-dd06-4128-8c40-7a4e75945d45,Kyle Sullivan,christina21@example.net,1083,Daily,85,Pro,11,0.89,Every time a growing team relies on the API it fails us. the last six months has been rough.,0
af3fd4d1-b41b-4c81-a254-56648942aca5,Francisco Gonzalez,mark80@example.com,242,Weekly,56,Pro,1,0.46,"Even under heavy load, the reporting dashboard held up well for our whole department over the past quarter.",0
853e766b-7da3-4a17-91ad-8e587aaa1505,Erica Cook,daniel42@example.net,320,Rarely,14,Basic,1,0.12,Several days of intermittent failed uploads on the onboarding flow has really hurt our workflow.,1
b2c78cc7-1811-4a07-bd3b-33d2914781b1,Ariel Walton,cvilla@example.com,132,Daily,113,Enterprise,0,0.87,"A 40-person team has had a smooth, low-friction experience across the last six months.",0
68068bde-785d-4afc-bd68-baa3948fa67e,Dustin Anderson,anna07@example.org,877,Rarely,9,Pro,0,0.44,Our ops lead is really happy with how stable the collaboration tools has been over the last six months.,1
94afcb3a-b76f-45fd-94cc-5374860d25fc,Tonya Rogers,kevinmartin@example.com,714,Daily,37,Pro,1,0.66,We noticed report generation errors on customer support once or twice during this week but it resolved itself.,0
5190a91e-a58c-4dec-a5c2-cb244cacc686,Clayton Williams,rgrant@example.com,101,Rarely,1,Enterprise,5,0.35,Our procurement team compared invoices from the last billing cycle and the cost trend is concerning.,1
0059c9f2-b324-4f62-b93d-85095c2ac091,Jennifer Walter,amybarnett@example.org,1047,Rarely,4,Enterprise,20,0.28,Nobody has responded to our complaint about broken links on the notification system in the last onboarding round.,1
91ffe560-f45a-43fc-a153-213003e76c85,Tyler Lam,pwilson@example.net,1051,Rarely,4,Pro,12,0.09,The search feature has been broken for this quarter and it's affecting a distributed team.,1
d83da5fa-2f7d-4c56-8d78-18eec56f37a6,Mary Cook,fzavala@example.org,75,Daily,49,Enterprise,4,0.11,The billing system going down during the last few days caused real disruption for our whole department.,1
4d896df3-9777-492a-ac7a-f335e7dca904,Heidi Hall,cabreraheather@example.com,84,Weekly,7,Enterprise,2,0.29,The API is serviceable for multiple business units; permission errors shows up occasionally but rarely blocks us.,1
018e36c5-554e-497d-b7e3-15905ecd3560,Jessica Wood,ztaylor@example.net,660,Daily,38,Basic,1,0.58,Our ops lead appreciated the proactive outreach from your side over the past year.,0
ed19b094-c7da-4c69-bf9d-9724f02881ab,Cynthia Nelson,dnicholson@example.org,312,Daily,22,Pro,4,0.67,Every time a growing team relies on the notification system it fails us. the past quarter has been rough.,0
989d88dd-648b-4ac3-b7c0-d52377d14fea,Dawn Kelly,braunedwin@example.com,875,Weekly,29,Pro,3,0.83,Our procurement team migrated a big workload onto the admin console and it performed flawlessly.,0
8ade6275-614f-436d-ae16-6e6c2f7221b3,Erica Navarro,vickiejones@example.net,368,Weekly,32,Basic,1,0.53,The performance of the permissions system has been excellent for a distributed team throughout this quarter.,0
e1f43f2d-12e7-4be3-b756-4040e5820aa8,Sheila Levy,dcollins@example.net,103,Weekly,48,Enterprise,3,0.77,The notification system handles a distributed team's workload without a hitch. No complaints on the technical side.,0
b625d752-9c68-447c-a216-d099618cc91e,Deborah Franklin,alozano@example.com,553,Daily,31,Basic,2,0.46,"A minor session timeouts on the billing system appeared during the past year, low impact overall.",0
36fa213c-8215-431b-a854-5e05ee499091,Maureen Hall,shaun60@example.com,876,Daily,59,Pro,0,0.14,Our finance team wanted to confirm the permissions system's roadmap for the next the past year.,0
b59b7902-02a0-4c97-bad4-df843182de7b,Bradley Davis,dsmith@example.com,816,Daily,75,Basic,11,0.17,We've had repeated API timeouts on the mobile app for the last six months now with no real fix.,1
914df9d7-881a-4b6e-9199-adace540a8e7,Jacob Boyd,edwardanthony@example.com,527,Weekly,5,Enterprise,12,0.32,The search feature going down during recent weeks caused real disruption for a small team.,1
fab97229-d87f-44aa-8e57-83676d17c4e1,Tyler Green,nashamy@example.org,703,Daily,56,Pro,1,0.55,Our department head migrated a big workload onto the reporting dashboard and it performed flawlessly.,0
a39e530a-6891-4eb1-b48a-889245132743,Robert Marquez,cwhitney@example.com,701,Weekly,58,Basic,2,0.41,A 40-person team has had an unremarkable but functional experience with the integration lately.,1
700c7a0e-d092-4d95-bec1-9c5d9699f7f3,Michael Guzman,nsharp@example.com,516,Rarely,6,Basic,3,0.33,Our department head tested the billing system over the last few days and it performed about as expected.,1
8fd3e91f-2ef3-41b7-be03-9ca96756e05e,Dawn Evans,washingtondavid@example.net,508,Rarely,3,Basic,8,0.44,This is the sixth time the past few sprints we've had trouble with the onboarding flow.,1
c7b905ae-974e-43fa-8056-5eefd00fa65f,Nichole Richards,pavila@example.net,150,Weekly,28,Basic,2,0.51,The API continues to exceed our engineering lead's technical expectations after the past year.,0
ec196874-c52d-43c7-b4c4-8653e2feab52,Joshua Kirby,connor68@example.org,350,Rarely,13,Basic,2,0.23,We are locked out of the workflow builder again during this quarter - this keeps happening.,1
934297ea-2b6b-495c-ad5f-6aa17a213fe0,Benjamin Martinez,imartinez@example.com,749,Rarely,7,Pro,0,0.34,Your team resolved our procurement team's concern faster than expected. Great experience.,1
c085ad27-a3b7-4ac6-8c99-5d8acd50c3ac,Alice Miller,charles71@example.net,398,Weekly,33,Basic,3,0.69,A small team switched from a cheaper alternative and the cost savings alone justified it.,0
9c13c442-d543-4c77-8ba6-5c8d75f18b8e,Jill Lyons,kgonzales@example.com,1020,Rarely,13,Basic,1,0.27,"Our ops lead logged one instance of failed uploads on the collaboration tools during the last six months, resolved quickly.",1
f029b104-6745-4c31-8436-72764f4d847f,Travis Harrington,zachary35@example.com,673,Weekly,13,Enterprise,1,0.55,Our ops lead looked at at least two other vendors recently and honestly this is the better deal.,0
a793a92c-38f6-4164-9b9b-6511a7a49fbe,Katherine Ramirez,tylerallison@example.net,534,Weekly,10,Pro,4,0.37,"The export tool crashed again this cycle, on top of report generation errors from this quarter.",1
30374a19-33fa-412f-835d-ea6a18e49938,Larry Smith,palmermichael@example.org,1006,Rarely,14,Pro,15,0.01,The report generation errors problem on the export tool has cost us real time over the last few days.,1
25549098-0374-4faf-aeb0-3be8a4e2101d,Jennifer Wilkinson,roberthill@example.net,563,Rarely,3,Basic,2,0.38,The integration is serviceable for our whole department; data export bugs shows up occasionally but rarely blocks us.,1
3103d152-336c-4b93-bf91-dad44770c7a8,Donald Brown,wileylaura@example.org,634,Daily,83,Enterprise,1,0.86,A growing team has had zero downtime issues with the permissions system in the last six months.,0
3e1ed4f1-d2b4-4cf2-9682-22e12cda4133,Alyssa Mcgee,jason39@example.org,393,Rarely,9,Pro,0,0.29,"The renewal cost on the mobile app was flat this cycle, which our IT team appreciated.",0
f2966c3f-a883-4562-809d-db6806dce4cb,Andrea Martinez,sandersmatthew@example.net,993,Rarely,10,Basic,4,0.34,Every time our whole department relies on the search feature it fails us. recent weeks has been rough.,1
a4032524-ade5-440e-9668-614464ebbdc8,Elizabeth Roth,hannahbrown@example.com,399,Rarely,10,Basic,5,0.3,Our procurement team is close to recommending a rival platform purely on cost grounds.,1
e16abde3-1b9d-48f6-9750-9c464e7ce6f2,Carlos Cain,uramirez@example.net,956,Daily,100,Pro,4,0.48,"A minor failed uploads on the search feature appeared during the last onboarding round, low impact overall.",0
ed8116a9-eaea-4f44-a7c9-bc378a3f8d84,Christopher Scott,rarnold@example.org,1053,Weekly,45,Pro,4,0.68,We are locked out of the mobile app again during this week - this keeps happening.,0
b42449fd-c284-48ce-bfba-6036b4f9d066,Amy Martinez,thompsonmargaret@example.com,606,Rarely,4,Basic,18,0.17,A small team has been blocked by report generation errors on the search feature for the past quarter.,1
9f07dc06-e26b-4464-8956-6a7daab7eeef,Joel Dixon,hubbardmark@example.org,699,Rarely,3,Basic,2,0.01,"A small number of sync failures on the reporting dashboard came up over several days, nothing urgent.",1
5f312690-e357-4192-bf68-488323da2ced,Ashley Thornton,eric89@example.com,444,Weekly,59,Basic,1,0.57,Support acknowledged the data export bugs on the analytics module but the last billing cycle later it's still broken.,1
bedff674-336b-41ad-8a38-cbe38bbf919e,Larry Murray,wrightderrick@example.org,952,Rarely,3,Basic,4,0.53,This is the second time the last onboarding round we've had trouble with customer support.,1
434ee297-9fbb-4025-bfb6-ecf53e372129,Mrs. Laura Vargas,callen@example.net,1089,Daily,57,Basic,0,0.55,Overall a great experience for multiple business units working with your team over the past month.,0
4c3e0f35-f779-495c-a71d-f4e3ba9ae24a,Shelley Robinson,smithzachary@example.com,769,Daily,107,Enterprise,2,0.7,Onboarding a growing team was smooth and the team has been responsive since.,0
7e3b6fe1-8df7-4512-a8aa-7a708b27ea39,Cheryl Petersen,casetony@example.org,874,Weekly,25,Pro,4,0.68,This is the second time this week we've had trouble with the workflow builder.,0
dde15ebe-c9e4-41e7-bdba-24755f1f0410,Dustin Mcfarland,monica80@example.org,158,Daily,62,Basic,0,0.76,Our finance team hasn't seen a single API timeouts on the notification system in the past year - great reliability.,0
0b5044a1-fb27-4c53-9f50-30ba47d8a4d2,Barry Webb,fhawkins@example.org,893,Weekly,5,Basic,2,0.31,The cost-to-value ratio on the collaboration tools just hasn't worked for a distributed team over the last onboarding round.,1
5cec7365-df0e-4757-984f-244be924f770,Harold Leonard,matthew72@example.net,450,Daily,87,Pro,2,0.49,"We've escalated slow load times on customer support third time now, still no resolution.",1
eab6b57d-3d82-4831-bfb0-2e499fd783df,Brian Bennett,laurenlynch@example.com,480,Daily,26,Pro,1,0.45,A small team has come to rely on the permissions system precisely because it never breaks.,0
8ce74e81-b126-4c5b-be4f-7d7ef0d46dd6,Allen Perez,jonescourtney@example.org,685,Daily,42,Basic,3,0.62,The export tool scaled smoothly as a distributed team grew over the past month.,0
b2969f8a-4d80-4dce-89dc-290f63c5d17e,James Johnson,jacksonjames@example.org,289,Rarely,8,Basic,0,0.32,Our engineering lead is close to recommending a couple of competitor tools purely on cost grounds.,1
fb25b759-b0f7-4b77-a24c-e819525b4ee0,Nicholas Padilla,leslie69@example.com,546,Weekly,36,Basic,1,0.52,The reliability of the reporting dashboard over this week has genuinely earned our ops lead's trust.,0
03684e15-2a21-40e1-a94d-d041fcfc468b,Dorothy Weber,elizabethlong@example.org,390,Daily,48,Pro,2,0.35,Our account manager here compared invoices from the past month and the cost trend is concerning.,0
c10178fd-295e-410f-b807-e7f8059aea4d,Anna Gates,tina01@example.com,914,Daily,40,Enterprise,0,0.46,"General feedback: the mobile app is fine, data export bugs handling could be faster over this week.",0
16fd7f75-2e4a-4074-9b67-663e5ade5913,James Hester,james17@example.net,674,Daily,66,Enterprise,5,0.69,The audit log is serviceable for a 40-person team; sync failures shows up occasionally but rarely blocks us.,0
5298083b-eb0e-4b11-a644-b64f2a4e37e4,Catherine Banks,johnwood@example.org,419,Weekly,36,Basic,1,0.01,"Over the past year, the API has neither impressed nor disappointed our department head.",1
a186677d-7851-40eb-9200-c907c7feb576,Michelle Sherman,christopherperry@example.net,392,Weekly,51,Pro,2,0.59,The third outage of the mobile app in this quarter is starting to erode our trust.,0
cb53143b-4b2f-48ad-b505-1196b4d5c71e,Heather Bryant,wlong@example.org,141,Daily,20,Basic,0,0.7,Our IT team expected better account management given how long we've been customers.,1
73230ffe-0d54-4d8d-b350-a56e72d0f200,Kristen Underwood,william45@example.net,840,Daily,47,Basic,2,0.85,Our account manager here pointed out that the mobile app's cost dropped relative to value over the past month.,0
3e68227b-7d2d-4ac8-a011-3f8b74edf51e,Felicia Dougherty,hendersonkim@example.net,146,Daily,47,Pro,3,0.88,"The export tool met expectations for a 40-person team across the last few days, nothing more to add.",0
7bea2725-1c64-4f58-b756-a64db567e87e,Janet Walker,thomascurry@example.com,177,Daily,35,Basic,1,0.96,"Even under heavy load, the onboarding flow held up well for our whole department over the past few sprints.",0
4c1d9a79-ec44-473c-b41a-04a5f013a475,Micheal Frey,wesleyfigueroa@example.com,380,Weekly,17,Basic,1,0.01,The integration's pricing has stayed fair even as our whole department scaled up usage over the past quarter.,1
60212df1-8fb8-42a1-a9b4-136e824495af,Linda Lopez,sheltondonald@example.net,1075,Weekly,54,Enterprise,2,0.7,Our procurement team flagged that a lower-cost competitor offers similar the billing system functionality for less.,0
a500d55a-3da0-4e8f-b17c-85af82936c67,Terri Escobar,tmorales@example.net,269,Daily,20,Pro,0,0.3,"For the price, a small team is getting far more value than our procurement team expected.",0
d2f15cf2-1381-4b93-8bae-a259adce6e5e,Katherine Nelson,whiteheather@example.net,872,Rarely,6,Enterprise,18,0.69,We reported permission errors on the reporting dashboard this quarter ago and it's still unresolved.,1
0bd70a89-4850-4272-89ee-e1d096bde7d4,Jack Hull,bartonjacqueline@example.net,276,Weekly,14,Pro,5,0.23,Our IT team specifically called out how dependable the admin console has been over this quarter.,0
dc8a9c18-5847-45f1-b146-c317bcec8237,Heidi Douglas,davispaul@example.com,478,Daily,27,Pro,2,0.9,The export tool's pricing has stayed fair even as a growing team scaled up usage over the last billing cycle.,0
3b71ba3c-9e17-4b0a-a4a8-aa2a1b067b75,Richard Campbell,robinsonsteven@example.com,377,Daily,41,Pro,3,0.49,"The mobile app does what it needs to for a growing team, aside from the occasional dashboard glitches.",0
ab55969a-04b4-4dd1-a221-62fda4efbba5,Christine Mclaughlin,melissa10@example.org,962,Daily,101,Enterprise,0,0.46,It shouldn't take the past few sprints to get a simple response from your account team.,0
4fed53b3-0083-4cb2-8fda-c81b15922cc2,Angela Bryan,kramermike@example.org,562,Rarely,6,Pro,2,0.23,Our engineering lead asked how to set up conditional logic in the integration.,1
a5899095-a353-42a6-855e-8da9e4aa3ff1,Christopher Lewis,dpoole@example.net,309,Weekly,10,Basic,1,0.49,"A small number of failed uploads on the onboarding flow came up over this week, nothing urgent.",1
76c0b1dc-8e3e-4ba9-9e5a-a9376fa2304b,Robert Davis,saraburgess@example.net,405,Daily,56,Pro,0,0.62,The account team has been proactive and easy for our account manager here to work with.,0
20681e32-57ef-4087-9ef3-9c53d8953b0a,John Buckley,burnsmary@example.org,696,Weekly,22,Enterprise,1,0.44,Our procurement team specifically praised how responsive support has been over this week.,0
291f4589-39cd-4e80-92ad-c5c58c3716a5,Tommy Ochoa,nicole29@example.com,1038,Daily,71,Pro,0,0.71,"The integration does what it needs to for a 40-person team, aside from the occasional session timeouts.",0
57e6cf26-e994-4f85-a1c7-9a7aa5749626,Jeffery Gibson,justin46@example.com,733,Weekly,50,Enterprise,2,0.66,Our engineering lead noted the price of the API without much reaction either way over this quarter.,0
7f4eb202-ae9e-463b-a77b-eef11100e5af,David Lewis,campostracey@example.com,277,Daily,24,Basic,8,0.27,The API has been rock solid over recent weeks. our department head is genuinely impressed.,0
0afd0450-1943-40b1-9c28-220598ec2745,Matthew Morrison,kristen87@example.net,42,Weekly,39,Pro,0,0.16,The mobile app is serviceable for multiple business units; API timeouts shows up occasionally but rarely blocks us.,0
087d3d25-f158-41e0-a48a-2b21c49ee563,Eric Hicks,tbush@example.org,288,Daily,38,Basic,3,0.41,Our department head looked at another provider in this space recently and honestly this is the better deal.,0
a700d152-7bf3-419e-bfc2-51d6640c0286,Ronnie Zamora,angela36@example.org,335,Daily,58,Pro,0,0.29,Our procurement team wanted to confirm the integration's roadmap for the next this week.,0
554eef82-a93e-4f5c-af39-63a7238e3729,Kelly Hughes,melissacosta@example.org,836,Rarely,6,Pro,0,0.72,Our ops lead is exploring whether the export tool could support a new workflow for a distributed team.,1
009a477d-214d-4131-b09d-cb4cf2ab0e82,Dr. Melissa Harris MD,christopher45@example.org,311,Weekly,32,Pro,4,0.7,Multiple business units has come to rely on the permissions system precisely because it never breaks.,0
3600dbb1-c09a-4657-a476-42d66349065b,Christine Santos,blackburnrichard@example.net,375,Daily,20,Pro,2,0.49,The failed uploads problem on the workflow builder has cost us real time over the last onboarding round.,1
71b7d41e-aa6d-46fd-a950-4cf61c405f76,Jessica White,dillon13@example.org,369,Daily,93,Pro,1,0.95,"Pricing on the notification system seems reasonable, though our IT team is still evaluating value for our whole department.",0
ee428cf8-085c-413f-9b03-2428347b81a0,Bonnie Hopkins,kevinfleming@example.com,689,Rarely,1,Pro,1,0.61,The third outage of the onboarding flow in the last onboarding round is starting to erode our trust.,1
3a1d945c-ddea-4b9f-b3d0-4d0d7b0b0b1f,Amy West,lambertjordan@example.org,871,Rarely,9,Basic,0,0.41,Our IT team pointed out that the notification system's cost dropped relative to value over several days.,0
a057dbaa-702e-4a30-8a21-d1ecf4b46b84,Leah Vang,wnelson@example.org,133,Daily,106,Pro,4,0.52,"Over the past month, the billing system has neither impressed nor disappointed our ops lead.",0
bd384ec3-73d5-4790-a126-6da30161c53d,Jose Ellis,rware@example.org,836,Daily,23,Pro,1,0.34,Support acknowledged the data export bugs on the search feature but the last onboarding round later it's still broken.,0
9dea9a1a-ed65-4d1a-8dc6-def529d8fa21,Felicia Little,nbrewer@example.net,280,Weekly,7,Pro,0,0.26,Pricing hasn't been a deciding factor for multiple business units over this quarter.,1
bbfa4dd0-8fa0-4c7a-aa18-f39e30a45609,Jamie Bowman,melissahill@example.com,798,Weekly,33,Basic,1,0.77,Our IT team budgeted more for the onboarding flow this cycle and considers it money well spent.,0
884eb315-8dd4-48a2-8ce3-9a51cd5c72d1,Jessica Wright,jesus28@example.com,1071,Daily,27,Pro,1,0.53,"The onboarding flow met expectations for a small team across recent weeks, nothing more to add.",0
e602f1c1-8e52-4237-88a0-dfa0c3c4cfa2,James Wallace,lmills@example.com,532,Weekly,13,Pro,1,0.18,Our engineering lead noted the price of the audit log without much reaction either way over the last onboarding round.,1
7983c0dd-6ac5-4689-89c5-7021adaa2d5e,Mitchell Holland,jamesellis@example.com,190,Rarely,4,Basic,4,0.48,Every time a small team relies on the API it fails us. the last six months has been rough.,1
10445471-f5fa-422d-bed4-4c3609b311c8,Jessica Wright,usmall@example.org,9,Rarely,8,Basic,5,0.13,We reported login errors on the onboarding flow the past quarter ago and it's still unresolved.,1
ce352f2d-8cca-4d9f-88ca-1597f58befe8,Samantha Harrison,powelljack@example.org,943,Weekly,57,Pro,13,0.38,Nobody has responded to our complaint about integration failures on the analytics module in the past few sprints.,1
e7d4d5fa-419c-43e2-a9af-4b1a07aa4dd7,Mrs. Jennifer Thomas,ajackson@example.org,405,Daily,104,Basic,0,0.41,"The search feature works fine overall, though we've noticed a few dashboard glitches over recent weeks.",1
825d9d57-0e86-4a2a-b183-a441346900c1,Diana Hamilton,shannon63@example.org,58,Daily,59,Pro,1,0.51,The reliability of the API over the last two weeks has genuinely earned our IT team's trust.,0
1001fc90-d592-45e5-91f5-f9b6ffa48c72,Diane Barnett,ryan32@example.com,53,Weekly,46,Enterprise,1,0.63,Our department head has lost confidence after this week of unanswered account requests.,0
48f54a5e-75a5-4742-84d4-399b06ce3410,Jeremy Yang,gibsonjacob@example.com,836,Weekly,27,Basic,0,0.67,Our account manager here looked at at least two other vendors recently and honestly this is the better deal.,0
d49163aa-57c2-4f3e-bdb9-a3f7ff47e453,Christine Levine,cruzelizabeth@example.net,541,Daily,111,Enterprise,1,0.42,The integration scaled smoothly as our whole department grew over the past few sprints.,0
4c30d67e-3d76-4826-9b5c-188c56ffd497,Tommy Bailey,mayjennifer@example.org,1034,Weekly,54,Basic,4,0.68,The reporting dashboard continues to exceed our department head's technical expectations after the past month.,0
87887a52-532d-49e9-9b5a-19ec3db06eae,Danielle Scott,fmiranda@example.net,980,Daily,55,Enterprise,4,0.63,Our ops lead hasn't seen a single sync failures on the billing system in the last onboarding round - great reliability.,0
4f471803-d335-4e23-94cc-195a4624f8e6,Philip White,lmerritt@example.org,522,Weekly,30,Pro,1,0.59,A distributed team has had zero downtime issues with the API in recent weeks.,0
6b76543c-0de3-472f-a106-c405548c8e85,David Warren,cynthia96@example.com,685,Weekly,2,Pro,1,0.34,Our finance team is really happy with how stable the mobile app has been over the last two weeks.,0
45c6622a-a766-4dbd-995a-ccb0b51c70ae,Terry Thomas,elizabethdavis@example.net,219,Rarely,6,Basic,4,0.72,Our engineering lead was impressed the analytics module handled the last onboarding round of peak usage without issue.,0
241a025f-033b-4955-a64c-0edcac7a2037,Jennifer Kelley,fnelson@example.com,112,Daily,112,Basic,0,0.99,Our account manager here renewed without hesitation - the price-to-value ratio on the reporting dashboard is hard to beat.,0
39dd346b-050b-4a43-9e62-7bf41e41623d,Kevin Chang,ahill@example.org,764,Daily,117,Basic,7,0.81,This is the sixth time the last billing cycle we've had trouble with the billing system.,0
b000117c-90cd-4146-a4a8-0e4702b127e5,Jonathan Cooke,matthewjones@example.com,99,Weekly,23,Basic,1,0.59,Billing on the onboarding flow keeps creeping up and it's hard to see the added value over the past few sprints.,0
4b4ff341-b353-4378-840e-592cffd8f1e7,Nicole Hughes,ujohnson@example.org,236,Weekly,20,Pro,4,0.4,A 40-person team can't keep absorbing the cost increases on the notification system seen over the last few days.,0
76cf72a2-35e6-4cca-b868-2840b8a6cddf,Amanda Davis,lrodriguez@example.org,76,Weekly,7,Pro,1,0.66,Things have been mostly stable on the workflow builder for a growing team over the past quarter.,1
d452f9d0-76b6-41fc-b2e4-5ceda332e63a,Andrew Young,ujones@example.com,12,Weekly,52,Basic,3,0.54,The recent improvements to the mobile app have made a real difference for a 40-person team.,0
e50a533b-784d-4938-901f-0d6f8f4d0185,David Phelps,mtorres@example.com,680,Weekly,54,Basic,0,0.36,We're being asked to pay more for customer support while it hasn't meaningfully improved in the past month.,1
dd26a0ca-3bfc-4648-87e6-2a3416aaf1aa,Emily Allen,debra82@example.org,154,Weekly,28,Enterprise,0,0.76,We've had repeated sync failures on the audit log for the last few days now with no real fix.,0
c37deacb-e7f6-41cf-98ec-18e104e7d76b,Allison Barnes,barnettjames@example.net,931,Rarely,7,Enterprise,0,0.6,A 40-person team is a light user of the platform so hasn't formed strong opinions yet.,1
5e594ce2-ac53-485d-917a-7c8a1c8510a4,Barbara Frank,janenicholson@example.org,196,Rarely,1,Pro,1,0.48,The pricing model for a growing team stopped making sense to our finance team around the past quarter ago.,1
9051e5de-8b71-49d6-8731-cefba6520b18,Lisa Smith,donald67@example.org,1019,Rarely,5,Pro,0,0.8,Our account manager here specifically praised how responsive support has been over the last six months.,0
d0a3cca6-665f-4553-abe5-e456e09e61b3,Vincent Davis,sara02@example.net,429,Daily,54,Pro,15,0.9,The second outage of the permissions system in the past year is starting to erode our trust.,0
caa65281-0927-405d-93ab-9c2211562cb9,Roy Grimes,nelsonbrittany@example.org,771,Daily,17,Basic,1,0.42,"The renewal cost on the analytics module was flat this cycle, which our ops lead appreciated.",1
592b57f4-51f0-47d4-99f7-8c30b3d1e180,Joseph Brown,brian44@example.net,1087,Daily,43,Basic,4,0.68,This quarter of intermittent login errors on the API has really hurt our workflow.,0
2a2cc89c-d3ff-4396-9aca-62484dc92e73,Christopher Buchanan,jeremy53@example.net,897,Weekly,14,Basic,1,0.68,The value a 40-person team gets from the reporting dashboard hasn't kept pace with what we're now paying.,1
0408adf9-23ca-4e49-8416-8ac6fa5d0055,Richard Gomez,coopertravis@example.org,20,Weekly,54,Basic,3,0.53,"Cost over the last six months is about what our ops lead expected - no complaints, no major praise.",1
73202e9b-f040-4727-bcba-4a643aca0437,Daniel White,xgriffin@example.net,535,Weekly,20,Basic,8,0.51,Nobody has responded to our complaint about session timeouts on the notification system in the last two weeks.,1
b612afa9-159a-4fb2-abdb-c7661f4f37bb,Lauren Franklin,zvelazquez@example.net,339,Rarely,9,Basic,0,0.19,The cost-to-value ratio on the search feature just hasn't worked for a distributed team over the past quarter.,1
2edb50dc-129e-4ca0-b1c8-02b36c3632b3,Christian Brown,freemansophia@example.org,1033,Rarely,13,Basic,1,0.25,Nobody has responded to our complaint about integration failures on the onboarding flow in this quarter.,1
0e78752d-9383-4fff-9fcc-ce1e89741dbf,Patricia Green,acrawford@example.com,698,Daily,25,Basic,2,0.63,"Even under heavy load, the audit log held up well for our whole department over the past month.",0
343c7992-882e-410b-8371-24f8ef59d90c,Jennifer Ortiz,michael64@example.net,898,Daily,30,Pro,3,0.44,The value our whole department gets from the audit log hasn't kept pace with what we're now paying.,1
7b65cb9b-fd78-413e-921e-c388bb5cc799,Priscilla Rios,mckaygabriel@example.net,252,Weekly,29,Pro,1,0.13,"The workflow builder met expectations for a distributed team across the past few sprints, nothing more to add.",1
4708b966-0b3e-4e35-b0ee-2d3991046070,Vanessa Lloyd,raymondbrandy@example.net,366,Weekly,53,Basic,3,0.44,Our finance team migrated a big workload onto the audit log and it performed flawlessly.,0
8dfa4f5f-a204-4921-a93f-e4c70a4fd79f,Kenneth Santos,melissa11@example.com,835,Daily,61,Enterprise,5,0.27,"Given what our whole department gets, the pricing on the export tool feels very fair.",0
8dc6df15-ad55-41f0-aa51-3cc13398a2a5,Hannah Gardner,kevinthompson@example.org,873,Rarely,5,Basic,9,0.18,Every time a growing team relies on the audit log it fails us. the past year has been rough.,1
ca2c5127-e8b2-4280-bb17-225e346c834d,Jacqueline Brown,dcowan@example.org,729,Daily,52,Pro,0,0.28,Our ops lead was quoted a much higher renewal rate the last billing cycle ago with no explanation.,0
af4cf7b3-9aeb-469a-b0e3-fc07747cd008,Dawn Werner,wilsonjoshua@example.net,694,Weekly,17,Basic,0,0.83,"The renewal cost on the integration was flat this cycle, which our procurement team appreciated.",0
39f0788c-706f-44c3-94ba-11493e43c3b6,Marissa Clayton,patrickhowell@example.com,816,Daily,37,Enterprise,1,0.45,Our department head is frustrated that basic requests have gone unanswered for several days.,0
4104bfce-8173-4db2-b145-4b918c977112,Leslie Cervantes,kinglarry@example.org,718,Daily,41,Pro,8,0.75,Our engineering lead hasn't seen a single login errors on customer support in the last few days - great reliability.,0
ed2cdece-d0d8-4458-8431-51ab34d9e37e,Mary Arias,antoniocannon@example.org,173,Weekly,12,Basic,2,0.17,Our department head is still deciding if the current plan tier fits a growing team's budget.,1
b6a5c335-9ae7-4909-bf29-14b6b9dc82a6,Taylor Garcia,shafferkevin@example.org,74,Daily,69,Pro,2,0.64,The recent improvements to the mobile app have made a real difference for our whole department.,0
e95440fb-0f58-452f-907e-0fd217c70e4d,Maria Schmidt,alewis@example.net,86,Daily,31,Basic,0,0.39,The sixth outage of the integration in this week is starting to erode our trust.,0
a49e8463-486c-45b8-b0b5-b63fb6d22b8e,Nicole Walters,trandavid@example.org,369,Weekly,55,Basic,1,0.2,"The renewal cost on the billing system was flat this cycle, which our engineering lead appreciated.",1
2da6eb34-a8a4-4557-a012-5a6aa9aa8de7,Ann Dickerson,rodney33@example.net,794,Daily,44,Pro,3,0.99,We've had repeated failed uploads on customer support for the last two weeks now with no real fix.,0
ec8a276a-009a-4231-b5f5-12f8290e910d,Deanna Johnson,mdiaz@example.com,476,Daily,27,Pro,0,0.41,A small team has had zero technical issues with the search feature over the last billing cycle. It just works.,0
824fec6c-1253-4178-a318-66161906c0f6,Anthony Bennett,kevinstevens@example.org,920,Daily,87,Basic,0,0.6,The ROI on the audit log has been obvious to our IT team since recent weeks ago.,0
ca84d5b9-0aaa-4d25-a1d1-bb3f078abfb9,Timothy Sanchez,margaret40@example.net,652,Weekly,46,Basic,9,0.95,A small team has been blocked by sync failures on the integration for the past year.,1
2e5589d9-e23a-42de-98be-703a987fbad6,Elizabeth Ramsey,tammycopeland@example.net,777,Rarely,12,Pro,2,0.57,Our department head has lost confidence after the past quarter of unanswered account requests.,1
03635ea2-fe23-4aae-a591-5222209996b9,Jeffrey Gibbs,laurahorne@example.com,215,Rarely,8,Basic,1,0.16,We're being asked to pay more for the audit log while it hasn't meaningfully improved in the last onboarding round.,1
fb1c02e9-928b-49d1-98c2-38bf4ffce7f9,Michelle Roberts,christophercastro@example.org,20,Weekly,43,Enterprise,3,0.47,Our engineering lead is really happy with how stable the integration has been over this week.,1
134b7cc6-67e5-42cb-9be4-28181a3a7ce8,Nathan Anderson,whitejessica@example.com,531,Rarely,13,Pro,2,0.52,The billing system going down during the last two weeks caused real disruption for a growing team.,0
42f2624e-2db8-41b9-a140-882d531bae85,Jennifer Morgan PhD,qduarte@example.com,850,Daily,48,Pro,2,0.61,The permissions system handles our whole department's workload without a hitch. No complaints on the technical side.,0
9198ee7d-081c-4a06-9e6b-c64552cc132a,Carrie Todd,christina48@example.com,991,Weekly,6,Pro,9,0.59,The export tool going down during this quarter caused real disruption for our whole department.,1
bf907fce-cbf1-4a89-9d72-f8d7b0861dec,Crystal Joseph,carriejackson@example.com,981,Weekly,23,Enterprise,1,0.73,No strong opinion on cost yet from our department head - we'll reassess at the next renewal.,0
539d1a46-a70c-4870-8645-a0779cacb8b6,Chad Tucker,olivergary@example.net,593,Daily,58,Enterprise,1,0.5,The admin console handles our whole department's workload without a hitch. No complaints on the technical side.,0
caad5d6f-b67e-48b6-9b44-5fa4936bc3c1,Monica Pierce,benjamin50@example.net,840,Rarely,13,Pro,3,0.64,Our IT team is happy to keep paying for the audit log - it pays for itself many times over.,0
559b10b6-e4d3-4a55-9cc7-c28e7413fd1f,Hailey Jimenez,ttorres@example.net,776,Daily,18,Pro,0,0.34,It shouldn't take the last two weeks to get a simple response from your account team.,0
bed32aa5-3116-4aba-ae88-349e6663b731,Jim Gates,mcfarlandkevin@example.org,1072,Rarely,8,Pro,1,0.41,Nothing major to report on the permissions system over the last onboarding round - does the job as expected.,1
ec65aaf8-0d9c-4521-abcc-e04bdaac4aa6,Robert Arnold,michael34@example.net,807,Daily,51,Basic,1,0.5,Our IT team migrated a big workload onto the search feature and it performed flawlessly.,0
ff7453c4-bd7f-4941-925a-d83ec6b08e47,James Morris,xwade@example.com,956,Weekly,56,Pro,2,0.48,Our ops lead is seriously evaluating a lower-cost competitor given the current cost over the past few sprints.,0
a99c0c0a-2b5a-4c91-aafe-b1c8b9c13a4f,Maria Martinez,johnnolan@example.com,599,Rarely,5,Pro,3,0.17,"We've escalated data export bugs on the workflow builder third time now, still no resolution.",1
2ce46b91-412a-4fc5-b709-1a53ad8290eb,Sarah Murray,matthewsedward@example.net,581,Weekly,59,Basic,2,0.88,Our account manager here renewed without hesitation - the price-to-value ratio on the API is hard to beat.,0
14195ad5-5e4b-4836-a6e4-57d18368196c,Lindsey Lucas,lanethomas@example.com,204,Daily,36,Pro,1,0.46,Nothing major to report on the analytics module over the past few sprints - does the job as expected.,0
913ff2bf-3597-42ca-8743-db5a3f96421b,Jennifer Mack,schaney@example.com,480,Rarely,13,Basic,8,0.57,The past month of intermittent login errors on the billing system has really hurt our workflow.,1
9b1fdc05-84b9-4810-a04c-9b5238fa1e4d,Alan Ochoa,jacobparsons@example.com,13,Weekly,5,Basic,2,0.92,A 40-person team has had zero technical issues with the onboarding flow over recent weeks. It just works.,0
a9808689-de4d-4731-9673-f75eb0a6878d,Stephanie Alexander,fbrooks@example.com,307,Daily,95,Basic,16,0.83,Every time a distributed team relies on the analytics module it fails us. the last billing cycle has been rough.,0
e1cc1b20-9e53-46aa-bb34-de22f44386f3,Michael Campbell,thomas90@example.org,151,Daily,87,Pro,3,0.56,Our procurement team flagged that another provider in this space offers similar the onboarding flow functionality for less.,0
1b7e7be4-d235-44ff-8f9e-6041712ca726,Ryan Schmidt,pturner@example.com,222,Daily,82,Basic,3,0.23,"Even under heavy load, the mobile app held up well for a growing team over the last six months.",0
dfa943f6-6f0a-4faf-a17d-881335e0a83e,Tammy Wilkins,james18@example.net,531,Weekly,14,Pro,1,0.7,A 40-person team has felt genuinely supported by your team throughout the past month.,0
153124e4-6563-4604-8525-dc3b257e6790,Lynn Jones,ronaldbond@example.net,396,Weekly,4,Basic,9,0.42,"We've escalated slow load times on the collaboration tools sixth time now, still no resolution.",1
8a102ae5-e3ba-4653-aa40-1d89b94e0c9a,Vincent Anderson,erikagardner@example.com,921,Daily,111,Basic,2,0.5,A 40-person team has had an unremarkable but functional experience with the collaboration tools lately.,0
0a0da06d-3b62-40f9-88fb-2f578c5f051d,Tiffany Bryant,zhangchristian@example.com,139,Weekly,2,Enterprise,2,0.23,"We've escalated notification delays on the reporting dashboard second time now, still no resolution.",1
8e33352d-1aa5-49bc-877e-9e0e4d23cec6,Kevin Smith,shawnhart@example.com,541,Daily,49,Basic,3,0.99,Every time a growing team relies on the notification system it fails us. the past year has been rough.,0
20bace1d-8efe-46bd-9c52-03422254de31,Paula Orozco,ejones@example.com,541,Weekly,27,Basic,2,0.73,"A minor notification delays on the API appeared during the last onboarding round, low impact overall.",0
3016e575-3246-47f0-904e-f518ed9ec00e,Cynthia Mercado,yrasmussen@example.org,111,Weekly,4,Pro,1,0.41,The audit log has been broken for this quarter and it's affecting our whole department.,1
949c8a0e-0648-4aa0-a3b6-5acea7d30f36,Laura Nichols,rmahoney@example.com,1000,Weekly,55,Pro,1,0.25,"Our procurement team had a small question about the onboarding flow, support got back within the past few sprints.",1
4451e5be-c58e-4911-b8da-25b49e4695a8,Melissa Dougherty,barbara49@example.com,423,Daily,52,Basic,4,0.01,This is the second time the past year we've had trouble with the API.,1
f7221c8a-9c05-4a9d-9805-a92c8042bec3,Matthew Clements,ydavis@example.net,907,Daily,43,Pro,0,0.66,Our finance team specifically praised how responsive support has been over the past quarter.,0
7bd842e6-8821-4049-a32d-7b4e68505a2b,Joseph Allison,michaeldavis@example.net,971,Weekly,8,Basic,9,0.46,Support acknowledged the API timeouts on the onboarding flow but the past year later it's still broken.,0
406bb703-cda0-43ff-9e45-e63ff0a407ee,Deborah Mccoy,nashrobert@example.org,424,Weekly,28,Pro,2,0.61,The fifth outage of the billing system in the last few days is starting to erode our trust.,1
8285c911-8ed6-4fa6-be69-38f5817c2657,Adam Hayes,elizabeth88@example.com,1090,Daily,21,Enterprise,11,0.43,The data export bugs problem on the API has cost us real time over recent weeks.,0
6ff070f6-8cba-4e88-88a7-d745a3aa8469,Reginald Murray,vernon82@example.com,18,Daily,31,Basic,2,0.58,This quarter of intermittent login errors on customer support has really hurt our workflow.,1
9cd0ba71-da08-4b41-9654-a745fc5ff78e,Anthony Burke,davisanthony@example.org,657,Weekly,40,Pro,2,0.25,Every time a small team relies on customer support it fails us. the last two weeks has been rough.,1
6f0c00ac-387c-4296-9df2-c9d4fe038bb2,John Ayala,jamieholder@example.com,72,Weekly,34,Basic,6,0.31,The notification system going down during recent weeks caused real disruption for a distributed team.,0
c3b7a9a8-230b-43e6-a240-61fbd81309e8,Spencer Sanchez,morganbrown@example.org,743,Daily,97,Basic,0,0.48,Budget conversations about customer support have been low-key for a small team over this quarter.,0
bb10e84d-d297-4aa0-811b-d3bb5d8f6c92,Christopher Kennedy,kimberlyfernandez@example.com,188,Weekly,10,Basic,1,0.49,The third outage of the billing system in the last few days is starting to erode our trust.,1
b965f1cf-f39a-47e9-91ac-6ca7eafb5ca4,Jacqueline Davis,phansen@example.org,240,Daily,38,Pro,1,0.57,Our finance team hasn't seen a single integration failures on the admin console in the last onboarding round - great reliability.,0
599b7a36-470a-47bd-95c8-ffbc50999dca,Tina Long,bryanchristopher@example.com,973,Daily,55,Basic,0,0.69,"For the price, a small team is getting far more value than our department head expected.",0
b30a1733-9729-4df9-90e1-ad254a219afb,Joseph Lindsey,alan86@example.net,86,Weekly,34,Pro,1,0.01,"The collaboration tools crashed again this cycle, on top of session timeouts from the past year.",1
54086604-0b18-4ffe-9e6d-38d46850590f,Rebecca Howard,matthew70@example.org,659,Weekly,1,Enterprise,0,0.34,We've had repeated permission errors on the API for the past quarter now with no real fix.,1
5a066dd3-7c6f-42f8-aaaa-d8884c32d7f8,Monica Little,justinsingleton@example.com,814,Daily,50,Enterprise,0,0.39,Our department head is still getting familiar with the collaboration tools after recent weeks.,0
4665f2c3-6337-4bd4-9ee2-a9ec40bf5414,Jason Barron,josephperry@example.net,567,Daily,69,Enterprise,1,0.63,The recent improvements to the billing system have made a real difference for a distributed team.,0
35e70e40-25fb-4995-886f-f57a437a5098,Alexis Nelson,smithkelly@example.com,284,Daily,45,Basic,0,0.62,"The audit log crashed again this cycle, on top of notification delays from several days.",1
8d30338a-cbc2-453f-94f6-b0641b30e2b0,Megan Ferguson,yarroyo@example.com,492,Daily,48,Basic,4,0.71,The per-seat pricing has become a real budget problem for multiple business units over several days.,0
fb6b1ef9-8968-4ab6-bf79-531b265e22ba,Melissa Roach,cory69@example.com,390,Weekly,29,Pro,2,0.73,Our procurement team renewed without hesitation - the price-to-value ratio on the integration is hard to beat.,0
649ae657-95c5-4724-9edc-d05abe2b542b,Cheryl Tran,websterjeremy@example.org,251,Weekly,46,Basic,0,0.86,The overall experience over the past month has just felt neglected for a distributed team.,0
696fb53f-2995-4c6e-a6eb-bca9df7b3790,Jonathan Robinson,michelle17@example.net,865,Daily,31,Basic,1,0.38,Our whole department has had an unremarkable but functional experience with the collaboration tools lately.,0
f1b7dfd0-4adc-4c87-ae77-42793114c4be,Mary Johnson,edavis@example.com,1029,Weekly,29,Enterprise,4,0.54,Nobody has responded to our complaint about failed uploads on the audit log in the past quarter.,0
ca97e4ab-f2fe-4440-84b0-5d20be1c3d85,Dominique Franco,daniel00@example.com,32,Daily,113,Enterprise,3,0.58,The notification system handles a small team's workload without a hitch. No complaints on the technical side.,0
f1fc8980-9eb9-43f1-933e-b2a767da00c2,Elizabeth Ward,martin70@example.org,819,Daily,46,Basic,3,0.73,A small team can't keep absorbing the cost increases on the reporting dashboard seen over the past year.,0
05273cd9-83a7-45de-b97a-be5dca48048c,Cameron Ferguson,johnsonamber@example.org,353,Weekly,20,Pro,1,0.99,The past month without a single proactive check-in from your side has been disappointing.,0
fd72dd42-e083-490a-a2f3-0595f784381a,Martin Johnson,clarksara@example.net,195,Daily,107,Enterprise,0,0.69,The workflow builder's pricing has stayed fair even as our whole department scaled up usage over the last billing cycle.,0
eb821cfa-c928-44af-a245-dc66dbc631c0,Jon Foster,heatheryoung@example.org,32,Weekly,14,Basic,2,0.39,This quarter of intermittent slow load times on the permissions system has really hurt our workflow.,1
5bcbf1b0-877a-424e-b6e0-9ef3c7244216,Sara Berg,richardmiller@example.org,472,Rarely,2,Basic,1,0.78,"Our procurement team had a small question about the mobile app, support got back within the past year.",0
fa0ac105-4a86-4b8c-a329-08efab8a21dc,Tiffany Hood,brianruiz@example.org,83,Daily,15,Pro,1,0.47,Our finance team called the pricing on the workflow builder a pleasant surprise after this week of use.,0
d6e6e97b-6a8a-409f-b7e9-f19ae27aeb20,Amy Watkins,sharon92@example.net,473,Rarely,7,Basic,6,0.49,Nobody has responded to our complaint about duplicate records on the mobile app in the last six months.,1
712af75d-b6fa-44e2-9ee4-5898a71dd3da,Theresa Krueger,sullivankatherine@example.net,1045,Daily,99,Pro,3,0.12,Our whole department has come to rely on the notification system precisely because it never breaks.,0
2c6339d9-e4aa-40b1-9f57-dbb62337ea91,Austin Brown,erinmcdaniel@example.com,428,Rarely,7,Pro,0,0.01,Our whole department hasn't had much to report on the admin console over the past year.,1
6cc2e4d3-e5db-4d06-804e-79a3d00adf75,Ronald Miller,mberry@example.org,774,Rarely,12,Pro,2,0.51,"For what we pay, our engineering lead expected a lot more from the permissions system.",1
e124628a-36fc-48cb-a930-fccbdc94ca04,Edwin Whitehead,gclark@example.org,948,Weekly,20,Basic,1,0.06,This is the second time the last six months we've had trouble with the notification system.,1
c8dadad4-8d0c-4782-bc41-8fdc9b7159b1,Katherine Hull,contrerasnicholas@example.org,706,Weekly,11,Basic,3,0.41,"Pricing on the billing system seems reasonable, though our finance team is still evaluating value for multiple business units.",1
8b2dac02-974d-454c-aa4e-da8d2eddebb3,Jeremy Rodriguez,willie65@example.net,236,Daily,19,Enterprise,2,0.4,"The API met expectations for a growing team across the last onboarding round, nothing more to add.",1
c22584fb-fc91-4d32-8b79-b8a7ff92f19d,Megan Barker,ibarnett@example.com,520,Rarely,8,Basic,0,0.34,No strong opinion on cost yet from our IT team - we'll reassess at the next renewal.,1
08a48416-23e5-45a2-8805-7b2df595d988,Courtney Henry,davidbanks@example.net,644,Weekly,42,Enterprise,0,0.8,The recent improvements to customer support have made a real difference for a growing team.,0
d984f5df-6b55-4196-9abe-45e283c46f22,Raymond Allen,ymack@example.org,928,Rarely,1,Basic,1,0.37,"Our ops lead hasn't flagged cost as an issue for the API, but hasn't praised it either.",1
6543b6b4-2f56-44c0-b98c-c074ff5c77a8,David Rhodes,campbellmario@example.com,558,Rarely,14,Basic,0,0.01,The integration is serviceable for a 40-person team; report generation errors shows up occasionally but rarely blocks us.,1
a35d38d6-f68d-4852-8e7b-a243245e6486,Lisa Webster,trevor11@example.org,1090,Daily,36,Pro,3,0.87,"Even under heavy load, the API held up well for a distributed team over the past quarter.",0
8e71fd91-75bc-4aa4-be60-cf44d9f3ddf9,Kimberly Jackson MD,christina97@example.net,763,Weekly,5,Basic,9,0.01,A 40-person team has been blocked by session timeouts on customer support for the last few days.,1
227ca973-5271-4c4b-b817-bf76d0b183a9,Douglas Stewart,oochoa@example.net,379,Weekly,8,Basic,2,0.3,Support acknowledged the login errors on the workflow builder but the last billing cycle later it's still broken.,1
d6f37257-0fdd-405c-9d6d-796d97bb522c,Kristen Camacho,beckdestiny@example.net,232,Rarely,6,Pro,1,0.35,The export tool is serviceable for our whole department; integration failures shows up occasionally but rarely blocks us.,1
0cde7a88-b54a-49fe-a0a7-e6903f957f87,Cathy Phillips,danielle06@example.org,974,Daily,105,Enterprise,2,0.55,"The mobile app met expectations for multiple business units across the last two weeks, nothing more to add.",0
44f8a094-2936-4f31-81ad-15b71ce9ba73,Robin Sanchez,chill@example.org,204,Daily,117,Basic,1,0.59,The performance of the export tool has been excellent for a small team throughout this quarter.,0
9e838da0-72ce-497f-aa71-f78d63843963,Robin Miller,jenniferguerrero@example.net,651,Rarely,12,Enterprise,2,0.01,Our account manager here is happy to keep paying for the reporting dashboard - it pays for itself many times over.,1
f3183b58-56e4-4646-b065-fd585ccad01d,Kevin Love,ronald01@example.net,87,Daily,51,Pro,2,0.26,The overall experience over the past few sprints has just felt neglected for a 40-person team.,0
f4c516cb-5c36-403b-a7ed-038e55732b32,Shannon Meyer,anna42@example.net,58,Daily,24,Pro,9,0.32,Multiple business units has come to rely on the collaboration tools precisely because it never breaks.,0
017e8c0f-b207-4bc4-96a6-176f69859ecc,Terry Thompson,dukekelly@example.net,911,Weekly,55,Pro,3,0.5,The past quarter of intermittent session timeouts on the integration has really hurt our workflow.,0
19d4b5ac-c82a-4ec2-9f6d-b1ce26063a2e,Corey Campos,levijohns@example.com,923,Rarely,6,Pro,1,0.01,The past quarter without a single proactive check-in from your side has been disappointing.,1
00421145-5693-4e39-8afc-28ba22fcf77e,Jesse Blair,rebeccamartinez@example.com,819,Rarely,13,Enterprise,3,0.28,The permissions system has been broken for the last onboarding round and it's affecting a distributed team.,1
71c680fd-eb18-41a0-99bb-68f5ea813292,Matthew Soto,davisjanice@example.org,221,Daily,50,Basic,3,0.09,The performance of the permissions system has been excellent for a distributed team throughout the last two weeks.,0
7065b776-2646-426f-a685-3e82a835be2e,Jason Villa,hrubio@example.org,231,Weekly,52,Pro,1,0.78,Our IT team ran the numbers and the billing system beats a rival platform on cost per seat.,0
2c2db294-c5e0-49b9-8e06-7e93e038c509,Anna Martin,fowlerkelly@example.net,855,Daily,107,Basic,1,0.58,Our finance team looked at a cheaper alternative recently and honestly this is the better deal.,0
eee1987b-5ffa-4281-8363-9a10afbb6082,Christine Price,fjones@example.com,313,Daily,41,Pro,3,0.63,"A 40-person team has had a smooth, low-friction experience across the past few sprints.",1
9ae3a190-79ec-4d9b-bae4-e9a41b2cc10c,Courtney Ramirez,xmason@example.net,628,Daily,21,Enterprise,3,0.77,Our whole department has come to rely on the audit log precisely because it never breaks.,0
7fc747b7-27c5-4891-b422-87d1e8091633,Thomas Phillips,kellyalicia@example.org,505,Daily,28,Pro,1,0.45,Nobody has responded to our complaint about report generation errors on the API in this quarter.,0
4e639e1e-46ad-4606-8d20-d4c378e67aaf,Sheila Miller,steven15@example.com,635,Daily,58,Pro,3,0.3,Our ops lead is still deciding if the current plan tier fits a distributed team's budget.,1
06ef0309-ce94-486c-8c1f-152cee625f3a,John Hamilton,tiffany73@example.com,740,Daily,53,Enterprise,2,0.72,The API has been rock solid over this quarter. our IT team is genuinely impressed.,0
9f00e3bd-dec4-4509-a87a-d2f5a4260d66,Anthony Sutton,tracymorris@example.com,723,Weekly,29,Basic,12,0.31,The report generation errors problem on the mobile app has cost us real time over the past month.,1
ad2f5fa1-630e-4db0-921b-f32f68f97ea1,Lorraine Klein,anthony17@example.org,526,Daily,59,Basic,2,0.95,"For what we pay, our ops lead expected a lot more from the onboarding flow.",0
366a14d7-f0b7-4dbb-9605-d86ec3cc2831,Jennifer Costa,schmidtchristopher@example.org,689,Daily,94,Basic,3,0.9,Our procurement team is close to recommending another provider in this space purely on cost grounds.,0
f7451e2d-c9c7-484f-ae09-e19d3c627166,Gregory Richards,meredith74@example.com,728,Daily,50,Basic,7,0.52,Nobody has responded to our complaint about broken links on the integration in recent weeks.,1
92710c81-3df3-48bd-be2f-b2e040650eda,Chelsea Turner,fletchertheresa@example.com,972,Rarely,5,Pro,1,0.37,We reported permission errors on the billing system this week ago and it's still unresolved.,1
cbab31b6-3e86-4d89-b16e-5aa40073d29a,Brian Trevino,stephanienelson@example.net,12,Daily,31,Pro,6,0.43,"The billing system works fine overall, though we've noticed a few dashboard glitches over the past quarter.",0
c0c40901-aec9-463b-b05f-cb730767692b,Blake Bowen,deborah25@example.net,941,Rarely,14,Pro,3,0.47,"For the price, a growing team is getting far more value than our ops lead expected.",1
26fa7b46-a246-48dc-b290-30882174b8ee,Robert Hansen,smithanthony@example.com,380,Weekly,51,Pro,1,0.66,The subscription cost is more than justified by how much time the permissions system saves a small team.,0
9ebb4213-2816-4bf2-89cf-48532777911c,Steven Ruiz,iobrien@example.com,945,Daily,43,Enterprise,18,0.3,The notification system has been broken for the last few days and it's affecting a distributed team.,0
4f16b75d-13b6-4d97-bdf2-f18155ed12fc,Marcus Nelson,woodscharlotte@example.com,445,Rarely,2,Basic,0,0.62,"The mobile app performs adequately for a 40-person team, though there's room for polish.",1
a37719d7-1cf0-4b9a-b2d4-3178ec8f8533,Derrick Hansen,jboyer@example.net,943,Daily,17,Enterprise,0,0.35,"Even under heavy load, customer support held up well for multiple business units over the past year.",0
bfe2148d-b7c6-4944-8d66-fce23f3d094c,Becky Carter,tsullivan@example.net,849,Weekly,44,Basic,2,0.82,Our department head is really happy with how stable the onboarding flow has been over the last onboarding round.,0
7feef56d-000f-43a6-be17-54e89bf4c19f,Kent Adams,hwest@example.org,821,Daily,113,Basic,0,0.75,Our account manager here specifically called out how reasonable the renewal cost on the audit log was.,0
fb0ec707-3ad6-451f-806f-caf7f8267e41,Charles Hurley,christopher12@example.org,21,Daily,44,Pro,2,0.45,The past few sprints of intermittent login errors on the audit log has really hurt our workflow.,1
3ef06d31-dfc6-41f2-8183-58c4caa25807,Alexis Conrad,kenneth81@example.net,866,Daily,56,Basic,3,0.45,The API has been rock solid over recent weeks. our procurement team is genuinely impressed.,0
2853818c-e248-4918-af7e-d35344a9ee90,Tanya Mccann,teresa69@example.com,377,Rarely,6,Basic,2,0.47,"Cost over recent weeks is about what our engineering lead expected - no complaints, no major praise.",1
bc320592-2a1d-4c97-92c1-7d133cf3ff16,Amy Kirby,ebony44@example.org,917,Daily,50,Basic,3,0.85,We noticed login errors on the workflow builder once or twice during the last billing cycle but it resolved itself.,0
6207b31c-bf50-44d2-859e-b4da84344fb6,Anna Marquez,mariagomez@example.org,386,Rarely,5,Basic,3,0.15,"The billing system's pricing held steady over several days, which kept our engineering lead neutral on it.",1
588b1cb5-5195-4bcd-9ba4-f5be3d460798,Devon Wood,robert53@example.com,18,Daily,76,Pro,4,0.39,The onboarding flow handles our whole department's workload without a hitch. No complaints on the technical side.,0
db4291d0-aec4-41c8-abbd-df9f36a581d4,Timothy Russell,newtonrandy@example.org,565,Rarely,4,Basic,2,0.06,We reported sync failures on the collaboration tools the past month ago and it's still unresolved.,1
1cbaed1e-9f83-461a-8b31-de61f05d368c,Lisa Clark,powersryan@example.net,383,Weekly,52,Pro,3,0.32,This is the fifth time the last two weeks we've had trouble with customer support.,1
b8f0cb03-49ef-42d2-ada5-56fb82b7cdb3,Shawn Mckee,joshuatorres@example.net,344,Daily,45,Pro,1,0.41,A 40-person team has had zero technical issues with the analytics module over the past month. It just works.,0
e17e795f-a6e0-46d3-a0bc-0e8bb2ca6857,Kelly Moore,brian73@example.net,1025,Daily,29,Pro,2,0.73,The recent improvements to customer support have made a real difference for multiple business units.,0
3faabf0b-b460-42db-a776-a2b97c52d05d,Danielle Anderson,yevans@example.net,1066,Daily,51,Basic,16,0.57,We've had repeated duplicate records on customer support for the past few sprints now with no real fix.,0
5f56a5a0-0a00-4244-9775-168f5d188885,Stephanie Roberts,kristymoran@example.com,435,Daily,24,Basic,1,0.33,Our finance team looked at a lower-cost competitor recently and honestly this is the better deal.,0
1d5ac54c-52ca-4286-b569-1d805680f19e,Howard Robertson,sara94@example.org,603,Weekly,23,Enterprise,3,0.26,Our department head is seriously evaluating a rival platform given the current cost over several days.,1
e23730cb-2e62-42aa-a899-c4b267c07a23,David Miller,lsalinas@example.com,835,Weekly,49,Enterprise,1,0.28,The account team has been proactive and easy for our account manager here to work with.,0
5f967f7d-9d09-4285-91e8-f7b638a760ef,Jennifer Francis,candacesandoval@example.net,267,Weekly,8,Basic,1,0.4,Billing on the onboarding flow keeps creeping up and it's hard to see the added value over the last few days.,1
0f1faf93-303b-4849-947d-2eda782d6138,Danielle Jones,nellis@example.net,515,Rarely,12,Enterprise,1,0.75,A distributed team hasn't had much to report on customer support over the past few sprints.,0
74dc4bf3-85f5-40ed-9c8f-d900d820bb70,Amber Terry,chamilton@example.com,416,Rarely,7,Basic,0,0.01,"Our finance team logged one instance of integration failures on the export tool during this quarter, resolved quickly.",1
428f74f3-d5ef-4210-98b3-37290f6b4683,Tim Mcclain,yhanna@example.com,1002,Daily,19,Pro,1,0.19,Our IT team expected better account management given how long we've been customers.,1
775a8de2-caec-4991-ac86-30933f6598f4,Michael Barber,jonathan30@example.net,610,Weekly,51,Basic,9,0.61,Nobody has responded to our complaint about login errors on customer support in the past year.,0
52950360-607e-4464-8cce-c6ed76f6186e,John Hudson,ajenkins@example.com,58,Rarely,6,Basic,7,0.2,The login errors problem on customer support has cost us real time over the past month.,1
0f5ccf77-451d-4c33-9e0d-035f8f6f0d77,Kevin Holt,mcintyreandrew@example.org,383,Daily,50,Basic,1,0.81,Our finance team specifically called out how reasonable the renewal cost on the admin console was.,0
90a9eda9-4f9f-4f0f-b20d-67214ab78620,Sara Doyle,christian65@example.com,926,Weekly,47,Pro,2,0.44,A 40-person team has been blocked by API timeouts on the notification system for the past few sprints.,0
1f504b8f-2452-4a8d-94ef-222c8d9f888f,Jeremy French,deborah25@example.com,740,Weekly,8,Enterprise,2,0.42,"The mobile app crashed again this cycle, on top of data export bugs from this week.",1
2a2b10fe-06fb-4b7e-a7dd-8b596aa87d47,Tiffany Ross,tateapril@example.com,311,Rarely,12,Basic,2,0.2,The renewal price increase on the integration is hard to justify given what multiple business units actually uses.,1
67a74ebb-a20e-416f-bf36-894aa1789160,Monica Frazier,maria22@example.org,1046,Daily,25,Basic,1,0.39,A 40-person team can't keep absorbing the cost increases on customer support seen over the past quarter.,0
f326e414-6dea-4af5-b9bf-7fa08efd90a7,Anne Acosta,mterry@example.com,123,Weekly,13,Basic,3,0.5,Our department head migrated a big workload onto the notification system and it performed flawlessly.,1
04d01864-cfb8-48db-8433-56587af06f3d,William Fischer,acook@example.com,695,Daily,22,Basic,0,0.84,The subscription cost is more than justified by how much time the onboarding flow saves a small team.,0
6d76dcaf-0342-455e-a508-667b2fd33fdb,Erik Daniel,huffmanbrian@example.net,725,Daily,64,Basic,0,0.68,Your team resolved our finance team's concern faster than expected. Great experience.,0
4da2ba04-9ec8-45b1-a326-a8e91be2e880,Crystal Owen,murphyclinton@example.org,434,Rarely,4,Enterprise,1,0.01,We've had repeated session timeouts on the workflow builder for the past few sprints now with no real fix.,1
dc0541cf-7d5c-4b1b-bc55-690e998a7d36,Ryan Anderson,dustin75@example.net,44,Rarely,3,Pro,15,0.43,We reported duplicate records on the audit log this quarter ago and it's still unresolved.,1
f835edfd-6675-4fb6-99b8-4130dbbb40cb,Meghan Torres,kevingarcia@example.net,318,Daily,25,Enterprise,0,0.42,Our engineering lead raised a concern the past quarter ago and it fell through the cracks entirely.,0
5ac06cfb-b1f3-4033-9277-3dcd2346315c,Vanessa Phillips,kimberly56@example.net,735,Weekly,9,Enterprise,0,0.34,Our procurement team compared against a rival platform and the pricing is roughly in line.,1
d9f9015b-dd99-43e0-864d-e90e91db2f4a,Daniel Collins,paul58@example.org,113,Weekly,17,Enterprise,0,0.99,A distributed team has felt genuinely supported by your team throughout this week.,0
77e70d46-899a-4af2-8bbb-58b1ee51fb3a,Aaron Hall,frazierbridget@example.org,620,Weekly,49,Pro,1,0.69,Billing on the admin console keeps creeping up and it's hard to see the added value over several days.,0
608ab699-e100-4ebe-b924-4abd74b38c70,Diane Ray,cainjuan@example.net,338,Daily,79,Enterprise,1,0.59,The reliability of the admin console over several days has genuinely earned our engineering lead's trust.,0
5b916ebd-9b66-47bc-a7a0-79e689a31c33,Anthony Norton,ewest@example.com,563,Daily,79,Basic,1,0.48,"Our ops lead is weighing a lower-cost competitor's pricing against ours, no conclusion yet.",0
cb5060ce-93bd-44c5-99b0-9cd7131ff0a1,Alexandria Moses,zbarnett@example.org,988,Daily,45,Basic,7,0.22,We are locked out of the collaboration tools again during this quarter - this keeps happening.,0
877f4a6b-7d8c-45a8-81d4-fd83444c412f,Christopher Ross,mcdowellsteven@example.com,138,Weekly,19,Enterprise,1,0.24,"General feedback: the notification system is fine, permission errors handling could be faster over the last two weeks.",1
6f018bf8-56d4-4ed7-ba51-35b23860d966,Michael Sharp,meganwright@example.com,179,Daily,75,Pro,0,0.74,Our account manager here appreciated the proactive outreach from your side over the past quarter.,0
6f415abc-b53b-4a4e-9d72-07bd71f355de,Rhonda Smith,owilson@example.com,271,Weekly,29,Enterprise,7,0.55,Customer support continues to exceed our procurement team's technical expectations after several days.,0
1e3779e6-7f8c-4416-aabd-b503c2d7cadd,Sabrina Lawrence,fowlerangela@example.net,1076,Rarely,11,Pro,11,0.11,Sync failures on the admin console has been a recurring headache for this quarter.,1
a624e44e-0c96-4bb3-8d0d-791604017f7b,Kristina Tran,garciabradley@example.org,917,Daily,45,Pro,4,0.42,We're being asked to pay more for the permissions system while it hasn't meaningfully improved in the last few days.,1
7188c576-a145-41dd-8b71-5e37f982d30a,Donald Jones,raymond58@example.com,596,Weekly,41,Enterprise,3,0.83,The API has been broken for several days and it's affecting multiple business units.,0
9bd69d13-36c2-4ee0-8534-d33591a519ef,Kathy Glenn,joseortiz@example.net,958,Rarely,12,Enterprise,0,0.27,Multiple business units has had zero problems with the overall experience over this quarter.,1
b459ae7d-93f1-4386-b88f-f2d6766296ac,Stephen Solis,ncole@example.net,974,Rarely,14,Basic,2,0.18,Support acknowledged the session timeouts on the notification system but this week later it's still broken.,1
6a633174-80bb-4c36-93f0-46da24a0d17b,Robert Brown,jennifer31@example.net,951,Weekly,6,Basic,10,0.75,The integration failures problem on the reporting dashboard has cost us real time over the past month.,1
a4542e44-50ed-4fee-8a00-d48f4842539e,Dana Holmes,carolynbailey@example.com,858,Daily,19,Pro,2,0.56,Our whole department has felt genuinely supported by your team throughout this week.,0
1f45946a-a6ed-4f96-8147-7aef34489f45,Jay Davis,stanleycline@example.com,366,Daily,56,Enterprise,0,0.42,Our account manager here would recommend this to other teams after the past month of good experience.,0
631f16f5-c2a0-4c58-acd9-4914e651ad22,Kathleen Lopez,tannerdiana@example.com,42,Weekly,11,Pro,0,0.36,Our account manager here has asked for a status update fourth time with no response in the past month.,0
3d4e3f60-f084-405c-869d-3ddc6cb19b98,Kristin Lewis,bradleychristy@example.com,503,Daily,58,Basic,0,0.81,The ROI on the notification system has been obvious to our account manager here since the last onboarding round ago.,0
dd0dbe2b-4733-42af-8872-3f9cd0ccee35,Sarah Lopez,alberttaylor@example.org,710,Weekly,56,Enterprise,18,0.12,A small team has been blocked by login errors on the onboarding flow for the past quarter.,0
244e049f-dda7-4160-b9e0-6688db06c6fe,Jackson Hardy,graysonya@example.com,924,Weekly,14,Basic,6,0.49,We are locked out of the API again during the last few days - this keeps happening.,1
309ba402-4cd0-4c73-81d8-a60460149f34,Felicia Jacobs,browndaniel@example.com,363,Rarely,3,Basic,1,0.37,We are locked out of the billing system again during recent weeks - this keeps happening.,1
8e511321-c6a6-4fc0-b850-eda4fea56ca1,Annette Martinez,davidjones@example.com,44,Weekly,27,Pro,1,0.63,Our whole department has had zero technical issues with the analytics module over the last two weeks. It just works.,0
01d6fcc5-f701-46be-b1fd-a6a233c7146e,Joanna White,zvega@example.net,652,Weekly,20,Basic,0,0.99,Our finance team would recommend this to other teams after the last two weeks of good experience.,0
e4abe2cc-8b2c-4fa2-bbb8-b002328db4bc,Vincent Miller,mary14@example.org,133,Daily,18,Basic,2,0.49,"For what we pay, our engineering lead expected a lot more from the search feature.",0
88a183bf-c2b8-4819-bbc4-7f556b238ee5,Christopher Johnson,nicholsstephanie@example.com,456,Daily,35,Pro,3,0.42,Our IT team specifically called out how dependable the workflow builder has been over the last onboarding round.,0
1ecb6d18-e8d3-44c7-8e55-cc3e3c97b4f9,Daniel Kennedy,dlamb@example.org,786,Daily,35,Pro,2,0.94,The analytics module handles a growing team's workload without a hitch. No complaints on the technical side.,0
9056ede9-ea2e-4373-b3fe-cbe1c2241dfb,Nathan Howell,fuentesbrady@example.net,392,Daily,44,Enterprise,3,0.82,The reliability of the API over the last onboarding round has genuinely earned our account manager here's trust.,0
b34a2147-4a39-43ba-8774-5c7e33b275e6,Madison Massey,charlessmith@example.net,786,Daily,104,Pro,0,0.76,No issues to report from multiple business units over the last two weeks - everything just works.,0
420d0a80-b48c-4193-885b-3f0deb0605b4,Susan Williams,gonzalezsharon@example.com,1089,Daily,45,Enterprise,0,0.7,A distributed team hasn't had much to report on the onboarding flow over the last billing cycle.,0
8bc720c7-6db4-4ea6-8c86-66d066e206f6,Anthony Williams,lewislinda@example.net,193,Weekly,16,Enterprise,0,0.83,"The export tool performs adequately for a growing team, though there's room for polish.",0
4b852955-22b1-4b71-8484-adf21e479333,Wendy Parker,medinajulia@example.org,375,Weekly,14,Basic,0,0.07,Our account manager here renewed without hesitation - the price-to-value ratio on the notification system is hard to beat.,1
318d2b07-9140-4334-9545-b897b02cd851,Kyle Price,umartin@example.net,556,Weekly,7,Basic,1,0.36,Multiple business units has had zero technical issues with the mobile app over the last onboarding round. It just works.,0
5fcd102c-9658-493b-ad00-812a75bf5bb3,Misty Gomez,cynthia06@example.net,410,Daily,15,Basic,0,0.62,"Our whole department gets more than its money's worth from the permissions system, according to our engineering lead.",0
7bf396ff-b1d4-49aa-b4c3-beea9a1ceabd,Michael Gonzalez,coxvanessa@example.com,78,Daily,39,Basic,4,0.03,A distributed team has come to rely on the audit log precisely because it never breaks.,0
88fb0c2a-4232-45ac-ae48-68484d84b55b,Sarah Arroyo,hgonzalez@example.com,1074,Weekly,29,Basic,0,0.4,"Our ops lead hasn't flagged cost as an issue for the reporting dashboard, but hasn't praised it either.",0
822cf084-15a2-458f-b041-a0c83102ca7c,Meghan Hayes,turnerpaige@example.net,408,Rarely,8,Pro,1,0.1,Things have been mostly stable on the search feature for a 40-person team over several days.,1
010c680f-153c-4578-8d6d-13f506a6baa9,Sarah Nielsen,hardyanthony@example.net,741,Daily,62,Pro,1,0.55,Our engineering lead is still deciding if the current plan tier fits a growing team's budget.,0
8c514340-6fa6-4ada-a684-761e1143ed39,Robert Kelley,johnny92@example.net,926,Weekly,9,Basic,4,0.04,The sync failures problem on the integration has cost us real time over several days.,1
99ca7f12-22a7-44ee-9dad-a41246f79cc6,Jose Sharp,rileycrystal@example.com,719,Daily,59,Pro,0,0.7,Things have been mostly stable on the export tool for a growing team over the last few days.,0
87b6bda2-91eb-4487-a853-2ee23a120652,William Aguilar,deckerjeffrey@example.net,308,Weekly,5,Pro,2,0.68,"The collaboration tools does what it needs to for a growing team, aside from the occasional sync failures.",1
f41c540e-28cd-4353-8af6-144b165b903a,Colin Warren,jacksonchristopher@example.com,289,Weekly,42,Basic,2,0.38,Multiple business units can't keep absorbing the cost increases on the reporting dashboard seen over this week.,0
8374a4eb-37d2-48bd-bac7-72ab29451324,Matthew Hale,christy55@example.org,1059,Weekly,31,Enterprise,3,0.62,"Our procurement team had a small question about the onboarding flow, support got back within the past quarter.",0
9ee6d559-f4a0-48d1-84d4-ea0536616d61,Cathy Bishop,joannaallen@example.org,947,Weekly,2,Basic,19,0.06,The API has been broken for the past month and it's affecting our whole department.,1
b2660667-0c40-4c3b-9739-1c915d80a2d5,Jessica Villa,tracy54@example.org,250,Daily,53,Enterprise,1,0.6,Our procurement team expected better account management given how long we've been customers.,0
27ecb3eb-cb16-46d6-9d4d-df0dc1f81105,Diana Owen,weberchristopher@example.com,615,Daily,99,Basic,1,0.82,"A small number of permission errors on the admin console came up over the last two weeks, nothing urgent.",0
0faa521f-950d-4485-b202-d656cbe98f85,Cody Gates,zsaunders@example.org,967,Weekly,25,Pro,1,0.85,Our procurement team has been consistently happy with the service over this quarter.,0
a69cca40-4729-4b65-b274-017bebc3c001,Ashley Dillon,ijohnson@example.org,514,Daily,109,Basic,0,0.71,Our account manager here was quoted a much higher renewal rate several days ago with no explanation.,0
ee7e6568-167f-4596-a719-28d7d7d7be0a,Todd Wong,rhonda98@example.com,462,Daily,70,Pro,5,0.56,We are locked out of customer support again during the past few sprints - this keeps happening.,0
8dad7dc8-2e7c-4a61-8837-184ea4b6cc07,Katrina Tran,cunninghamcindy@example.net,554,Rarely,10,Enterprise,2,0.13,Our finance team renewed without hesitation - the price-to-value ratio on the workflow builder is hard to beat.,0
3325761b-7f6d-4a3c-9c15-0f2556370429,Alex Torres,pwilliams@example.com,1016,Weekly,11,Basic,0,0.55,The permissions system has been rock solid over the past quarter. our IT team is genuinely impressed.,0
b56c5707-ad56-4e3c-a021-843ba55d753b,Mrs. Emily Walker,sclarke@example.com,843,Daily,57,Pro,0,0.73,"Given what multiple business units gets, the pricing on the workflow builder feels very fair.",0
158f2236-6be5-48d0-82f9-00466e51d853,Raymond Morgan,martinelizabeth@example.org,825,Weekly,6,Pro,1,0.76,"A general status update from our department head - no issues, no notable wins over the past year.",1
e02a206c-7a2d-4770-99d3-926b6d993071,Rita Peters,wwilliams@example.org,1035,Weekly,39,Basic,4,0.42,The collaboration tools going down during the last few days caused real disruption for a growing team.,0
a489d5c4-a678-478e-842b-918a8f022865,Kimberly Oconnor,scampbell@example.org,342,Daily,31,Pro,4,0.63,Our IT team looked at a cheaper alternative recently and honestly this is the better deal.,0
afda7299-fad7-49ea-8a94-52465350bf14,Laura Roberts,dean27@example.com,206,Rarely,13,Basic,2,0.24,The broken links problem on the notification system has cost us real time over the past quarter.,1
065daf2d-cdcf-4c6c-a89a-bfa8d5b84877,Michelle Mills,perry54@example.org,502,Rarely,14,Basic,13,0.44,We've had repeated failed uploads on the admin console for the last onboarding round now with no real fix.,1
9d0eb01c-9951-4b86-abfe-0dd68bd58a4a,Kimberly Vargas,donnabeasley@example.org,618,Rarely,6,Pro,11,0.01,The permissions system going down during the past quarter caused real disruption for a distributed team.,1
aa51d60f-abfb-4a08-8445-bcb0b8d1388b,Jessica Maxwell,fergusonjoel@example.org,107,Weekly,7,Pro,0,0.64,"The reporting dashboard crashed again this cycle, on top of integration failures from recent weeks.",0
cdce8b9e-0d52-46c5-83bf-f26e1a75d97e,Mary Flynn,gerald70@example.net,1036,Rarely,7,Basic,0,0.38,Our procurement team has lost confidence after this quarter of unanswered account requests.,1
0c196d51-d015-49d4-9979-2a9e8af737af,Julia Summers,rjensen@example.net,175,Weekly,42,Basic,3,0.42,A small team has come to rely on the export tool precisely because it never breaks.,0
f571319b-72cf-4e8b-810d-36225316c824,Paul Mccoy,veronicablake@example.net,425,Rarely,10,Pro,4,0.29,The recent improvements to the billing system have made a real difference for a 40-person team.,1
e88f5c23-59a5-4d18-ae26-059b6206e74b,Sean Sandoval,ashley90@example.com,833,Weekly,22,Pro,1,0.46,"A general status update from our engineering lead - no issues, no notable wins over the past quarter.",0
40c3ea41-296b-4017-a518-8275203acd9c,Kimberly Brown,zgarcia@example.org,990,Daily,63,Basic,1,0.6,"Our whole department has had a smooth, low-friction experience across several days.",0
560c7bbf-8b8f-4321-b8b5-652fe8e38e07,Lisa Welch,leonardkristin@example.org,943,Rarely,2,Basic,4,0.53,We noticed permission errors on the billing system once or twice during the past month but it resolved itself.,1
b195bc46-24cf-46e4-a32c-f22f91bbd8d5,Heather Shaffer,brian24@example.com,875,Rarely,2,Enterprise,4,0.42,Communication from your team has been inconsistent over the past year.,1
84985d9d-92c9-4c47-adb1-9d1cfa498247,Keith Cochran,adampotter@example.org,873,Rarely,13,Basic,1,0.7,Budget conversations about the search feature have been low-key for a growing team over the last few days.,1
04b5aae0-8563-45f3-af65-d8d50677e9a4,Joseph Price,henryroth@example.com,933,Weekly,7,Pro,1,0.38,The billing system going down during the past quarter caused real disruption for a distributed team.,1
317c6963-9a7a-461b-bd69-6ab699fda234,Charles Allen,vhaas@example.org,845,Weekly,34,Basic,1,0.92,Our finance team specifically called out how dependable the workflow builder has been over the last onboarding round.,0
5cb06142-55b5-45e9-a225-7be91d567ad0,Linda Hayes,taylorchristopher@example.com,818,Daily,31,Pro,0,0.76,Our IT team wanted to confirm the audit log's roadmap for the next this week.,0
72a02e63-ae74-417a-8d2c-4b368e6cf296,Courtney Gardner,laurie63@example.org,73,Weekly,50,Enterprise,3,0.67,Our ops lead is really happy with how stable the onboarding flow has been over the last billing cycle.,0
9bcfe835-4bef-4563-b081-97378cc765cd,Bailey Washington,watsoncole@example.com,271,Daily,25,Basic,0,0.49,The ROI on the analytics module has been obvious to our IT team since the last few days ago.,0
784fe906-9a65-47c4-b614-20fe95e834c2,Sarah Jordan,tiffanystrickland@example.com,1071,Rarely,8,Basic,3,0.21,Our IT team migrated a big workload onto the workflow builder and it performed flawlessly.,0
49300540-6651-407c-af44-ece973f782d2,Debra Lawson,meganwarren@example.com,465,Weekly,36,Enterprise,8,0.67,Our finance team is questioning whether the permissions system justifies its cost after several days of use.,0
944a681b-244e-4a65-a4d2-9b20ff46fa64,Sabrina Burns,ustone@example.com,708,Rarely,14,Enterprise,1,0.34,Pricing hasn't been a deciding factor for multiple business units over several days.,1
cc141fcc-5add-409b-bbb3-c4d2e8ea3eb0,John Davila,bradleyharrison@example.com,171,Weekly,38,Enterprise,0,0.44,The account team has been proactive and easy for our department head to work with.,0
308e54f1-c12b-431b-b342-adf16aac90d7,Susan Andrews,kimberlypeterson@example.net,695,Weekly,19,Basic,1,0.26,Our account manager here compared invoices from the last onboarding round and the cost trend is concerning.,1
72c0dcd8-979a-40c1-adc6-4acb2124c1f0,Taylor Martin,cynthiaaguilar@example.net,274,Rarely,4,Enterprise,0,0.68,Our IT team ran the numbers and the admin console beats a lower-cost competitor on cost per seat.,1
d63c7def-f845-472f-bfa9-e9c76484256f,Devon Mccann,murraytyler@example.net,436,Weekly,46,Basic,5,0.63,The reporting dashboard has been broken for the last two weeks and it's affecting our whole department.,1
8dc369dd-c178-4dfb-9383-e7f565d1c637,Terry Swanson,johnsonjohn@example.com,993,Daily,90,Basic,2,0.12,The export tool has been broken for the past month and it's affecting a distributed team.,1
add211dd-00d6-41bd-9382-ae42ec5638c7,Matthew Norris,melaniethomas@example.org,913,Rarely,3,Basic,2,0.19,We are locked out of the audit log again during the past year - this keeps happening.,1
07d77878-0756-4e8f-8f64-4f334d56d34d,Julian Martin,victoria57@example.com,82,Weekly,2,Basic,0,0.48,Our IT team is happy to keep paying for the notification system - it pays for itself many times over.,0
41c60aa0-857f-4eec-a0a9-c9d83e71c813,Juan Bishop,bthompson@example.com,390,Daily,22,Enterprise,6,0.32,The permissions system has been broken for the last few days and it's affecting a growing team.,0
358a909e-6850-4c88-891b-3fef1a868058,Jessica Russell,davidsonrebecca@example.com,806,Rarely,7,Basic,5,0.53,"The workflow builder works fine overall, though we've noticed a few notification delays over several days.",1
63df5e24-055e-4be9-a8b8-333fa72ec8cc,Jeffrey Thompson,andreaharding@example.org,1014,Weekly,11,Enterprise,0,0.01,Our engineering lead feels well taken care of after the past month as a customer.,1
cffa1cef-70c6-4d65-b8a6-f2a4a4a3119c,Timothy Campbell,taylormichael@example.org,48,Rarely,10,Basic,4,0.34,Nothing major to report on the workflow builder over the past quarter - does the job as expected.,1
26d81e44-0c64-4333-81ea-7391cfd37042,Colleen Terry,adrian65@example.com,258,Daily,28,Pro,11,0.86,Every renewal cycle the price on the mobile app climbs and our department head isn't seeing why.,1
5e6d15db-b6bd-49c1-ab41-8a9c929530b8,Kenneth Taylor,tamara94@example.org,959,Weekly,27,Enterprise,0,0.53,"General feedback: the admin console is fine, API timeouts handling could be faster over the last few days.",1
838910df-4d16-44bc-abf9-b260a815ae0e,Joseph Smith,ghenderson@example.com,148,Weekly,7,Enterprise,6,0.1,This week of intermittent integration failures on the onboarding flow has really hurt our workflow.,1
043bb8fc-a547-4efb-aab4-53ae565dd9ad,Robert Reeves,swansonmatthew@example.org,917,Daily,49,Pro,1,0.14,We noticed permission errors on the search feature once or twice during the last billing cycle but it resolved itself.,1
fa285409-c9a5-49ea-8754-965d1ae758c8,Matthew Smith,hmendez@example.org,568,Daily,28,Pro,1,0.01,Communication from your team has been inconsistent over the last six months.,1
6d8556d0-bad4-4c8b-a418-b6f0393d8461,Aaron Robinson,crystalcharles@example.com,481,Rarely,2,Basic,1,0.49,Our account manager here was quoted a much higher renewal rate the past quarter ago with no explanation.,1
e3b1d1ad-6b55-4422-90c2-19eb07cc98eb,Luis Schwartz,marybuckley@example.net,988,Daily,85,Pro,3,0.85,Our procurement team migrated a big workload onto the search feature and it performed flawlessly.,0
50b1a5a7-79e7-48c7-b318-d33c8b2aaaa5,Diana Davis,barnettwilliam@example.net,869,Daily,107,Basic,1,0.26,The renewal price increase on customer support is hard to justify given what a small team actually uses.,0
28f1a708-cde6-41eb-846e-f9eac77a67b5,Nicole Morgan,georgeshaw@example.org,233,Daily,65,Basic,12,0.32,We are locked out of the integration again during the last six months - this keeps happening.,1
e75be355-28c8-4d89-b320-e5eb6ee20311,Carlos Sherman,nicholas98@example.com,587,Weekly,54,Pro,0,0.85,"For the price, our whole department is getting far more value than our IT team expected.",0
fd81df6a-7a45-4f42-bdc6-9c051cc26ecb,Michelle Olsen,alexisrush@example.com,993,Weekly,5,Pro,1,0.37,Our ops lead is close to recommending another provider in this space purely on cost grounds.,0
66c9da0e-d60e-4bf0-b9fd-0769015919e8,Deborah Gutierrez,harrishayley@example.com,147,Rarely,11,Basic,2,0.01,Our ops lead is seriously evaluating a lower-cost competitor given the current cost over the last few days.,1
2ba40b8f-50dc-4670-b881-6d7436c31bca,Gregory Watson,jenniferhansen@example.com,271,Weekly,42,Basic,7,0.46,"We've escalated report generation errors on the integration second time now, still no resolution.",1
8745cb79-8e01-44ee-bc03-eae64b9bfc86,Jennifer Soto,petersoncindy@example.net,561,Weekly,13,Basic,1,0.13,"A small number of sync failures on the reporting dashboard came up over the last onboarding round, nothing urgent.",1
4fa9feac-6cbb-4225-9665-a3731db11d1c,Mary Williams,makayla76@example.net,898,Weekly,11,Basic,2,0.58,"For what we pay, our ops lead expected a lot more from the onboarding flow.",1
48b268fd-efc0-4f00-9bc8-2375a82b1e7f,Meghan Torres,sarasims@example.org,780,Rarely,1,Enterprise,4,0.29,"We've escalated duplicate records on the admin console sixth time now, still no resolution.",1
814b0e66-82f1-4241-a502-53c63b57b886,David Beck,duncansamuel@example.org,179,Rarely,5,Basic,1,0.52,Multiple business units has had zero downtime issues with the export tool in recent weeks.,0
dbb61104-d876-4472-a258-147ebe01019e,Megan Hardy,tony67@example.net,465,Rarely,2,Basic,3,0.35,The notification delays problem on the search feature has cost us real time over the last billing cycle.,1
72a58200-c7c8-4b0a-a611-eb4e8c30da0a,Toni Bullock,anthony99@example.org,1054,Weekly,43,Enterprise,3,0.33,The performance of the export tool has been excellent for a 40-person team throughout the last onboarding round.,0
7faff7e7-0914-499a-94a1-f0a50810cfde,Brian Knight,jmcdonald@example.org,626,Weekly,53,Basic,4,0.48,A small team has had zero downtime issues with the reporting dashboard in the last billing cycle.,0
b86890fe-eaae-40c5-8399-f2f5088bdb7f,Whitney Koch,browncarlos@example.com,511,Weekly,18,Basic,2,0.59,The cost-to-value ratio on the analytics module just hasn't worked for a small team over the past year.,0
2847abc6-51c8-4c0b-8a80-1a1d1cde7b84,Alexander Stephens,lbarnes@example.com,304,Daily,37,Pro,4,0.93,"Onboarding a growing team took far longer than promised, dragging on for the last onboarding round.",0
4b4b075c-557c-44a7-938b-bfd18104a515,Nathan Levine,knappjessica@example.net,272,Daily,95,Pro,2,0.55,The billing system has been rock solid over the past quarter. our engineering lead is genuinely impressed.,0
1bb7a0de-ebdc-41b1-bf08-e3c492dfe282,Melissa Hill,whitecassidy@example.com,680,Rarely,5,Pro,5,0.2,We reported report generation errors on the workflow builder the past few sprints ago and it's still unresolved.,1
2944387a-39a1-4309-a151-5e6ecea46fdb,Chad Wagner,millerholly@example.com,1055,Daily,36,Enterprise,3,0.14,The pricing model for a distributed team stopped making sense to our department head around this quarter ago.,0
522ff41d-ed09-45ba-94d8-deade0688f36,Daniel Santiago,anthonywright@example.com,283,Weekly,10,Basic,7,0.82,A growing team has been blocked by failed uploads on the reporting dashboard for the last onboarding round.,1
a2422480-c0a4-4680-a13a-4750475400ca,Donald Cooper,wendyalvarez@example.net,801,Daily,102,Basic,3,0.16,"Our IT team is weighing at least two other vendors's pricing against ours, no conclusion yet.",1
4f3acfd8-34c3-408c-b149-5c3eea7f80ad,George Lee,thomasenglish@example.com,325,Weekly,10,Pro,5,0.26,Our engineering lead hasn't seen a single integration failures on the analytics module in the past year - great reliability.,1
55f3e380-91be-4fca-a48b-8479100ec021,Christine Morgan,grodriguez@example.net,255,Weekly,54,Pro,0,0.95,Onboarding a 40-person team was smooth and the team has been responsive since.,0
40a522a0-5ecf-4cda-8e19-8cadb02debb9,Dr. Adriana Bruce,haydencassie@example.com,503,Daily,45,Enterprise,2,0.64,No major updates from a 40-person team over the last two weeks.,0
6c5761a0-255c-4a63-a3e5-328f9ddff1f5,Caitlin Williams,sharpjames@example.org,864,Daily,46,Basic,2,0.58,A distributed team has been blocked by data export bugs on the collaboration tools for the last billing cycle.,0
890ceb97-3864-44ae-9217-7ea0b76fb409,Kevin Johnson,eric80@example.net,263,Daily,42,Basic,1,0.7,Our engineering lead ran the numbers and the onboarding flow beats a cheaper alternative on cost per seat.,0
8716412d-d256-4f2b-a1ec-1102424b154d,Christopher Bradley,patriciaeaton@example.net,774,Daily,57,Basic,2,0.7,"The billing system's pricing held steady over the last few days, which kept our account manager here neutral on it.",0
ad25a04a-30e2-4b63-b82b-ebf4a0bbff09,Lauren Richardson,paularaymond@example.com,497,Rarely,14,Enterprise,18,0.46,This is the second time this week we've had trouble with the admin console.,1
1c1ebfcc-c318-4c5b-bae0-6ab08e9984f5,Lisa Garcia,janetgonzalez@example.org,691,Weekly,37,Basic,2,0.72,Our ops lead looked at a cheaper alternative recently and honestly this is the better deal.,0
d70fd77d-2b87-4e4e-a44e-98e2ea6f79c2,Michelle Copeland,rachelmiddleton@example.org,855,Weekly,15,Pro,1,0.72,Our engineering lead ran the numbers and the permissions system beats a rival platform on cost per seat.,0
bc390415-3cf3-444c-be0e-59b4039ccaf4,Christopher Dickson,nathankelly@example.net,661,Rarely,1,Basic,12,0.17,"We've escalated report generation errors on the analytics module fifth time now, still no resolution.",1
78e24d34-a9b7-4007-8f5b-cf58186fb165,Madeline Obrien,melissa50@example.net,711,Daily,43,Pro,2,0.92,"Given what a growing team gets, the pricing on customer support feels very fair.",0
c01e020c-0c60-49cd-b06f-2f9b3ce52cf4,Donald Rodriguez,stephen38@example.net,637,Weekly,16,Basic,1,0.84,"Cost over this quarter is about what our engineering lead expected - no complaints, no major praise.",0
5077c68b-afe7-4df6-9fb9-7f6db936d05e,Joanne Smith,gonzalezrobert@example.net,304,Daily,44,Pro,1,0.72,Several days without a single proactive check-in from your side has been disappointing.,0
0c884246-0b0e-49ba-93ea-50f7827b7b41,Amanda Butler,russell03@example.net,1069,Rarely,1,Basic,1,0.51,Our department head feels well taken care of after the last billing cycle as a customer.,0
b6047fdc-f3c8-48df-b42f-c80e1c3cffc0,Javier Lozano,derekdavies@example.net,836,Weekly,24,Pro,0,0.2,Our ops lead specifically praised how responsive support has been over recent weeks.,0
48963063-989c-4e45-aeec-514ba8abf810,Anne Davis,gregory16@example.net,841,Weekly,14,Enterprise,0,0.25,Our account manager here appreciated the proactive outreach from your side over the last few days.,1
fda1e109-c475-4a44-91ec-36c114843910,Gregory Peters,tricia69@example.com,759,Weekly,31,Enterprise,0,0.72,The account team has been proactive and easy for our finance team to work with.,0
f96a4aab-23d3-4c22-ae5c-ebcec9672bd7,Alicia Cantrell,dominguezkevin@example.org,891,Weekly,9,Enterprise,2,0.44,"The onboarding experience for a small team left a lot to be desired, honestly.",1
4bb6b934-559c-4706-897f-19c9c2b1dfe4,Robert Keller,charles26@example.com,15,Weekly,1,Basic,1,0.23,Our ops lead migrated a big workload onto the reporting dashboard and it performed flawlessly.,1
3497d440-0e8d-4b89-adb1-a4316d5a43a8,Travis Clay,katelyn96@example.org,781,Daily,35,Enterprise,1,0.73,The reliability of the collaboration tools over several days has genuinely earned our department head's trust.,0
bbdf2871-db22-4aad-999e-16b5bdd63990,Riley Huerta,scottkhan@example.net,819,Rarely,11,Pro,2,0.2,This is the sixth time the last onboarding round we've had trouble with the integration.,1
df1ecaeb-1013-4ae2-86e8-635931d694c5,Jessica Baker,floresandrea@example.net,1077,Daily,16,Basic,4,0.84,The session timeouts problem on the integration has cost us real time over several days.,0
2af8d9b1-4473-4d53-87fc-055e5d8aeda6,Mark Crosby,mitchelljustin@example.com,747,Rarely,12,Pro,0,0.59,A growing team has had zero downtime issues with the workflow builder in this quarter.,0
cdac0893-d5f1-4987-8915-9c957329aa73,Lawrence Taylor,james45@example.org,405,Weekly,30,Enterprise,17,0.49,Nobody has responded to our complaint about data export bugs on the admin console in this quarter.,1
86c09ee0-f48f-4e01-a9c3-dafd447700b7,Marcus Fox,upatterson@example.org,278,Weekly,5,Pro,1,0.53,Our IT team is seriously evaluating a lower-cost competitor given the current cost over several days.,1
30ee61cd-4679-41eb-af81-6c500c48d35a,Jacob Singh,christopher16@example.com,427,Daily,22,Basic,2,0.6,The permission errors problem on the notification system has cost us real time over the last six months.,0
174f7180-0fc2-413d-b08f-1c81d740fbb3,Aaron Cordova,dacevedo@example.com,247,Rarely,2,Basic,0,0.46,"Our finance team had a small question about the billing system, support got back within the past quarter.",1
7f297c37-5d05-4a90-a4db-ac3cff789e0f,Sarah Cook,ann02@example.net,240,Rarely,10,Pro,1,0.27,Support acknowledged the broken links on the integration but the past year later it's still broken.,1
6caf038d-e3aa-4338-b9ae-ce86c530b358,Brandon Hayes,anthonythomas@example.net,69,Daily,118,Enterprise,0,0.58,Our engineering lead would recommend this to other teams after the past year of good experience.,0
d3946b67-c734-4f84-9eae-ceb37324fcdd,John Jimenez,idaniel@example.com,1034,Daily,65,Basic,1,0.74,Our ops lead renewed without hesitation - the price-to-value ratio on the workflow builder is hard to beat.,0
45a6c93d-caa8-4452-b86a-011f9f8f8b27,Karen Baxter,espinozabradley@example.com,938,Weekly,50,Pro,1,0.16,Our procurement team hasn't seen a single broken links on the onboarding flow in recent weeks - great reliability.,0
2ce4a85c-fa47-4fe3-8f09-60760c8086c1,Christopher Navarro,laurengraves@example.org,133,Daily,53,Enterprise,6,0.83,We've had repeated permission errors on the billing system for this week now with no real fix.,0
1d96ce3d-c462-4be0-b207-1a31928bab8a,Jasmine Harris,nlin@example.net,246,Daily,24,Basic,1,0.33,We reported dashboard glitches on the billing system the last onboarding round ago and it's still unresolved.,0
56d5e19a-a6f2-4f79-a2d5-cfbb017d2c70,Gilbert Ho,kelly04@example.net,46,Rarely,10,Basic,0,0.33,"A small number of broken links on the collaboration tools came up over the past few sprints, nothing urgent.",0
a556cd3f-d830-4908-8de2-53a046fa61c2,Jaime Williams,jonesjessica@example.org,712,Daily,40,Enterprise,1,0.68,Onboarding a growing team was smooth and the team has been responsive since.,0
b068d63e-ef54-4127-95f2-44545f57aebc,James Ray,jonesdavid@example.net,1039,Weekly,7,Basic,17,0.71,"The analytics module crashed again this cycle, on top of data export bugs from the last onboarding round.",1
b9918f04-6409-415e-8d6e-3bf5df726329,Andrea Kaufman,clopez@example.com,869,Rarely,4,Enterprise,4,0.3,A 40-person team has been blocked by integration failures on the analytics module for recent weeks.,1
85eb8733-62fb-47c8-a3b3-788530285d5e,Maria Shepard,gonzalesgregory@example.net,521,Weekly,5,Basic,0,0.2,Our procurement team called the pricing on the integration a pleasant surprise after the last onboarding round of use.,1
c124d01b-a30c-40f5-b58c-eb9efc9c5056,Laura Proctor,wilsoncarlos@example.net,281,Weekly,2,Basic,14,0.12,"We've escalated report generation errors on the notification system fifth time now, still no resolution.",1
f753ff32-f617-457e-b3f7-2f19730c5d51,Larry Schneider,progers@example.org,977,Daily,29,Basic,1,0.59,Our procurement team is happy to keep paying for the permissions system - it pays for itself many times over.,0
5e42aa6c-f613-487c-87fa-b9d63afa74f5,Kimberly Brennan,bryan32@example.org,471,Weekly,43,Enterprise,1,0.79,"Our finance team had a small question about the export tool, support got back within several days.",0
fcbe9fc1-e176-499e-a891-dfd5a82f4efd,Timothy Taylor,westshawn@example.net,503,Daily,52,Enterprise,7,0.77,Our whole department has been blocked by notification delays on the collaboration tools for the last six months.,0
ffd5a556-6a5a-4f71-ae70-bc1c1d5dad12,Jade Huber,heather64@example.org,499,Rarely,14,Pro,3,0.47,We noticed session timeouts on the integration once or twice during the last onboarding round but it resolved itself.,1
fddc6f88-ad0a-47e9-804b-ec029ed9cbe0,Andrew Andrews,brandyschwartz@example.org,902,Weekly,3,Pro,1,0.36,Support acknowledged the notification delays on the admin console but the last onboarding round later it's still broken.,1
f3e380e2-d26b-4758-8bfe-390470b06d90,Scott Gardner,melissadavis@example.com,1086,Weekly,30,Basic,1,0.54,Our IT team compared against at least two other vendors and the pricing is roughly in line.,0
cc7f4d16-630d-4151-9b23-3378b3c60c0c,Keith Jones,danielbrian@example.com,762,Rarely,14,Pro,2,0.36,Our whole department has had an unremarkable but functional experience with the workflow builder lately.,1
617d5732-389a-412d-8c70-b62571e3fb5e,Patrick Gonzales,idaniels@example.org,1071,Weekly,9,Basic,0,0.27,"Onboarding a growing team took far longer than promised, dragging on for the past few sprints.",1
cb2ff046-c150-4751-aae8-e81ec2d965a3,Austin Bonilla,troywalker@example.net,701,Daily,49,Basic,0,0.07,A 40-person team switched from at least two other vendors and the cost savings alone justified it.,0
f0d6c53b-7f25-4945-9cdd-9412da080e88,Miguel Patterson,laura56@example.com,894,Daily,86,Pro,1,0.87,We are locked out of the onboarding flow again during the past month - this keeps happening.,0
18e57c19-b6d6-4707-9d5e-cc86484a4523,Amy Garrison,jason88@example.net,79,Daily,21,Enterprise,2,0.66,Customer support's pricing has stayed fair even as a small team scaled up usage over the last two weeks.,0
73e54370-a15e-42db-8672-b933fedc170b,Abigail Hoffman,brittany29@example.net,226,Weekly,4,Basic,4,0.42,The subscription cost is more than justified by how much time the notification system saves a distributed team.,0
fd873c4c-9b2f-49cf-8db9-575aafe6da3e,John Higgins,heidireyes@example.net,512,Daily,29,Basic,1,0.36,Our account manager here ran the numbers and the permissions system beats a lower-cost competitor on cost per seat.,1
281e1594-5b53-427e-b48e-9881a2d88970,Melanie Beck,kellyholmes@example.net,21,Weekly,49,Enterprise,3,0.82,"Even under heavy load, the billing system held up well for a small team over the last onboarding round.",0
e937e7ab-7b3b-4f74-b4ea-9fb759bd4859,Theresa Soto,benjamin58@example.com,1017,Daily,93,Basic,1,0.47,Nobody has responded to our complaint about session timeouts on the export tool in the last onboarding round.,0
da17d74e-4479-40ce-8c30-485946728a6e,Casey Smith,williamsveronica@example.com,446,Daily,33,Enterprise,2,0.51,Our procurement team has been consistently happy with the service over the last few days.,0
80174db5-21f0-47fc-af51-6cf043d7fc76,Mason Johnson,james37@example.org,199,Weekly,7,Pro,2,0.01,Our ops lead is still deciding if the current plan tier fits our whole department's budget.,1
70b26b46-b127-46e0-9f0a-47994dcca04f,Joshua Mendez,nmullins@example.com,797,Weekly,4,Pro,5,0.3,"The reporting dashboard works fine overall, though we've noticed a few API timeouts over the past year.",1
6340c16c-4b98-4a5c-a6ed-7c6b728e2fc7,James Newman,smithmichael@example.net,1062,Daily,92,Basic,0,0.69,Our ops lead pointed out that the export tool's cost dropped relative to value over several days.,0
9c4c88e9-a54a-40fa-b3f2-17c0c94d83f0,Taylor Jones,dana75@example.org,748,Weekly,12,Pro,7,0.27,The reporting dashboard has been broken for the last two weeks and it's affecting a 40-person team.,1
861c950d-89dd-4450-b467-60eee417fc5e,Vincent Russell,andrew21@example.org,995,Daily,57,Pro,0,0.68,Our procurement team hasn't seen a single API timeouts on the analytics module in several days - great reliability.,0
8a13f051-d2ad-4870-96f2-d9375180b646,Amber Barnes,ghines@example.org,850,Daily,93,Basic,1,0.84,Our procurement team migrated a big workload onto customer support and it performed flawlessly.,0
1c59b17f-58fd-48e2-9ad7-02ced87b5fd6,Thomas Hicks,chandlergerald@example.org,1091,Weekly,8,Pro,2,0.62,"Over the last few days, the API has neither impressed nor disappointed our ops lead.",1
b6aef566-63ba-457d-a434-04e14ec6a5bf,Krystal Koch,wooddawn@example.org,647,Rarely,12,Pro,19,0.33,We've had repeated session timeouts on the collaboration tools for the past quarter now with no real fix.,1
4312b91d-5ef9-423b-bd8a-be041b5ae7f8,James Jones,sandrabarber@example.com,403,Rarely,1,Enterprise,3,0.13,"Our engineering lead logged one instance of permission errors on the audit log during several days, resolved quickly.",1
010ef614-6364-4501-ac5c-1f58e32a8fed,Stacey Shepherd,xfuller@example.org,455,Weekly,47,Pro,3,0.77,The collaboration tools's pricing has stayed fair even as a 40-person team scaled up usage over the last two weeks.,0
1b121df6-fa0f-4fd5-bfaf-96aa65bd373c,James Smith,romanwilliam@example.com,1053,Weekly,22,Pro,11,0.41,The duplicate records problem on the mobile app has cost us real time over the last two weeks.,0
5e5c6077-bd46-423b-b97b-35e21ca0fa9c,Teresa Forbes,nwhite@example.org,92,Daily,47,Basic,2,0.73,Our finance team specifically called out how dependable the permissions system has been over the past month.,0
7291923c-3b14-4257-970f-e324adaf2104,Melissa Krause,cookmarilyn@example.net,975,Daily,67,Basic,1,0.29,Support acknowledged the failed uploads on the export tool but the last six months later it's still broken.,0
2ff617cc-889e-4caa-a02e-73113a30c180,Darius Bernard,avilarita@example.com,375,Weekly,32,Pro,7,0.66,The API has been broken for the past quarter and it's affecting multiple business units.,0
a8009a62-713e-4448-8e32-e1f9f860ac90,Laura Compton,ronald40@example.com,755,Weekly,59,Basic,0,0.34,The analytics module handles a distributed team's workload without a hitch. No complaints on the technical side.,0
0d196a99-a13f-41e1-b2b7-d82854feacd9,Mary Bradford,sullivanjeffrey@example.com,996,Rarely,1,Enterprise,4,0.43,The reporting dashboard is serviceable for a 40-person team; data export bugs shows up occasionally but rarely blocks us.,1
3b854290-6d8c-4630-9cf1-49adee8caa6d,Samantha Torres,fguerra@example.com,595,Daily,16,Basic,9,0.26,The fourth outage of the billing system in this week is starting to erode our trust.,0
3fc19b30-ab05-4b9c-abbd-da818a21d06a,Andrea Larsen,codyhale@example.net,752,Weekly,43,Enterprise,1,0.54,Our ops lead has lost confidence after the last two weeks of unanswered account requests.,0
ec382186-e0f1-4d9c-925f-2e9e0adcb988,Todd Walters,eric71@example.net,464,Daily,57,Pro,3,0.1,The integration has been broken for the past year and it's affecting multiple business units.,0
7df540e4-2067-4288-abe3-2a700417851e,Jordan Wilkins,brewerangela@example.org,282,Daily,51,Pro,7,0.58,Customer support has been broken for the past year and it's affecting multiple business units.,0
aabef5a1-dc12-427d-9ea6-e37c47851987,Robert Turner,ramirezsean@example.net,960,Daily,79,Basic,4,0.81,"General feedback: the permissions system is fine, notification delays handling could be faster over the last few days.",0
db3ff3b1-b619-4471-b8cb-2306c5820a47,Laura Bennett,brownralph@example.net,447,Daily,38,Basic,0,0.22,The billing system continues to exceed our procurement team's technical expectations after the last six months.,0
a816da27-8956-43e1-8ca3-2d168d6e6059,Cynthia Martin,jessicathomas@example.org,980,Daily,41,Pro,3,0.7,The API scaled smoothly as our whole department grew over the past quarter.,0
1ac69b6f-1a00-45d3-bb8e-b5657583e40f,Rachel Stevens,sarah18@example.org,74,Rarely,12,Basic,3,0.06,This is the fourth time this week we've had trouble with the integration.,1
2c8ebb97-756b-4b5c-a029-8c3c4bd23c25,Michael Simon,rsmith@example.com,205,Weekly,2,Basic,3,0.35,Our finance team was impressed the analytics module handled the last two weeks of peak usage without issue.,1
2de2eaf9-6730-444f-99af-f9c7b34062db,Jennifer Davis,randymoore@example.com,937,Weekly,10,Basic,2,0.51,"The search feature performs adequately for a 40-person team, though there's room for polish.",0
4911365c-b005-4880-9d9b-1a70caa707c4,Steven Lawrence,keithgardner@example.com,559,Daily,65,Basic,2,0.26,Our engineering lead is close to recommending another provider in this space purely on cost grounds.,0
6b29210c-1446-4f5a-8963-dba8cb71f539,Sandra Walker,mlove@example.com,974,Daily,106,Enterprise,1,0.76,The subscription cost is more than justified by how much time the analytics module saves multiple business units.,0
2877667d-7256-4d31-b90e-705d137e232b,William Klein,hwalker@example.net,274,Weekly,12,Pro,1,0.44,"General feedback: the workflow builder is fine, sync failures handling could be faster over the last onboarding round.",1
ab0803c2-d20a-4352-adf2-8678863428b9,Monica Wilson,robin27@example.org,784,Rarely,7,Enterprise,1,0.57,The relationship between a 40-person team and your team has only gotten stronger over the past year.,0
fccd9fe0-0266-46f5-9772-b3d20e016900,Ray Pena,marygill@example.org,553,Weekly,34,Pro,0,0.71,Onboarding a growing team was smooth and the team has been responsive since.,0
10051a5a-0f9a-4aaa-b448-8ecb8db6d5dc,Frank Moyer,david58@example.net,839,Daily,34,Basic,0,0.47,Pricing hasn't been a deciding factor for a 40-person team over several days.,1
014a3705-244e-4408-b9fe-6baba3579de4,Joseph Lee,pluna@example.org,173,Weekly,11,Basic,4,0.29,This is the fifth time several days we've had trouble with the admin console.,1
ad091135-3422-49e9-9976-f1b0278209c9,Ashlee Johnston,laura42@example.org,292,Daily,92,Basic,0,0.15,A growing team has come to rely on the export tool precisely because it never breaks.,0
76ef564d-223c-4419-b9bd-3b1adca52d85,Heather Ross,lfrost@example.com,996,Weekly,53,Pro,0,0.49,Overall a great experience for a 40-person team working with your team over the last two weeks.,0
e6891d04-7733-461c-a131-5e9babb2e3e3,Jessica Harvey,wrightamanda@example.org,368,Daily,35,Pro,1,0.7,"The integration crashed again this cycle, on top of report generation errors from the past month.",0
20a05c16-80f2-438f-9c92-e9edf69eee08,Brandi Rogers,dana78@example.com,163,Rarely,6,Enterprise,0,0.55,Our procurement team wanted to confirm the collaboration tools's roadmap for the next the last onboarding round.,1
4a6fcbbf-1a59-4f57-8592-868dbab5cb5b,Sydney Clark,vmurphy@example.com,950,Daily,103,Basic,3,0.33,The reliability of the workflow builder over the last few days has genuinely earned our account manager here's trust.,0
4d3e1b2d-55bc-4186-a68b-6c081c8515da,Jason Thomas,tiffanyklein@example.org,331,Daily,82,Pro,3,0.29,The workflow builder continues to exceed our ops lead's technical expectations after the last onboarding round.,0
f9eb49bd-b9d1-43ba-a100-9776b1f03bfb,Becky Fisher,pclark@example.com,296,Daily,56,Enterprise,0,0.49,Our whole department has felt genuinely supported by your team throughout this week.,0
8c779290-55e0-4eb4-b090-ed96d6a1246d,Debra Sullivan,johnsonwalter@example.com,1024,Weekly,27,Basic,1,0.53,Our ops lead was impressed the mobile app handled the last two weeks of peak usage without issue.,0
83214f8f-8d66-429d-8084-e6dbfa2252e8,Kathryn Rodriguez,fwilson@example.com,292,Daily,101,Enterprise,0,0.86,A small team switched from a couple of competitor tools and the cost savings alone justified it.,0
c8670269-594c-4c39-a14d-f7d4b12508c8,Amy Abbott,duffyjoseph@example.net,826,Rarely,1,Basic,1,0.62,A small team switched from a lower-cost competitor and the cost savings alone justified it.,1
f5905828-38ef-4622-984a-e2e69694d000,Sarah Gutierrez,carterjason@example.com,705,Rarely,9,Basic,0,0.69,A growing team has had zero technical issues with the workflow builder over several days. It just works.,0
a9f7d8bb-7840-4342-abab-7c611795a514,Mike Roy,moralesjerry@example.org,694,Daily,19,Basic,2,0.64,Our finance team is really happy with how stable the integration has been over the last two weeks.,0
ef523263-fd3e-4054-bd6f-743a3aafb378,Shelley Robertson,thomaspaige@example.net,792,Daily,53,Basic,2,0.92,Our procurement team has asked for a status update sixth time with no response in this week.,0
58dea017-a7f2-4b33-9245-8cc60f37687b,Amanda Preston,scott83@example.com,864,Daily,18,Enterprise,2,0.01,The analytics module going down during the past few sprints caused real disruption for multiple business units.,1
558ea305-b360-4726-ae7c-8d99ac7d77bb,Felicia Lee,bartonsheila@example.org,331,Daily,29,Basic,4,0.61,Things have been mostly stable on the export tool for multiple business units over the last six months.,0
b1638be1-7b8f-42ec-b77c-e67cc6879d3a,Kerry Jones,jenniferroberts@example.com,779,Daily,46,Enterprise,0,0.88,A 40-person team has had an unremarkable but functional experience with the search feature lately.,0
0913ed52-047e-4857-8aaa-260f91700ddd,Lauren Cantu,mortonjulie@example.net,630,Weekly,42,Basic,0,0.57,The API has been broken for this quarter and it's affecting a growing team.,0
e96a088e-1c4b-45ca-9d9b-6c8b171f96c0,Scott Martinez,yjohnson@example.net,1078,Weekly,37,Pro,2,0.01,"The analytics module crashed again this cycle, on top of login errors from several days.",1
cd5109f8-e296-4fd2-9d99-348340da1986,David Jones,webermelissa@example.com,275,Weekly,58,Basic,0,0.94,The ROI on the search feature has been obvious to our engineering lead since the past year ago.,0
e3fcb670-d642-4864-b2ed-e5e6ba269c13,Samantha Butler,brenda19@example.org,986,Rarely,10,Basic,1,0.88,The recent improvements to the audit log have made a real difference for a 40-person team.,0
37e9c010-fa36-47e1-915a-8fa01878ff87,Heather Cuevas,yingram@example.net,35,Daily,24,Basic,1,0.43,Nobody has responded to our complaint about notification delays on the notification system in the last six months.,1
169cc10c-068a-4e75-ae4c-b68468ebd3a7,Michael Chambers,hjames@example.org,225,Daily,16,Basic,1,0.52,"For what we pay, our account manager here expected a lot more from the reporting dashboard.",0
1a89ccc0-1d60-4b58-8dcf-caec15826f8b,Christine Grant,pdorsey@example.com,1060,Daily,46,Pro,1,0.34,Our IT team is frustrated that basic requests have gone unanswered for the past year.,1
5f23edfd-5c07-4339-be2b-38e93469f428,Richard Evans,bradley77@example.org,952,Weekly,6,Basic,1,0.37,The value a 40-person team gets from the integration hasn't kept pace with what we're now paying.,0
259ef382-e34b-4d4d-b1e6-eabf9a8f43ba,Andrew Andrews,elizabethbowman@example.org,356,Daily,47,Basic,0,0.84,A growing team keeps getting passed between different support reps with no continuity.,0
cc661187-1b55-4d4b-88e5-d34ebf7d8257,Linda Sanford DVM,eharris@example.net,916,Weekly,24,Pro,2,0.33,"The notification system works fine overall, though we've noticed a few API timeouts over several days.",0
a0e56baf-03ff-4020-b4c5-5e5f49009655,Laura Brown,beckelizabeth@example.net,567,Rarely,9,Basic,2,0.88,Nobody has responded to our complaint about dashboard glitches on the onboarding flow in the last six months.,1
dc251fd1-6d4f-4c0e-bcc4-451aa4fa663a,Shawn Brewer,emyers@example.org,864,Weekly,49,Enterprise,1,0.36,Nobody followed up after our finance team flagged this issue this week ago.,1
298a04fc-7bc2-4210-9e83-ac4941118ebf,Eric Edwards,devinblack@example.org,245,Daily,59,Pro,1,0.49,"We've escalated data export bugs on the notification system fifth time now, still no resolution.",0
f7e50f2e-624a-4d81-8f3a-94bc80d67d92,Chelsey Garcia,tryan@example.org,748,Weekly,1,Pro,8,0.15,Every time a 40-person team relies on the analytics module it fails us. the past year has been rough.,1
fec6cdd2-350c-4099-9dc9-5e92358ea16c,Miss Paige Pollard,emma54@example.com,520,Daily,26,Pro,2,0.48,"The audit log crashed again this cycle, on top of duplicate records from the past month.",0
e71da460-e623-4d8c-8a42-4db422282e8e,Valerie Diaz,brandon03@example.net,47,Weekly,17,Basic,2,0.48,Our finance team was impressed the admin console handled the past year of peak usage without issue.,0
8b7704df-241a-4dc7-8cc5-72639f5516b1,Dr. Melanie Owens,brownbilly@example.org,940,Daily,96,Pro,0,0.37,Our IT team feels well taken care of after the past month as a customer.,0
ca46363d-899d-4550-a8b1-2ab9e07b26dc,Michael Powell,carlsonjohn@example.com,516,Daily,59,Basic,3,0.73,The integration continues to exceed our department head's technical expectations after the last onboarding round.,0
d885fdef-8621-4dab-9bfb-ab12993684d1,Catherine Collins,tracy81@example.org,1057,Daily,44,Enterprise,1,0.79,Our engineering lead specifically praised how responsive support has been over the past few sprints.,0
7a1f829c-c27d-4659-b71c-d4eb4f059a45,Omar Hunt,josereeves@example.org,85,Weekly,2,Basic,2,0.78,Our IT team is really happy with how stable the collaboration tools has been over the last onboarding round.,0
5d652e4c-4a21-452c-946c-5a2d2ff1d556,Richard Anderson,gsutton@example.org,787,Weekly,47,Pro,0,0.54,Our account manager here is mid-review on whether the subscription cost matches usage from a 40-person team.,0
90107b47-d45a-4e74-89e4-dc3cebc2be01,Edward Hill,jescobar@example.net,614,Weekly,39,Basic,0,0.18,Overall a great experience for multiple business units working with your team over the last billing cycle.,0
0aa3f731-5177-40dd-89ff-9f3351887560,Carlos Lee,deborah07@example.org,347,Daily,58,Pro,0,0.59,The permissions system handles a growing team's workload without a hitch. No complaints on the technical side.,0
e1aa337a-6c79-4aa1-8e42-34d5811d5ce4,Michael Doyle,yvasquez@example.org,1037,Weekly,38,Pro,0,0.34,Our procurement team would recommend this to other teams after the last billing cycle of good experience.,0
aab3e4da-3940-47b1-b388-f2e2bf4f4c8e,Meghan Williams,kaylee90@example.com,185,Daily,71,Enterprise,1,0.71,Our ops lead specifically praised how responsive support has been over this quarter.,0
a3eb82e1-a360-45ef-aea0-2cda7a4add2a,Joshua Long,michaelcolon@example.com,331,Rarely,4,Basic,3,0.01,The past month of intermittent permission errors on the collaboration tools has really hurt our workflow.,1
4f59141c-17d3-4304-b106-d33f0d4caeb4,Aaron Griffin,nwilson@example.com,458,Weekly,3,Pro,4,0.24,"The search feature performs adequately for a growing team, though there's room for polish.",1
55d8b0e8-85ee-4496-98b7-fbc1161a9237,Michael Kemp,calvin01@example.org,978,Weekly,25,Basic,17,0.58,The fifth outage of the mobile app in the past year is starting to erode our trust.,1
48b23bc3-0232-468b-a25b-0c58185fd383,Jon Garcia,jasonjohnson@example.com,1085,Weekly,53,Pro,3,0.66,Our IT team appreciated the proactive outreach from your side over the last billing cycle.,0
f4928e30-dc29-4ad2-87fe-798ba80b7aea,Matthew Padilla,grahamgary@example.org,250,Weekly,41,Basic,2,0.67,The reliability of the audit log over the past year has genuinely earned our IT team's trust.,0
00b98bd1-d0cd-468f-8b81-07a964be6625,Robert Chapman,hayesdeborah@example.com,616,Rarely,5,Enterprise,2,0.33,"The permissions system does what it needs to for a growing team, aside from the occasional slow load times.",1
54110bee-4c55-4a5e-a4ee-e5c6d93d686d,Ryan White,nkhan@example.com,843,Daily,52,Basic,1,0.22,"Our department head logged one instance of notification delays on the audit log during several days, resolved quickly.",1
cea4f19a-39bc-4df1-a718-40cffd19153b,Jamie Taylor,rholloway@example.org,608,Weekly,19,Pro,6,0.44,Several days of intermittent session timeouts on the audit log has really hurt our workflow.,0
69e048cd-bdd6-4797-8fe2-83fc4727966c,Dr. Jessica Herrera,dramsey@example.com,749,Weekly,25,Pro,1,0.64,The recent improvements to the export tool have made a real difference for a growing team.,0
bbfcba8a-5836-4c71-84ed-822d11759dd1,Matthew Jones,jordanparker@example.net,397,Daily,85,Basic,15,0.75,The past quarter of intermittent slow load times on the analytics module has really hurt our workflow.,0
65d5821f-dec9-4d3f-a7ac-0bf884b72d41,Kimberly Jordan,bradley55@example.com,9,Daily,97,Pro,1,0.7,Our engineering lead called the pricing on the API a pleasant surprise after the last six months of use.,0
4b95a883-f854-43da-826b-7a6327f7c267,Oscar Gardner,tanya77@example.org,685,Weekly,58,Pro,2,0.99,Our department head ran the numbers and the API beats at least two other vendors on cost per seat.,0
c030f7c8-2cc0-44a5-8bf2-700c84b75390,Wendy Bryant,johnsongwendolyn@example.org,58,Rarely,4,Basic,2,0.43,The cost-to-value ratio on the billing system just hasn't worked for multiple business units over the past year.,1
c0f9a45d-472d-4af7-b399-15666c03bf5e,Alexandria Marshall,welchchristie@example.net,109,Daily,118,Pro,1,0.01,The billing system has been broken for this quarter and it's affecting a small team.,0
8de3404c-a278-49a9-9b4a-ec7138d3ffbe,Kevin Howell,swright@example.net,227,Weekly,16,Basic,0,0.65,Our department head noted the price of the audit log without much reaction either way over the last few days.,0
db3b0e70-7877-42f1-bd45-adb1bca178ed,Christopher Ramos,nicole62@example.org,199,Weekly,51,Pro,0,0.58,Our finance team would recommend this to other teams after the past month of good experience.,0
8beee014-d895-4e9c-b14d-13951526b282,Terry Morton,richmondkathleen@example.org,1067,Weekly,48,Pro,1,0.5,The ROI on the permissions system has been obvious to our procurement team since the last six months ago.,0
62b9d188-2134-4ce0-85a4-8a30ffc3841c,Lindsey Roth,fosterkatherine@example.org,629,Rarely,2,Basic,2,0.12,Nothing major to report on customer support over the last few days - does the job as expected.,1
5883aba3-f987-4f39-97b3-9a792f6c48b8,Mark Johnson,orivera@example.net,913,Weekly,10,Pro,6,0.07,"We've escalated notification delays on the collaboration tools sixth time now, still no resolution.",1
1297d11f-915d-484d-8fdb-ac3cc7ade2e8,David Benson,emily01@example.net,884,Daily,55,Basic,8,0.86,"The analytics module does what it needs to for our whole department, aside from the occasional API timeouts.",0
e2a62d7e-669d-4ab5-842a-1d658043e59e,Kelly Johnson,valevale143@example.net,632,Weekly,57,Basic,0,0.26,We reported data export bugs on the billing system several days ago and it's still unresolved.,1
41747500-ae9b-4fdd-b3d5-396279198b81,John Mata,wcalhoun@example.com,212,Weekly,12,Pro,5,0.18,Support acknowledged the broken links on the export tool but recent weeks later it's still broken.,1
b95abac6-a3d2-4770-939e-0da804f3d4c8,Mary Dalton,andrew82@example.net,692,Daily,117,Basic,2,0.02,We reported integration failures on the analytics module the past month ago and it's still unresolved.,0
dfc8172c-d6c1-48b8-9da4-b5be671ecb6f,David Martin,tamarawilkerson@example.org,117,Rarely,1,Pro,1,0.69,The sixth outage of the search feature in the last billing cycle is starting to erode our trust.,1
1a7794b5-f15d-4961-9e3a-3f2d15e9fc62,Tonya Soto,larry23@example.org,36,Weekly,6,Basic,6,0.27,This is the third time this quarter we've had trouble with the workflow builder.,1
c3979746-c8d8-485e-8ee5-b8c0bbca73bf,David Griffin,wallsjessica@example.com,381,Weekly,27,Enterprise,2,0.73,Our department head expected better account management given how long we've been customers.,0
ae8293e7-f48b-4bed-ad31-f3c460adc7dc,Jeremy Manning MD,michael98@example.net,575,Rarely,1,Basic,1,0.42,A small team switched from another provider in this space and the cost savings alone justified it.,1
9edeb1e7-fbda-4230-8b05-03274f21d8e3,James Brooks,ijohnson@example.net,346,Daily,65,Basic,2,0.63,A distributed team has come to rely on customer support precisely because it never breaks.,0
6339cd11-80e4-45fb-acdd-6ea192dbb5ce,Katherine Dunlap,pachecoeric@example.org,839,Daily,36,Basic,2,0.37,The API scaled smoothly as our whole department grew over the past year.,0
cc799781-4471-440e-b702-af522cd14623,Mike Stevenson,eramos@example.com,509,Daily,80,Pro,1,0.23,Our ops lead specifically called out how reasonable the renewal cost on the integration was.,0
180845c0-b186-4145-9eaa-8f89e4472b95,Eric Brown,murillobrian@example.com,257,Weekly,58,Basic,7,0.42,The past month of intermittent session timeouts on the mobile app has really hurt our workflow.,0
2af03e03-c2b2-4e38-b3c6-df0de00a4ea7,Brian Wilson,steven60@example.com,439,Rarely,12,Basic,4,0.01,"Even under heavy load, the billing system held up well for our whole department over the past quarter.",1
f2cacbbe-6891-48b1-acbd-2174bed8696f,Nicole Ward,srodriguez@example.net,927,Daily,17,Basic,4,0.28,The second outage of the admin console in the past quarter is starting to erode our trust.,1
99d31f34-96c3-4fc8-be4b-8bd0d19ee90e,Kathleen Baker,tracy93@example.org,770,Weekly,3,Enterprise,12,0.16,Nobody has responded to our complaint about sync failures on the analytics module in the last six months.,1
9c3e858a-e48c-48f9-a906-10e4c93b09d6,Kyle Wright,matthewjohnson@example.org,1014,Weekly,13,Pro,3,0.46,Our finance team called the pricing on the audit log a pleasant surprise after the last six months of use.,1
7ee5488c-09b5-4ea0-a5af-beae7448b4cf,Kristine Walters,christopherbeck@example.net,1063,Weekly,9,Basic,2,0.42,"A minor data export bugs on the onboarding flow appeared during the last two weeks, low impact overall.",1
a8cc2915-5fda-45dd-8731-52e00c08e215,Victoria Wilson,tasha82@example.com,704,Weekly,13,Pro,1,0.14,Pricing hasn't been a deciding factor for a growing team over the last six months.,1
d0afe741-6dc0-45a8-8070-6f75f1d36f69,Sarah Hamilton,haleylewis@example.org,61,Weekly,12,Basic,11,0.21,The last onboarding round of intermittent session timeouts on the reporting dashboard has really hurt our workflow.,1
ebbe688c-bc61-4e1b-8cc9-ff66f9fe1997,Diamond Dixon,james90@example.com,542,Daily,75,Pro,0,0.58,The reliability of the reporting dashboard over recent weeks has genuinely earned our ops lead's trust.,0
319b95ba-beab-44bc-9296-6422916af873,Jasmine Zimmerman,hoffmanmark@example.com,1015,Weekly,54,Basic,0,0.71,Our account manager here was impressed the export tool handled the last few days of peak usage without issue.,0
7f52008f-ddfb-4dce-83e5-98ac3874a11e,Dr. Hector Rice,henryalisha@example.net,35,Rarely,12,Pro,3,0.35,We've had repeated API timeouts on the onboarding flow for recent weeks now with no real fix.,1
f627fa05-e979-40fa-a206-64c7280cf6c9,Patricia Barton,fordrobert@example.org,210,Daily,80,Basic,0,0.28,The integration scaled smoothly as our whole department grew over the past few sprints.,0
047ec4c6-963b-42d4-aacc-dd9f340f41f2,Michelle Lopez,matthewward@example.org,748,Daily,91,Pro,3,0.61,Our department head specifically called out how reasonable the renewal cost on the billing system was.,0
c083914f-4231-4846-a101-28e403a482a6,Daniel Reyes,charles27@example.com,140,Weekly,14,Pro,1,0.76,Your team resolved our procurement team's concern faster than expected. Great experience.,0
5befa1ff-cbda-499b-a04d-cfb9f7bbb8a4,John Rodriguez,itorres@example.com,913,Weekly,5,Enterprise,0,0.54,Everything from onboarding to support has gone well for a small team over the last onboarding round.,0
93d7fdae-3bde-4a7b-9081-6fef531d56ba,Alicia Jones,andersonbrian@example.com,113,Daily,22,Basic,1,0.7,"Our ops lead hasn't flagged cost as an issue for the search feature, but hasn't praised it either.",1
3887a6bb-3292-4d5a-b92c-62ab7c9b06a6,Alan Holloway,crystalcastro@example.com,401,Daily,43,Basic,0,0.74,The collaboration tools's pricing has stayed fair even as a 40-person team scaled up usage over the past quarter.,0
39baa0b0-3bf6-4380-8ece-780a6ab70793,Wyatt Chaney,qbridges@example.org,692,Weekly,6,Pro,6,0.92,"Compared to at least two other vendors, the notification system is genuinely the better value proposition for a small team.",0
744a883a-839a-4b50-8306-c046666e4286,Nathan Harris,turnerlisa@example.org,27,Daily,16,Pro,1,0.79,Support has been fantastic whenever our procurement team has reached out over this week.,0
33ad26cb-3ca4-44b4-ac7d-b5d770fdd115,Kenneth Hughes,vnelson@example.org,71,Daily,29,Enterprise,1,0.65,The recent improvements to the admin console have made a real difference for a distributed team.,0
16f2e660-a321-4ee4-a033-e99e2ad3ced1,Harry Bullock,pricedavid@example.net,822,Daily,18,Pro,2,0.63,Every time our whole department relies on the audit log it fails us. several days has been rough.,1
5473b61e-e230-4b36-95dc-8a4dd9c3cc8d,Tammy Oconnor,eschwartz@example.org,628,Weekly,55,Basic,2,0.21,The recent improvements to the mobile app have made a real difference for a growing team.,0
de54077e-007b-45af-b9cf-291b8f095af0,Jessica Singh,robert70@example.org,223,Daily,34,Pro,0,0.89,"Our account manager here requested a walkthrough of the search feature for a new hire, nothing else to note.",0
f5900a21-fee7-497c-9c6f-6430d17d2314,David Gonzalez,millercheryl@example.com,660,Weekly,9,Basic,2,0.41,The renewal quote for the audit log landed roughly where our engineering lead expected.,1
5d3c13af-0faa-4901-83ab-e7b30566291c,Lauren Brown,heatherlin@example.net,913,Weekly,52,Pro,4,0.46,Our department head is still deciding if the current plan tier fits a distributed team's budget.,0
9844b7bc-82b3-42fb-9f85-b50ce778e43f,Alejandra Sellers,qgarcia@example.org,907,Weekly,7,Enterprise,17,0.01,The permissions system going down during the past quarter caused real disruption for a small team.,1
050d958e-7965-4ac9-ae10-4717c3326c2e,Daniel Duran,veronicabrown@example.net,244,Weekly,38,Pro,4,0.99,Nobody has responded to our complaint about login errors on customer support in the last six months.,0
ffa09508-ab27-445c-a05e-bd4adb7fa33e,Amy Meza,stevenjimenez@example.org,407,Rarely,2,Enterprise,1,0.42,"General feedback: the onboarding flow is fine, session timeouts handling could be faster over the past month.",0
99f22abf-bb7c-4330-a3de-1d4e5f5b94a3,Zachary Baker,parrishvalerie@example.org,1054,Rarely,3,Basic,3,0.26,"Compared to at least two other vendors, the API is genuinely the better value proposition for multiple business units.",1
7d866557-9d47-4878-93ad-0d32b2402669,John Miller,dustin49@example.com,1083,Weekly,14,Pro,4,0.55,Support acknowledged the data export bugs on the collaboration tools but the past year later it's still broken.,1
16eb6d4f-ed88-4a9e-b40e-a581eca9d0b6,Robert Villa,danielle42@example.org,1036,Daily,26,Basic,2,0.33,"Given what a 40-person team gets, the pricing on the reporting dashboard feels very fair.",0
9182951d-9d43-4c51-b26b-27c6da57c8cd,Tracy Sutton,katie26@example.org,759,Weekly,57,Enterprise,6,0.37,A growing team has been blocked by API timeouts on the billing system for the last few days.,0
4170a1e2-0105-4806-8862-3a63c6c76b6b,Suzanne Wilson,fowlertimothy@example.org,202,Weekly,22,Pro,2,0.66,Session timeouts on the export tool has been a recurring headache for the last two weeks.,0
d78e18f8-fb9d-4610-8c6d-cc7291462cac,Jesse Levy,wadeadam@example.org,356,Daily,90,Basic,0,0.81,Our IT team compared against a couple of competitor tools and the pricing is roughly in line.,0
fccb274b-7538-4ab0-a801-482fc21c241e,Robert Hill,smithgina@example.org,686,Daily,54,Basic,1,0.71,Our engineering lead ran the numbers and the collaboration tools beats a lower-cost competitor on cost per seat.,0
15594a0c-ca51-4d51-85ce-5d158cf381d5,Sierra Mathews,jrojas@example.com,474,Daily,44,Basic,4,0.83,Our ops lead is seriously evaluating a lower-cost competitor given the current cost over the past year.,0
8e2459e4-aba2-4480-a04a-e1a843e35a59,Troy Wright,chase39@example.com,431,Daily,39,Basic,0,0.37,The analytics module continues to exceed our engineering lead's technical expectations after this week.,0
5bc7e040-f87d-4605-8888-25ae922e8d8c,Jessica Mendoza,garciaanna@example.org,177,Daily,41,Enterprise,3,0.65,We reported sync failures on the permissions system the past quarter ago and it's still unresolved.,0
9bc37558-3fdf-4b66-9401-568fc7cbbcb2,Christina Bentley,carsondennis@example.net,871,Weekly,6,Basic,3,0.44,"The notification system does what it needs to for multiple business units, aside from the occasional slow load times.",1
679131d0-986a-4125-a8e1-26760739a821,Mr. Nathan Davis,nrichards@example.net,963,Weekly,3,Pro,3,0.41,We're being asked to pay more for the integration while it hasn't meaningfully improved in the last few days.,1
0dc0aad1-1acf-4c90-b59c-d108e80d151c,Susan Lee,eevans@example.net,39,Daily,91,Enterprise,0,0.68,Nobody followed up after our engineering lead flagged this issue this week ago.,0
b89e712e-8ded-4d33-9721-4a1c94579400,Anthony Ferguson,kimberlycoleman@example.com,242,Weekly,1,Pro,1,0.49,The cost-to-value ratio on the notification system just hasn't worked for a small team over the last few days.,1
41baf40b-36cb-4fec-9d15-b1045bcfbb3b,Sandra Lopez,maplecoral90@example.net,263,Daily,89,Enterprise,2,0.6,Our finance team migrated a big workload onto the audit log and it performed flawlessly.,0
c043d200-2bcb-4612-9310-939ecce56cb2,Melinda Haynes,madison84@example.net,812,Weekly,31,Basic,2,0.41,Our account manager here looked at at least two other vendors recently and honestly this is the better deal.,0
37ebd6fc-a7d0-45d7-a070-f28113b438a4,David Morgan,molly10@example.net,985,Daily,68,Enterprise,1,0.41,Our finance team feels like an afterthought compared to how things were the last two weeks ago.,0
67f00abb-36c0-427d-a1e9-9d092ed5a15a,Brian Lopez,mcdonaldchristian@example.com,280,Weekly,7,Enterprise,1,0.63,Our ops lead asked how to set up conditional logic in the workflow builder.,1
3d3e5c1b-a3fe-4dbe-a14d-b78989741013,Michael Montgomery,vrussell@example.com,651,Daily,35,Pro,2,0.71,Onboarding a 40-person team was smooth and the team has been responsive since.,0
cbef92e4-7784-403c-a3e0-946165f63ee6,William Powell,rodney60@example.com,782,Weekly,18,Basic,0,0.88,The integration scaled smoothly as a small team grew over several days.,0
3fe21e1b-c168-4ec2-8a46-d4aa859a9cf3,Maria Marsh,hansenrhonda@example.org,1071,Weekly,24,Basic,2,0.44,Our IT team is happy to keep paying for the admin console - it pays for itself many times over.,0
dcfcc356-d00b-4a9e-b6a1-7c985fadc5f9,Michael Lopez,nsimmons@example.net,765,Daily,16,Enterprise,0,0.34,Things have been steady for a 40-person team over the past year.,1
054bebfb-c5ae-4e67-9869-897a3a14e984,Whitney Austin,timothymoore@example.net,471,Daily,34,Basic,0,0.14,Our finance team is still deciding if the current plan tier fits a small team's budget.,1
5c89c2e3-7ede-40d8-b024-9bff74bbe440,Cheryl Baldwin,kevin19@example.com,1004,Daily,19,Pro,1,0.48,The workflow builder scaled smoothly as a distributed team grew over recent weeks.,0
1486fa62-80a9-4ad2-b09d-38953147aa31,John Rogers PhD,jennifermeyer@example.com,440,Rarely,7,Basic,5,0.12,"Our finance team had a small question about the search feature, support got back within the last six months.",1
b46159b4-411d-44e9-a6c3-e28271a69c6a,Vanessa Rivers,tammy14@example.com,78,Weekly,21,Basic,1,0.8,Communication from your team has been inconsistent over the past few sprints.,0
d671803e-b665-4526-9f0e-72716e12de27,Katelyn Neal,malonealexandra@example.org,1073,Rarely,14,Pro,0,0.62,"Our IT team is weighing a couple of competitor tools's pricing against ours, no conclusion yet.",0
54fcf38b-7365-45bf-bf75-1193ad914a8b,Shirley Johnson,franciscoschwartz@example.com,321,Rarely,8,Pro,2,0.44,The value a distributed team gets from the billing system hasn't kept pace with what we're now paying.,1
a8251199-16c7-4c32-9901-f2278cd80f84,William Pham,uwillis@example.com,216,Weekly,55,Basic,1,0.71,"A 40-person team gets more than its money's worth from the integration, according to our engineering lead.",0
4362dbe8-aca8-4a64-a893-7d0b9c2a286b,Brian Walsh,fjohnston@example.org,597,Rarely,14,Basic,2,0.5,A 40-person team switched from a couple of competitor tools and the cost savings alone justified it.,1
93782d5d-819d-4282-991f-1806e73c3465,Valerie Anderson,creed@example.com,264,Weekly,18,Pro,16,0.49,We are locked out of the mobile app again during this quarter - this keeps happening.,0
f454da63-a790-4ceb-bc7b-d8679737dcc3,Cynthia Brown,jperry@example.com,19,Weekly,53,Enterprise,1,0.47,We noticed failed uploads on the API once or twice during recent weeks but it resolved itself.,1
b35d082e-2950-4b64-bded-fb5fa98e97bb,Mary Vaughn,millerjoshua@example.net,413,Rarely,4,Pro,2,0.5,Support response times have been unacceptably slow over the last six months.,1
977c8916-0400-4358-9883-4374189ec9d1,Dustin Porter,andrewweaver@example.com,988,Weekly,9,Pro,0,0.37,The integration going down during the last six months caused real disruption for a small team.,1
fcaa9f4b-219c-4066-beda-e970e4b1940f,Allison James,qcarr@example.org,805,Rarely,13,Basic,3,0.54,A distributed team has been blocked by dashboard glitches on the notification system for several days.,0
567d61d1-97a4-4749-967e-7da3532dbe53,Angela Cantu,darylcarter@example.com,301,Weekly,10,Basic,0,0.97,A growing team has had zero problems with the overall experience over the last few days.,0
9893fcfd-6fb4-4d35-a909-f1780e0342fb,Jacob Carson,christy17@example.org,914,Rarely,1,Enterprise,5,0.64,The API going down during this week caused real disruption for a small team.,0
1b69804a-47a2-4d03-add0-ef735c8db7ce,Janice Johnston,ryan73@example.net,706,Weekly,57,Pro,0,0.52,We are locked out of the search feature again during the last onboarding round - this keeps happening.,0
76ef1fe3-496e-4441-b29e-75dc7d136045,Diana Wright,robinsonangela@example.com,615,Weekly,12,Enterprise,3,0.26,"The onboarding flow met expectations for a distributed team across the last two weeks, nothing more to add.",1
c873d309-6eb5-4232-a294-88263982d856,Todd Smith,emberriver31@example.org,47,Weekly,50,Basic,0,0.64,A distributed team has felt genuinely supported by your team throughout the last two weeks.,0
d5668d56-69c6-4050-b4d8-182537f305d8,Stephanie Carter,kennethwilkerson@example.org,130,Rarely,12,Pro,3,0.62,Support has been fantastic whenever our finance team has reached out over the past year.,1
af907463-2673-4f5d-bac1-5e75887e103e,Brandy Riley,shaun87@example.com,658,Weekly,41,Pro,0,0.6,Pricing hasn't been a deciding factor for a small team over the last few days.,0
0c5ecfa3-8ba5-47cf-874b-8b616c204695,Jonathan Wang,oroberson@example.com,1063,Weekly,10,Basic,0,0.73,Our department head is frustrated that basic requests have gone unanswered for this week.,0
005b78d4-0028-4790-a7e8-b7cfc55a655a,Angela Turner,dward@example.net,445,Daily,33,Pro,2,0.7,Our procurement team is questioning whether the notification system justifies its cost after recent weeks of use.,0
c752c711-dfd7-4b34-b044-8ab79d7e00cd,Jillian Rosario,jadams@example.net,960,Weekly,10,Basic,0,0.65,Our department head pointed out that the analytics module's cost dropped relative to value over the last two weeks.,1
67ac5904-e805-41fe-b916-7da57815cec2,Timothy Graham,jacqueline26@example.com,987,Weekly,13,Enterprise,0,0.09,We are locked out of customer support again during the past year - this keeps happening.,1
9075c2dd-e266-41ae-ba8f-abd8d0dced5d,Yvonne Vaughan,thompsonadam@example.org,877,Daily,116,Basic,0,0.79,Our whole department has come to rely on the export tool precisely because it never breaks.,0
c9c82fb1-ee86-48b7-8f99-7231367843fb,Brian Trujillo,andrea99@example.com,428,Rarely,5,Pro,0,0.52,Support has been fantastic whenever our finance team has reached out over the last onboarding round.,0
03e8ca50-852d-4474-8d10-53084b253406,David Taylor,kthomas@example.com,848,Weekly,47,Basic,3,0.3,Nobody has responded to our complaint about session timeouts on the onboarding flow in the past year.,1
0c30c517-0062-46f4-8ddd-566476da8112,Michelle Rubio,garciamichael@example.net,217,Daily,108,Enterprise,1,0.74,Our finance team is close to recommending another provider in this space purely on cost grounds.,0
f2696f5a-7b94-4109-98a4-0b4ab2b049ab,Lee Smith,jerrybrown@example.com,657,Daily,53,Pro,0,0.71,"Our procurement team requested a walkthrough of the analytics module for a new hire, nothing else to note.",0
5b062cf0-638e-4d8a-bf9e-a2c0b584c416,Julie Dunlap,mfrazier@example.com,1092,Weekly,5,Enterprise,8,0.88,The permissions system has been broken for the last billing cycle and it's affecting a distributed team.,0
fe91d5d2-dc04-4b4f-96ff-e8dea8e916b4,William Curry,hollyadams@example.org,237,Weekly,18,Pro,1,0.65,Our ops lead migrated a big workload onto the search feature and it performed flawlessly.,0
856b15a0-e397-460a-b7c5-652712cf1d0e,Craig Vance,christopher19@example.com,1034,Rarely,10,Basic,0,0.27,Our ops lead is questioning whether the integration justifies its cost after several days of use.,1
3e651f4b-5102-430a-bd91-11aa37442a97,Karen Farmer,tammy03@example.net,647,Daily,75,Pro,7,0.42,The last few days of intermittent broken links on the admin console has really hurt our workflow.,0
d1ea75c1-2540-43bc-b402-afbc28375e98,Teresa Rios,tyoung@example.net,883,Daily,46,Enterprise,0,0.53,A 40-person team has felt genuinely supported by your team throughout the last billing cycle.,0
4e093e67-b280-4fcb-92cf-e276d2485446,James Lutz,hdiaz@example.org,222,Daily,112,Pro,8,0.84,A growing team has come to rely on the mobile app precisely because it never breaks.,0
55ab8c4c-0789-4b61-b011-20e1683a5ad5,Shelly Smith,hicksstacey@example.com,658,Daily,74,Pro,4,0.47,"Our procurement team logged one instance of session timeouts on the integration during the past few sprints, resolved quickly.",0
0b45cd5b-924a-4150-8000-8f8f2c99579a,Richard Neal,kelly83@example.net,67,Daily,105,Basic,2,0.61,Communication from your team has been inconsistent over the past few sprints.,0
ab7b3c11-1b68-4b60-bc7d-dfd6bff3cf5e,Terry Murphy,morganmichelle@example.net,475,Daily,42,Pro,0,0.77,A growing team has had an unremarkable but functional experience with the onboarding flow lately.,0
7fbb52c2-1a82-4d0b-8999-3ff3302014b6,John Maldonado,fblack@example.net,771,Daily,19,Basic,1,0.27,Our finance team flagged that a cheaper alternative offers similar the API functionality for less.,0
f1d790b5-0c7a-4dc3-a1a7-22d26fe952ea,Brandon Davis,meyerkevin@example.org,631,Daily,28,Basic,0,0.78,Our engineering lead specifically called out how reasonable the renewal cost on the integration was.,0
207942c2-8c09-452e-ae06-1577ebd7bd8e,Diane George,johnsonaaron@example.org,294,Daily,30,Basic,4,0.74,"For what we pay, our finance team expected a lot more from the onboarding flow.",0
7e8ddec5-851f-41c8-a44a-92dfc905cf5d,Dr. Erin Fletcher MD,rodriguezjoanne@example.com,808,Daily,51,Basic,1,0.7,"A small team gets more than its money's worth from the API, according to our procurement team.",0
c0a3f599-0dce-45c9-ac04-8a39f7064177,Cynthia Padilla,lindsayspencer@example.net,667,Daily,35,Pro,0,0.9,Our department head called the pricing on the audit log a pleasant surprise after the last two weeks of use.,0
2aa35f67-cdf8-49e5-9426-32e09b8c1557,Joseph Ingram,russell59@example.com,930,Daily,57,Pro,1,0.49,"Just a routine check-in from our IT team, nothing specific to report over the last six months.",0
d563fbf2-49a0-47b7-9603-ea3516b18b66,Lindsey Mcdaniel,pthornton@example.org,676,Daily,31,Basic,4,0.73,A growing team has had zero downtime issues with the audit log in several days.,0
47878c4f-b4cd-4204-9d55-12db4f72cfa9,Cynthia Montoya,chadlindsey@example.org,184,Daily,113,Basic,4,0.68,Billing on the notification system keeps creeping up and it's hard to see the added value over the last onboarding round.,0
389a5f53-16c7-4aa3-aaf1-c7248f532756,Juan Boone,sanchezjennifer@example.net,75,Weekly,11,Basic,0,0.34,Our department head is seriously evaluating a couple of competitor tools given the current cost over the last few days.,1
74f1c298-c999-4bcf-8a03-eb7d481c2a68,Ashley Wagner,smithbarbara@example.net,396,Weekly,37,Basic,0,0.63,No strong opinion on cost yet from our department head - we'll reassess at the next renewal.,0
728b49d8-c9b0-42ee-8c50-1ac7ea4008f2,Ryan Mitchell,mcdonaldwilliam@example.org,1030,Weekly,19,Basic,4,0.38,Multiple business units switched from a lower-cost competitor and the cost savings alone justified it.,0
524bc180-f7e0-48b0-82a3-d094eadce372,Lisa Ryan,carloscalhoun@example.org,181,Daily,63,Enterprise,0,0.81,Onboarding a 40-person team was smooth and the team has been responsive since.,0
2b1cc3a8-a9c8-4540-8c8b-53bbc62157d4,Darrell Henderson,joelhooper@example.net,663,Rarely,5,Basic,2,0.18,"Over the past month, the export tool has neither impressed nor disappointed our procurement team.",1
79cf5c4f-cb98-4fb6-96cc-a5ce96f7eb89,Steven Chandler,robynshaw@example.org,1089,Weekly,7,Basic,0,0.26,The workflow builder has been broken for the past year and it's affecting a 40-person team.,1
3a62779b-d12f-47ee-b97c-6a655b3f8768,Steven Prince,kimberlyhayes@example.net,843,Weekly,43,Basic,3,0.37,The permissions system handles a distributed team's workload without a hitch. No complaints on the technical side.,0
a4a412ae-57b3-4596-9db9-2c2c7fa74f96,Sierra Bernard,morrisonalexander@example.com,964,Weekly,47,Pro,1,0.24,Our account manager here pointed out that the collaboration tools's cost dropped relative to value over this quarter.,0
9840e24d-935d-4eb5-b455-4907c9470afa,Alexander Mccann,murphyjessica@example.org,973,Daily,57,Enterprise,3,0.58,The reliability of the notification system over several days has genuinely earned our department head's trust.,0
fa12a28a-2ac8-4767-a86d-9851a7e85a32,Lori Giles,holly26@example.org,740,Rarely,9,Basic,9,0.43,Support acknowledged the API timeouts on the notification system but several days later it's still broken.,1
dcd36510-ec0e-461f-9eae-ca9095b48580,Christine Gallagher,wkerr@example.com,577,Weekly,56,Enterprise,0,0.19,Pricing hasn't been a deciding factor for a distributed team over this week.,0
3a3539b1-62a7-415d-8fa3-971a61407bcb,Deanna Neal,psingh@example.com,942,Weekly,49,Pro,1,0.46,The mobile app continues to exceed our engineering lead's technical expectations after several days.,0
09f123bd-4fc2-4b8e-833e-c51844d09151,Cindy Barton,kkaiser@example.net,378,Daily,40,Basic,0,0.26,"A small number of notification delays on the audit log came up over the last two weeks, nothing urgent.",1
3b3ebc08-0c4f-476b-9179-047c7255fd53,Phillip Lewis,paula80@example.com,171,Daily,99,Basic,0,0.31,A 40-person team has had zero technical issues with the onboarding flow over the past year. It just works.,0
878bc421-7d98-4bbc-a48f-23b01f291bd4,Jeffrey Hall,brendasmith@example.net,273,Daily,59,Enterprise,13,0.32,This is the fourth time the last few days we've had trouble with the export tool.,0
a1c560b3-1d2f-4813-8202-baf5d2bb8dc4,Courtney Johnson,jobrien@example.net,87,Daily,33,Pro,2,0.63,"The renewal cost on the mobile app was flat this cycle, which our engineering lead appreciated.",0
981f9db9-fff7-4d96-bb9f-87004d310218,John Miller,donaldwilkins@example.org,518,Daily,113,Pro,1,0.64,Is there a way for our whole department to bulk-export records across projects in customer support?,0
7b0a72fb-0ef9-42c9-a37d-8a4d70f78ed1,Thomas Mcgee DVM,william95@example.net,974,Weekly,40,Pro,0,0.32,Our procurement team is happy to keep paying for the collaboration tools - it pays for itself many times over.,0
410d9889-1fbc-4701-8aaa-8cc1255501ed,Haley Davies,lisavillarreal@example.com,539,Daily,45,Pro,1,0.84,The collaboration tools continues to exceed our account manager here's technical expectations after the past quarter.,0
d1e9f41a-9183-482e-baa5-1675d2341dce,Christina Adams,garciakaren@example.com,344,Rarely,3,Basic,0,0.29,Nobody has responded to our complaint about integration failures on the audit log in the last onboarding round.,1
922283e8-27df-4f8f-b26a-2dffa759a138,Amber Silva,rpearson@example.net,277,Weekly,11,Basic,2,0.49,"Compared to a lower-cost competitor, the admin console is genuinely the better value proposition for a growing team.",1
7d71605d-e2a9-49cb-bf31-69e846b0790c,James Fisher,christopher80@example.net,369,Weekly,1,Pro,4,0.25,We've had repeated broken links on the integration for this quarter now with no real fix.,1
bfd367b6-5303-4ea9-8f50-9110ae25e386,Teresa Henry,rebecca77@example.com,920,Daily,54,Enterprise,2,0.45,"The API crashed again this cycle, on top of report generation errors from the last billing cycle.",0
08260445-afca-4270-ac66-2ce3dcac8996,Manuel Larsen,carla14@example.org,133,Rarely,6,Basic,0,0.12,A small team can't keep absorbing the cost increases on the search feature seen over the last onboarding round.,1
f5cbe741-a777-449f-a529-b68ba498e6ca,Jennifer Osborn,iharris@example.net,758,Daily,95,Pro,0,0.56,Our account manager here wanted to confirm the API's roadmap for the next the last two weeks.,0
b99722c9-b82a-435f-96a6-8d892a52dd1f,Alexandria Dickson,charles67@example.com,401,Daily,36,Basic,0,0.28,Our department head appreciated the proactive outreach from your side over the last six months.,0
41f54ffb-116f-4b27-a296-48515d5bdc17,Taylor Roman,ylarson@example.org,1041,Weekly,3,Enterprise,4,0.09,"We've escalated API timeouts on customer support fourth time now, still no resolution.",1
5532fdfd-7a2a-446b-b6ad-15dc2b82a968,Kelly Knapp,laurenrichmond@example.com,771,Daily,24,Enterprise,3,0.35,"The admin console performs adequately for a growing team, though there's room for polish.",0
b3eda6f0-d0d0-44f4-8cda-5bd264d72832,Shelby Francis,jefferyhoward@example.com,744,Daily,33,Pro,0,0.65,"A minor session timeouts on the permissions system appeared during the past year, low impact overall.",0
be61fbd9-0176-4a43-bb5c-352dc5d1ec7e,Patricia Dean,deanpatrick@example.net,897,Weekly,11,Basic,1,0.77,Our account manager here pointed out that the API's cost dropped relative to value over the last few days.,0
b84eb4d4-4aa6-4b02-b632-d31eab6576e0,Abigail Suarez,milessamantha@example.net,657,Weekly,47,Pro,3,0.7,"Even under heavy load, the export tool held up well for a growing team over the past few sprints.",0
166bb8d9-f19b-4ed8-acd4-5c80babf93ac,Nancy Jones,rodney45@example.org,265,Daily,80,Enterprise,3,0.36,Our finance team specifically called out how reasonable the renewal cost on the analytics module was.,0
acdd3842-fceb-464a-b70c-2907d28cca91,Jeffrey Meyer,hollandashlee@example.net,715,Daily,95,Enterprise,0,0.7,The account team has been proactive and easy for our account manager here to work with.,0
e040a73a-f3d9-4f82-8af9-535408c6acd2,Jaime Williams,crystal05@example.net,986,Daily,116,Basic,2,0.64,The notification system handles a distributed team's workload without a hitch. No complaints on the technical side.,0
b68a8b72-03ef-413b-b5b2-b2a90892158f,Danielle Lewis,blackdavid@example.com,569,Weekly,8,Pro,3,0.49,Every time a 40-person team relies on the audit log it fails us. this quarter has been rough.,0
9338e45c-c7e1-4bae-ac9c-85977d4d5d76,Emily White,patrick13@example.com,656,Weekly,12,Enterprise,0,0.38,Our IT team would recommend this to other teams after the last onboarding round of good experience.,1
b350d33a-5827-4e10-8e72-255e81710ada,Nicholas Long,rknapp@example.org,793,Weekly,10,Basic,1,0.36,The renewal price increase on the mobile app is hard to justify given what a growing team actually uses.,1
82d9add5-98be-41c3-88be-5dd4e3a0a787,Kari Owen,edwinmartin@example.net,294,Weekly,58,Pro,0,0.48,Multiple business units has had an unremarkable but functional experience with the reporting dashboard lately.,0
75574c6a-517f-4a82-a556-85842e50ae6b,Erica Mason,david72@example.com,861,Rarely,10,Basic,1,0.57,No strong opinion on cost yet from our procurement team - we'll reassess at the next renewal.,1
52c24c75-6679-4ba2-b386-29658ea7362e,Gary Fernandez,sandymcdonald@example.net,141,Weekly,15,Pro,1,0.28,Our engineering lead was impressed the billing system handled the past quarter of peak usage without issue.,0
fd79de33-4b50-4f55-901f-2d17e54d5aef,Hannah Ford,johnjimenez@example.net,222,Daily,30,Enterprise,1,0.45,The API is serviceable for a small team; dashboard glitches shows up occasionally but rarely blocks us.,1
f98c2683-282d-43af-9801-8d24448ecd28,Stephen Ramirez,annette87@example.net,288,Weekly,9,Basic,3,0.3,The second outage of the permissions system in this week is starting to erode our trust.,1
f0bc0ae5-c997-4393-9a59-61a1a80044ab,Samantha Duran,brandon82@example.org,368,Weekly,7,Basic,0,0.99,A growing team switched from a couple of competitor tools and the cost savings alone justified it.,0
55d46f42-12dd-4c9f-a8bd-f37e3b075661,Anna Kennedy MD,ashleydixon@example.net,895,Daily,39,Enterprise,0,0.33,"Our department head requested a walkthrough of the mobile app for a new hire, nothing else to note.",0
83fab0d4-4031-4fda-af14-01eaf8dec748,Richard Krueger DDS,hrivera@example.org,54,Rarely,11,Pro,8,0.1,A distributed team has been blocked by duplicate records on the search feature for this quarter.,1
2a261759-6c74-41b7-bdb6-df607a7e57fe,Beth Stevenson,sarah33@example.net,1054,Daily,49,Basic,0,0.4,Every time a 40-person team relies on the mobile app it fails us. the past few sprints has been rough.,1
aedf5a0b-0a55-412b-b468-919a7bb75cba,Sharon Dominguez,keithyang@example.com,434,Daily,92,Basic,0,0.8,"Our engineering lead logged one instance of notification delays on the workflow builder during several days, resolved quickly.",0
8031fb5b-73cf-403d-859b-c49c369122ec,Christopher Brown,orodriguez@example.net,1090,Daily,55,Basic,4,0.32,Our account manager here was impressed the workflow builder handled recent weeks of peak usage without issue.,0
16019225-f44f-4650-bdfd-79ed0ac461e4,Christina Ramsey,bowerscorey@example.com,388,Weekly,30,Basic,1,0.41,The subscription cost is more than justified by how much time the billing system saves a small team.,0
d5feec8d-c8f6-4cec-b1b7-493057d9221a,Michael Collier,edgar29@example.com,62,Weekly,10,Basic,4,0.13,Every time multiple business units relies on the export tool it fails us. the last few days has been rough.,1
7e8ab7a2-7571-4239-8b89-0abb56629a9d,Amber Taylor,teresa60@example.org,1056,Daily,45,Basic,2,0.35,The onboarding flow scaled smoothly as multiple business units grew over the past quarter.,0
1502f290-31a3-4a4e-9f86-ff1b747914bb,Diane Foster,caleb78@example.net,576,Daily,21,Basic,1,0.44,The audit log handles our whole department's workload without a hitch. No complaints on the technical side.,0
55b6a5e3-8986-4471-b8f2-08a29a43a468,Amy Johnson,alexandra47@example.com,718,Daily,111,Pro,2,0.46,Our engineering lead is really happy with how stable the integration has been over the last six months.,0
9c453f0e-f6c6-4c6e-b0a1-fe3c4fb94cdb,Ashley Reyes,rossrojas@example.com,446,Weekly,1,Pro,7,0.01,Every time a growing team relies on the billing system it fails us. the last onboarding round has been rough.,1
fcc5a8f7-c1d4-4139-bb1a-2eb580dc89d7,Abigail Edwards,ygardner@example.com,214,Daily,46,Pro,3,0.52,A distributed team has come to rely on the search feature precisely because it never breaks.,0
2417d7f2-e993-4449-8812-99710834ecaf,Shelby Castaneda,jenniferblanchard@example.org,661,Weekly,21,Basic,0,0.59,Our account manager here specifically called out how reasonable the renewal cost on the admin console was.,0
f118504b-44e8-4ab9-a9bc-b0c6515dd86d,Lisa Vance,ihall@example.net,788,Daily,57,Basic,2,0.38,A small team is neither over- nor under-whelmed by what the analytics module costs right now.,1
03d9c108-8744-47ae-8219-08b39402e09e,Kelly Vega,sfoster@example.org,1013,Rarely,1,Enterprise,0,0.61,Our account manager here was impressed the export tool handled several days of peak usage without issue.,0
84c11381-46cb-4026-995c-a73c84322bb6,Sheena Morris,georgebeltran@example.com,265,Daily,50,Basic,1,0.76,"Pricing on the workflow builder seems reasonable, though our engineering lead is still evaluating value for a growing team.",0
aa53705e-0450-486b-b104-b7faf821110c,David Lynch,xlindsey@example.com,490,Weekly,24,Enterprise,2,0.73,Our ops lead appreciated the proactive outreach from your side over this week.,0
06452532-a28a-4cff-942f-bcd552c4ce16,Megan Mcdaniel,jamesheather@example.com,733,Daily,22,Pro,2,0.36,Multiple business units keeps getting passed between different support reps with no continuity.,0
de6bc24f-328c-4b90-afac-661eb402e247,Timothy Mcdonald,rcox@example.net,761,Daily,30,Basic,15,0.59,"We've escalated slow load times on the billing system second time now, still no resolution.",0
9602b8e7-7a5e-4176-b9e4-509dcc599ddb,Sarah Butler,jason90@example.com,993,Daily,71,Basic,2,0.7,The workflow builder continues to exceed our department head's technical expectations after the last two weeks.,0
dd3e5880-7398-4de2-8911-1bca58de5f1d,Ricky Martinez,amandacastro@example.net,234,Weekly,54,Basic,1,0.55,A growing team has come to rely on the billing system precisely because it never breaks.,0
2d5689b1-6fd2-4ea7-96cd-51ca7e7373da,Nicole Powers,ipayne@example.com,278,Rarely,10,Basic,2,0.18,The notification system going down during the past few sprints caused real disruption for a growing team.,1
f75019f5-e52f-4994-9472-1dcb1c35a97d,Marc Smith,jonathan84@example.net,628,Weekly,23,Basic,0,0.23,The onboarding flow is serviceable for a 40-person team; duplicate records shows up occasionally but rarely blocks us.,0
4f0b985d-ce08-4916-9135-38ed6947be0f,Brian Grimes,marshallpaula@example.org,572,Rarely,13,Enterprise,0,0.65,A growing team has had zero technical issues with the mobile app over this quarter. It just works.,0
fd6d8532-2670-42be-9162-201f1a6be7e6,Amy Mcgee,vhawkins@example.org,878,Rarely,13,Basic,0,0.03,Our account manager here wanted to confirm the reporting dashboard's roadmap for the next the past month.,1
622c34cc-cfcb-49aa-859f-ba67901a2c06,Maureen Taylor,johnsonjose@example.net,762,Daily,113,Basic,3,0.78,The data export bugs problem on the audit log has cost us real time over several days.,0
0377109c-20db-4279-abe0-71354deda9a0,Adrienne Parker,julie08@example.com,809,Weekly,3,Pro,12,0.7,Several days of intermittent report generation errors on the workflow builder has really hurt our workflow.,1
9f17d691-8864-47a8-a711-9448110be9e8,Suzanne Moore,boltonrichard@example.com,709,Daily,53,Pro,2,0.9,Our IT team expected better account management given how long we've been customers.,0
f58fea8b-d1f5-4336-9467-a4719e44d0c0,Amber Bradley,rasmussenchelsea@example.net,1030,Daily,34,Pro,9,0.35,We are locked out of the export tool again during the last few days - this keeps happening.,1
5eaceb3f-9661-4c58-8bbc-93bbea797bb6,Paul Valentine,julia31@example.com,61,Weekly,51,Pro,3,0.32,Our ops lead compared invoices from the past quarter and the cost trend is concerning.,1
62e982ba-4bac-4cbe-86c6-5e5aa66c0b77,Amber Jones,jessica82@example.org,955,Daily,67,Basic,3,0.99,The permissions system continues to exceed our engineering lead's technical expectations after several days.,0
40769001-e16e-4274-b075-c7ac4053f1d5,Alicia Crawford,jasonmaldonado@example.org,527,Daily,58,Basic,11,0.1,"We've escalated failed uploads on the billing system sixth time now, still no resolution.",1
b09cd4d6-2e51-404d-b3fb-8f96e3d423e8,Tiffany Bennett,sjimenez@example.net,313,Rarely,10,Basic,1,0.19,"For what we pay, our ops lead expected a lot more from the collaboration tools.",1
940abb54-018b-4db4-9058-b383fdd31141,Suzanne Williams,rmiller@example.org,261,Weekly,17,Basic,1,0.83,Our account manager here is still deciding if the current plan tier fits a 40-person team's budget.,0
35af99f5-148c-4803-939d-4ff187251e87,Patrick Casey,cfoster@example.org,782,Weekly,10,Basic,6,0.8,A small team can't keep absorbing the cost increases on the search feature seen over this week.,1
5eb26cee-f2fa-484a-aec9-39c01ce84dff,Joshua Parrish,meaganjackson@example.com,518,Daily,41,Basic,1,0.82,We've had repeated broken links on the integration for the past month now with no real fix.,0
99a5bf95-1554-4eea-a41b-78ea6272d0f6,Paula Vasquez,hernandezangela@example.org,285,Daily,71,Basic,4,0.19,"Our account manager here had a small question about the admin console, support got back within the last six months.",0
889ea06a-1bbb-41c2-8452-566646e32a41,Chloe Farmer,bmartinez@example.org,702,Weekly,11,Basic,0,0.58,The overall experience over the past quarter has just felt neglected for a distributed team.,1
1f4a388d-0eb2-490e-8f1d-4398e6356b8b,Kevin Mendoza,joseph81@example.net,166,Daily,44,Pro,2,0.61,Our whole department switched from a cheaper alternative and the cost savings alone justified it.,0
e57d38fc-edad-4ff4-a63f-877d1fc1f880,Mr. Justin Garcia,theresapeters@example.net,427,Rarely,4,Basic,0,0.01,"Our IT team is weighing a rival platform's pricing against ours, no conclusion yet.",1
d057f76c-61bb-4934-ba67-e019f0f92939,Tina May,shaun90@example.org,196,Daily,50,Enterprise,0,0.8,A growing team has come to rely on the workflow builder precisely because it never breaks.,0
52c2b916-c524-4f41-90a6-9efa4027003a,Gregory Ferguson,phelpsrobert@example.com,1090,Daily,23,Basic,1,0.72,Our engineering lead ran the numbers and the workflow builder beats a couple of competitor tools on cost per seat.,0
146661b0-180f-43de-a39c-7e8879aa1030,Christopher Arnold,amber31@example.org,348,Daily,83,Pro,1,0.87,A 40-person team has had zero downtime issues with the integration in this week.,0
de63a0e6-aaa1-4b1d-b3bf-a5888c5700a9,Cody Price,walterstewart@example.com,794,Rarely,1,Basic,1,0.64,Our procurement team has lost confidence after the last six months of unanswered account requests.,1
fc5637a4-96ea-4dfb-b49c-9b039e15af85,Luis Craig,martin61@example.com,730,Daily,45,Basic,2,0.34,"Compared to a rival platform, the mobile app is genuinely the better value proposition for our whole department.",0
c5d1144f-5b18-4d38-a7e5-bf6b6a7b52b4,Megan Arnold,qmcdonald@example.org,82,Weekly,59,Basic,2,0.37,Our account manager here is really happy with how stable the billing system has been over the last billing cycle.,0
5b02287b-7195-40e6-8546-38287c413154,Stephanie Lawson,obrienmichael@example.net,469,Rarely,9,Basic,9,0.6,"We've escalated dashboard glitches on the reporting dashboard third time now, still no resolution.",1
82c35cfb-d443-42d2-aa41-d8afc3c3e029,Jonathan Carr,anthony26@example.net,150,Daily,17,Enterprise,2,0.65,"The API works fine overall, though we've noticed a few broken links over this week.",0
3afbbc83-bd6e-4891-9666-8f6a7215245c,William Bartlett,patrick26@example.com,495,Daily,37,Basic,6,0.01,The third outage of the audit log in this quarter is starting to erode our trust.,1
ee46bd72-803f-4c89-85f0-bb190154e793,Aaron Mullen,colemannicholas@example.net,74,Daily,55,Enterprise,1,0.35,Our IT team is exploring whether the collaboration tools could support a new workflow for a growing team.,0
91195f6d-d752-4f57-97e3-d345d094a9e1,Michael Nguyen,jonathonwhite@example.com,601,Weekly,11,Basic,12,0.27,The reporting dashboard going down during the past quarter caused real disruption for multiple business units.,1
f8fe5624-4877-452b-92a0-3130809b84f1,Aaron Dominguez,allen15@example.org,289,Rarely,8,Enterprise,0,0.47,Our finance team specifically called out how reasonable the renewal cost on the workflow builder was.,0
831ad380-6906-4a61-9db3-dd8543fb65c8,Darren Neal,bryanbrown@example.com,10,Weekly,44,Pro,1,0.51,Support acknowledged the slow load times on the permissions system but this week later it's still broken.,1
28236f23-a9e0-4c72-b155-f6d0761f8c0d,Allen Nichols,nicole90@example.net,898,Daily,24,Enterprise,3,0.39,A small team is a light user of the platform so hasn't formed strong opinions yet.,0
5ddbd366-62ff-46b5-a856-2514bdb96def,Christopher King,hendersonlori@example.com,819,Daily,25,Basic,0,0.81,Duplicate records on the onboarding flow has been a recurring headache for the past month.,0
a9b72f80-8ea4-428e-8313-7c8098b26302,Michael Hanson,wweeks@example.org,780,Weekly,5,Pro,2,0.28,The mobile app going down during this quarter caused real disruption for a distributed team.,1
62264fc9-589e-4acc-9f3a-ee0d91ab4ad3,Audrey Cervantes,youngamy@example.org,1017,Daily,44,Basic,0,0.68,Our engineering lead looked at a rival platform recently and honestly this is the better deal.,0
7911a90f-f99d-48d9-a79d-32f0801456d8,Michael White,moorebrandon@example.org,251,Daily,117,Enterprise,3,0.53,The API scaled smoothly as a growing team grew over the last onboarding round.,0
aebe9ad6-d72a-4891-b9f0-cdb51366057e,Lori Jones,williampayne@example.com,1062,Daily,19,Basic,1,0.42,A 40-person team has come to rely on the export tool precisely because it never breaks.,0
bf5bb509-d927-415c-ab95-6e5daef89bb6,Melissa Weaver,sarahmitchell@example.org,375,Daily,60,Enterprise,0,0.54,No issues to report from a small team over several days - everything just works.,0
80ec097d-de50-48c3-b204-54069f7211c3,Kimberly Payne,kelly51@example.com,458,Weekly,3,Basic,4,0.5,No strong opinion on cost yet from our account manager here - we'll reassess at the next renewal.,0
64487dac-f341-49e7-bcb9-57d848626b6a,Jason Mitchell,zachary56@example.net,42,Daily,15,Pro,0,0.38,"The onboarding experience for a growing team left a lot to be desired, honestly.",0
5aa869fe-b92a-401a-9f9c-c8b9db8c97ba,Amy Sparks,mcclurepaul@example.com,1033,Weekly,6,Basic,2,0.56,"The API crashed again this cycle, on top of slow load times from the last onboarding round.",1
3431247d-ede8-4a4d-a342-46ea73f95eaa,Brandon Caldwell,qmurphy@example.com,690,Daily,77,Basic,1,0.78,The value a small team gets from the integration hasn't kept pace with what we're now paying.,0
09cf8427-1b4c-4315-914c-15aab69f1007,Carrie Montgomery,kathryn84@example.org,25,Daily,62,Pro,1,0.46,A 40-person team has had zero technical issues with the API over this quarter. It just works.,0
4b4c014d-0dc3-404f-b528-af6877538729,Gregory Holmes,manndale@example.net,520,Rarely,11,Basic,2,0.01,The slow load times problem on the admin console has cost us real time over the last onboarding round.,1
edbb9be4-a0a2-4085-9cb4-5c8b879939de,Adam Collins,heatherbrooks@example.org,559,Daily,97,Enterprise,0,0.86,A 40-person team is a light user of the platform so hasn't formed strong opinions yet.,0
f0cc0598-5898-4d46-8afd-ff8ddd2181e4,Robert Yang,ypadilla@example.com,162,Weekly,9,Pro,3,0.59,We are locked out of the audit log again during recent weeks - this keeps happening.,1
1c15c44c-5ee9-4044-a3de-8d0e13da6103,Kevin Shepard,patrick45@example.org,563,Daily,71,Basic,4,0.27,"Even under heavy load, the export tool held up well for a growing team over the last few days.",0
09c57873-b3e4-428e-bd2d-ac93a4cebc44,Elizabeth Richardson,holtmartin@example.org,988,Weekly,37,Enterprise,3,0.77,The export tool scaled smoothly as our whole department grew over the last few days.,0
ee6130cb-43c2-409f-8b0a-12555589faaf,Anne Calderon,rblair@example.org,144,Daily,15,Basic,3,0.26,Support acknowledged the dashboard glitches on the search feature but the last six months later it's still broken.,1
24b94178-63bd-4b57-a21c-bfbda3088cfa,Karen Roth,camerongabriel@example.net,390,Rarely,3,Pro,2,0.44,Our account manager here is happy to keep paying for the analytics module - it pays for itself many times over.,0
742419fa-826b-4d88-a4c9-d19a82fd6020,Debra Nguyen,david79@example.com,314,Rarely,10,Basic,3,0.68,A 40-person team has been blocked by data export bugs on the analytics module for the past month.,1
540b381f-056d-4d12-b0e1-b9806f63c521,Nicole Todd,chapmankristin@example.net,573,Weekly,47,Pro,0,0.64,"Just a routine check-in from our ops lead, nothing specific to report over the last two weeks.",0
4e44b866-6b34-4d7a-9239-ffa106745a0b,Melinda Crawford,megan48@example.org,381,Weekly,46,Basic,3,0.53,The past year of intermittent sync failures on the reporting dashboard has really hurt our workflow.,0
d8967ebf-676e-41ac-85d5-68cda0c9933d,James Trujillo,fdougherty@example.com,1039,Weekly,13,Pro,0,0.56,A growing team has been blocked by API timeouts on the search feature for the last two weeks.,1
0288fd71-b3ff-4e8d-b55f-92f8b5c66a44,Gregory Williams,ashley69@example.com,582,Daily,95,Enterprise,9,0.35,The audit log has been broken for recent weeks and it's affecting our whole department.,0
d4a02839-bbe7-42f1-bf67-4ddab567e504,Larry Roberts,eric60@example.com,877,Daily,57,Basic,1,0.77,Our finance team budgeted more for the notification system this cycle and considers it money well spent.,0
57fe6e75-0465-4882-9aed-2a5413c3757a,Michael Rodriguez,jvillegas@example.org,4,Weekly,51,Pro,0,0.42,The integration continues to exceed our account manager here's technical expectations after the last onboarding round.,0
01d0471a-f3c4-41af-bd62-d13f7a640123,James Parker,umathis@example.com,976,Weekly,27,Pro,0,0.6,"Our procurement team hasn't flagged cost as an issue for the notification system, but hasn't praised it either.",0
6bf8654c-6437-4997-bd11-98c0406312ca,Christina Kennedy,jacobking@example.net,967,Weekly,1,Pro,1,0.32,Our engineering lead migrated a big workload onto the analytics module and it performed flawlessly.,0
462e9645-c317-4fe0-be4c-4fb11479dccc,Brian Holmes,chooper@example.org,884,Weekly,36,Pro,4,0.41,"Cost over the past few sprints is about what our finance team expected - no complaints, no major praise.",0
499deb55-e72e-4b42-b47a-48b14652afad,Kenneth Mitchell,martinzachary@example.com,293,Daily,93,Pro,3,0.18,"The onboarding flow crashed again this cycle, on top of permission errors from this quarter.",0
1c37cb02-65fc-4a04-80a2-10d132ba0c1f,Laura Walter,aprilprice@example.org,905,Daily,47,Basic,4,0.36,Support acknowledged the broken links on customer support but the past quarter later it's still broken.,0
1b1cb186-e564-4ff6-965f-8ba01aa5845e,Jennifer Phillips,pacedakota@example.com,453,Rarely,1,Pro,2,0.04,Communication from your team has been inconsistent over the last six months.,1
96e2332c-ae4a-4653-8117-d658659c545f,Ernest Ellis,xbrown@example.org,704,Daily,53,Pro,9,0.43,Recent weeks of intermittent integration failures on customer support has really hurt our workflow.,1
d8c86b10-7c2f-49a3-8e99-a4ccb0dfff4f,Cindy Mitchell,audrey71@example.org,14,Weekly,2,Basic,1,0.76,Support response times have been unacceptably slow over the past year.,1
08de6929-8500-4308-b0ac-7aeb967ed972,Gregory Potter,pbaker@example.com,364,Rarely,2,Basic,1,0.35,The past few sprints of intermittent duplicate records on the export tool has really hurt our workflow.,1
039a98b6-3615-4ebf-a327-fb09692301ea,Jason Smith,mary17@example.net,195,Weekly,30,Basic,3,0.7,Our ops lead noted the price of the permissions system without much reaction either way over the past year.,1
b52cd571-25b5-4330-8f34-5272f254c65f,Aaron Butler,rebekahbender@example.com,1085,Daily,28,Basic,8,0.94,Nobody has responded to our complaint about slow load times on the notification system in the past month.,0
c1d4a02b-2a1f-4220-9f51-ca5940ac7489,Lisa Gomez,christine13@example.com,307,Rarely,5,Basic,2,0.54,"Our account manager here logged one instance of data export bugs on the analytics module during recent weeks, resolved quickly.",1
dd76d510-93a8-426d-90ca-0323c99f8fe5,Thomas Smith,velezcasey@example.com,725,Rarely,14,Pro,2,0.08,"The analytics module crashed again this cycle, on top of session timeouts from the last six months.",1
42f33c68-2b58-4dac-ad98-40f645c1562f,Aimee Hansen,rasmussenkaren@example.org,633,Daily,58,Enterprise,7,0.86,"Our account manager here had a small question about the analytics module, support got back within several days.",0
36f63275-5e2f-4c5b-8453-3d16c38a935f,Brianna Thompson,richard75@example.net,328,Rarely,7,Basic,1,0.27,The reliability of the audit log over the past few sprints has genuinely earned our department head's trust.,0
4a9af0fa-4d3a-440a-ad61-730e53cbc8b4,David Diaz,lstafford@example.com,1038,Rarely,8,Basic,2,0.99,Nothing major to report on the export tool over this week - does the job as expected.,0
685d070a-76dd-4dd0-af78-ce1480eca03b,Tracy Lamb,ramirezalexandra@example.net,441,Weekly,34,Basic,0,0.29,The performance of the reporting dashboard has been excellent for a 40-person team throughout the last few days.,0
f2d8d312-d7ce-4a0c-a1ca-f50021e71f94,Alexandra Lynch,aguilaraaron@example.com,476,Daily,109,Basic,1,0.52,Our procurement team is happy to keep paying for customer support - it pays for itself many times over.,0
4471aca1-daca-4266-b61e-4f8faa007a5f,Ana Watts,fhayes@example.com,90,Daily,77,Pro,0,0.64,Our IT team was impressed the reporting dashboard handled several days of peak usage without issue.,0
c9337f83-8be7-4b86-921d-fcdaaae47679,Sabrina Carroll,marvin71@example.net,1018,Weekly,27,Pro,0,0.72,Support has been fantastic whenever our finance team has reached out over the last onboarding round.,0
7816ac5e-ad90-413d-a950-30bad6aa3d83,Roger Schneider,orivera@example.org,970,Daily,27,Basic,0,0.19,A small team has had zero downtime issues with the onboarding flow in the last onboarding round.,0
8e63c664-5e0b-4a8e-bb9a-214b61d0bec6,Sean Barber,gloverluis@example.com,871,Daily,117,Basic,1,0.78,"Cost feels fair enough for a 40-person team right now, though our account manager here hasn't stress-tested it.",0
1ba1f38d-2022-476a-9445-d4371f383920,Renee Marshall,gilbertlaura@example.net,747,Weekly,37,Enterprise,3,0.79,The reporting dashboard has been rock solid over the last billing cycle. our finance team is genuinely impressed.,0
d2289102-381f-4c6a-84a3-9e30dc51ee63,Matthew Welch,orozcomichael@example.org,88,Daily,61,Enterprise,3,0.39,The workflow builder has been broken for recent weeks and it's affecting our whole department.,0
20472fc4-bf17-474c-97c0-5d8e4f42e3d4,Lisa Colon,dhughes@example.net,768,Daily,83,Basic,1,0.77,A 40-person team has had zero technical issues with the audit log over the last billing cycle. It just works.,0
3030ba22-05ef-4922-a189-e69af989289e,Brian Perez,kristinaoconnor@example.org,982,Rarely,14,Basic,5,0.83,Every time multiple business units relies on the billing system it fails us. the last six months has been rough.,1
879354e5-51c5-4970-913b-37be3a598d51,Briana Blair,vshelton@example.com,592,Weekly,12,Pro,0,0.18,Our ops lead compared invoices from the past year and the cost trend is concerning.,1
5529b8bd-c18a-4723-83b8-98b2c40c12e5,Jasmine Vaughn,patriciagreen@example.org,794,Weekly,10,Basic,2,0.38,Our engineering lead flagged that a cheaper alternative offers similar the mobile app functionality for less.,1
23dc103d-6e33-4b9a-a5a2-14a21cd6edaf,Aaron Skinner,aaron94@example.net,668,Weekly,1,Pro,0,0.54,The pricing model for our whole department stopped making sense to our finance team around the past few sprints ago.,1
a4c392de-e9a8-406e-8965-1d8eb9a61316,Leslie Black,gcoleman@example.net,726,Weekly,13,Pro,0,0.44,Our account manager here appreciated the proactive outreach from your side over the last billing cycle.,1
17a193bc-de0b-420d-ba08-016fb95f876d,Curtis Mills,francochristopher@example.net,253,Rarely,12,Pro,1,0.41,The past year of intermittent duplicate records on the collaboration tools has really hurt our workflow.,1
ebd6bf41-c666-4b31-acc8-17ff7b271adc,Cameron Miller,perezlisa@example.com,1090,Daily,92,Pro,1,0.32,The subscription cost is more than justified by how much time customer support saves multiple business units.,0
016ca368-7396-411c-9891-a082a146acc6,Darlene Thompson,butlerjill@example.org,917,Rarely,5,Pro,3,0.79,Our procurement team was quoted a much higher renewal rate the last few days ago with no explanation.,1
9146a67c-1821-4589-a918-1088d506dd1b,Brent Henry,scottjackson@example.com,913,Rarely,1,Pro,4,0.33,We reported duplicate records on the search feature this quarter ago and it's still unresolved.,1
b513fe39-0116-4ebb-9f2f-43eb43496e81,Susan Bradley,grush@example.net,54,Daily,37,Pro,1,0.72,Our finance team appreciated the proactive outreach from your side over the past month.,0
c4814e8c-b57f-40a6-8757-df541d15e621,Katie Mills,natalie73@example.org,802,Daily,66,Basic,0,0.42,Our finance team has asked for a status update second time with no response in this quarter.,0
5533d856-94e1-4e18-8902-831676825fdd,Lisa Odonnell,derrick43@example.com,661,Weekly,31,Basic,1,0.76,"Over the last onboarding round, the onboarding flow has neither impressed nor disappointed our account manager here.",0
28532539-0d62-4ff5-b6a1-7ff6503e5d1b,Heather Jensen,irichardson@example.com,500,Weekly,4,Pro,2,0.99,Nothing major to report on the integration over the past quarter - does the job as expected.,0
aca55d7a-31d5-4cc7-aafe-b9bb3255d054,Tina Gonzalez,curtistraci@example.com,219,Rarely,7,Pro,0,0.33,Our account manager here has lost confidence after the past month of unanswered account requests.,0
760688a4-faac-4965-8b7a-ea957550edc9,Brian Foster,matthew60@example.com,834,Daily,68,Basic,1,0.47,Our IT team is really happy with how stable the onboarding flow has been over the last billing cycle.,1
5dd2e5ad-d171-408c-9235-bd2e6b5d5af9,Mark Rivera,heatherreed@example.net,180,Weekly,20,Basic,1,0.74,The reliability of the reporting dashboard over the past few sprints has genuinely earned our procurement team's trust.,0
d47bc462-314c-4046-96a3-5dfdbcbafc98,Stephanie Harris,stephanie84@example.net,531,Daily,59,Pro,0,0.77,"A growing team has had a smooth, low-friction experience across recent weeks.",0
4b986ef2-8608-4f6d-b2e4-7ff5ffc4e714,James Roberts,hilljustin@example.com,370,Daily,71,Pro,1,0.5,Our engineering lead renewed without hesitation - the price-to-value ratio on the admin console is hard to beat.,0
a3450ce1-9aaa-4a3e-9729-cb22c91de777,Joseph Adams,mallory40@example.com,1064,Rarely,14,Basic,2,0.38,The notification system is serviceable for a 40-person team; permission errors shows up occasionally but rarely blocks us.,1
60735a1c-29d4-4c18-94e9-e05feb17f7bf,Donna Rose,cooleyamanda@example.net,17,Rarely,2,Basic,2,0.47,Things have been mostly stable on the onboarding flow for our whole department over the last billing cycle.,1
75eddd40-0713-45b8-854a-b5eeb353a3d5,Regina Kennedy,parkdaniel@example.org,897,Daily,66,Basic,2,0.72,We've had repeated permission errors on the permissions system for the last two weeks now with no real fix.,0
15fae940-fb44-450b-9bd0-c44028402a6e,Deborah Watkins,sarah96@example.org,1039,Daily,71,Pro,0,0.39,Your team resolved our IT team's concern faster than expected. Great experience.,0
98d01bb0-d7ad-48a7-a0cf-3fcbf5dd9748,William Bautista,ppotter@example.com,709,Weekly,9,Enterprise,1,0.33,Our account manager here expected better account management given how long we've been customers.,1
7b647c3a-d9f5-4337-9ce5-7a23f315c89e,Alvin Wheeler,joshuaacevedo@example.org,357,Daily,19,Basic,15,0.16,Every time a distributed team relies on the collaboration tools it fails us. this quarter has been rough.,1
f3f0d2f5-f2f2-4f26-8b80-e81827f42571,Kenneth Smith,matthewmcbride@example.org,997,Weekly,55,Pro,4,0.48,"For the price, a growing team is getting far more value than our engineering lead expected.",0
09db130d-e6e4-4455-aa63-7a38721b1891,Joshua Jackson,sparksjoann@example.net,617,Daily,53,Basic,1,0.61,The past month without a single proactive check-in from your side has been disappointing.,0
c571ac4d-ad6e-4c52-bc2d-55e1895c7af8,Julie Garrison,rodgerslauren@example.org,55,Weekly,43,Basic,0,0.64,Our IT team feels well taken care of after the last six months as a customer.,0
4338d7cf-4f6b-49df-a304-64b7e3f9c8b8,Aaron Coffey,david51@example.org,415,Weekly,54,Pro,2,0.98,A distributed team has had zero technical issues with the permissions system over the past quarter. It just works.,0
14997d2a-a3a1-4366-8784-c062d6ba2a09,Brandon Pittman,toddedwards@example.org,176,Rarely,3,Basic,2,0.46,This quarter of intermittent dashboard glitches on the API has really hurt our workflow.,1
53d295e1-0cce-48be-88db-164ff44b2669,Keith Bowman,hurstjason@example.net,979,Weekly,55,Enterprise,2,0.33,Our engineering lead hasn't seen a single report generation errors on customer support in the last onboarding round - great reliability.,0
29c5aaec-09b4-4bc1-ac73-720feaf7fc06,Erin Ellis,millernicole@example.net,870,Daily,43,Pro,1,0.69,Our account manager here is really happy with how stable the search feature has been over this quarter.,0
644e7f85-9187-4360-9a26-2bfc7e7bd49b,Jeffery Christensen,tabitha30@example.net,968,Weekly,22,Basic,0,0.82,The mobile app handles a growing team's workload without a hitch. No complaints on the technical side.,0
cebc299f-7a92-46c5-9868-8c8869343cb3,Michelle Taylor,markdickson@example.com,336,Weekly,2,Basic,0,0.23,We are locked out of the mobile app again during recent weeks - this keeps happening.,1
c956c0c5-71a3-43f3-8ab8-35f4bcd57f46,Dr. Keith Smith III,eweeks@example.org,986,Weekly,1,Basic,0,0.5,The analytics module has been broken for the past quarter and it's affecting a growing team.,1
cea4a3c6-a5f4-48ac-9b01-64d25e7d5470,Christy Alvarez,williambrown@example.com,565,Daily,36,Enterprise,2,0.99,We reported dashboard glitches on the notification system the past month ago and it's still unresolved.,0
6f89f7fe-76c7-4eef-951c-42bae4c98955,Jonathon Nguyen,dolson@example.com,933,Weekly,59,Basic,2,0.6,Our procurement team flagged that a rival platform offers similar the admin console functionality for less.,0
f768ddb1-cef8-4719-84c3-c26815e1b83a,David Clark,farleymichael@example.com,226,Daily,58,Enterprise,3,0.54,A 40-person team has had zero technical issues with the collaboration tools over the last six months. It just works.,0
f177a72f-3e72-4abe-bcf7-7480593e1cf6,Emily Schroeder,clarence85@example.com,148,Weekly,10,Pro,0,0.51,Our IT team would recommend this to other teams after the past year of good experience.,1
1c855d8f-9b9e-4371-a42c-48a01917a773,Sheri Peterson,johnferguson@example.org,748,Rarely,10,Basic,9,0.19,"The integration crashed again this cycle, on top of notification delays from the last six months.",1
fa39f47a-0cc3-47ba-917b-e472b4989777,Teresa Austin,kelly31@example.com,836,Weekly,58,Enterprise,1,0.48,Our IT team is mid-review on whether the subscription cost matches usage from our whole department.,0
d9df6129-b864-49a9-ac67-86f7dd00039d,Thomas Clark,qmack@example.org,533,Daily,31,Enterprise,0,0.54,"A small team has had a smooth, low-friction experience across this quarter.",0
b3c52ef4-61fe-404c-bf35-5afa9be10a90,Daniel Hall,vrivera@example.com,1072,Daily,73,Pro,0,0.26,The workflow builder's pricing has stayed fair even as a growing team scaled up usage over the last few days.,0
e255fd57-cb6c-47b6-970a-8ac04d1f6515,Crystal Watkins,reneeroach@example.org,165,Rarely,6,Enterprise,0,0.55,Budget conversations about the API have been low-key for our whole department over the last two weeks.,0
a76ebef2-d02b-4579-bb9c-e8e810ab933a,George Dean,maymichelle@example.net,859,Daily,40,Basic,1,0.5,Our IT team specifically called out how reasonable the renewal cost on the API was.,0
ba6ed74c-0424-4160-8cd3-53d70f093664,Jonathan Lee,gillcourtney@example.org,533,Weekly,12,Basic,12,0.37,We are locked out of the search feature again during this quarter - this keeps happening.,1
2a8cbb73-9e48-45cf-aa9c-d9ce7da1040f,Deborah Howard,jonathanalexander@example.net,186,Weekly,30,Basic,2,0.08,We are locked out of the billing system again during this quarter - this keeps happening.,1
90e27faa-beae-48b0-bcf4-cb6d20ddb260,Christian Barnes,gward@example.com,287,Weekly,13,Basic,1,0.45,Our whole department can't keep absorbing the cost increases on the notification system seen over this quarter.,0
a6a54f57-4da7-43e6-b967-f2c8d079d6e7,Carrie Wright,bmartinez@example.com,676,Daily,48,Basic,1,0.54,"The integration performs adequately for a 40-person team, though there's room for polish.",0
34f971c6-c977-4cae-8a20-d760290f9408,Amy Townsend,brownpatrick@example.net,730,Daily,95,Enterprise,1,0.64,Support has been fantastic whenever our finance team has reached out over the past quarter.,0
33a3c2cd-4276-4e4c-9dcf-8a89006ac173,Christina Sharp,david09@example.org,630,Rarely,8,Basic,1,0.19,The reporting dashboard continues to exceed our procurement team's technical expectations after the past quarter.,1
77c85a81-0559-406b-8ac6-12531204cb9c,Kevin Foster,gloria13@example.net,801,Weekly,47,Basic,1,0.99,The ROI on the permissions system has been obvious to our engineering lead since the last few days ago.,0
6eb33186-8e5b-4978-885b-44733fdcc765,Andrea Williams,edwardpearson@example.net,242,Weekly,5,Basic,2,0.1,The renewal price increase on the export tool is hard to justify given what a 40-person team actually uses.,1
c1a55213-45fb-4770-bd4a-5e39b6819569,Michael Myers,fmitchell@example.com,826,Daily,45,Pro,0,0.47,Our IT team has been consistently happy with the service over recent weeks.,0
bac1313d-ab01-4a64-ab4a-ccbd0d126437,Thomas Thomas,raymondstevens@example.net,99,Rarely,7,Basic,0,0.19,Pricing hasn't been a deciding factor for our whole department over the last billing cycle.,1
b3c10bd4-f26c-4163-b54c-33dc2c1bef16,Tara Smith,jack16@example.org,883,Daily,44,Pro,0,0.34,"Given what a 40-person team gets, the pricing on the API feels very fair.",0
57cb375e-866c-4426-b934-2ff5920ebe87,Rebecca Diaz,dominicedwards@example.com,29,Weekly,2,Enterprise,0,0.43,Our account manager here has been consistently happy with the service over several days.,1
5ea6a4e5-ba7c-448d-824b-9747fa5ca158,Margaret Andrews,tranbrianna@example.com,606,Weekly,1,Enterprise,10,0.01,The audit log has been broken for the past few sprints and it's affecting a distributed team.,1
24604a8c-354a-443f-bc5a-fa83cc2b9787,Dr. Amy Dodson,wsalazar@example.net,79,Weekly,55,Enterprise,0,0.68,"Our procurement team hasn't flagged cost as an issue for the mobile app, but hasn't praised it either.",0
1f99c710-5cfa-46ca-9343-73bbc7ce49ed,Joseph Noble,porternicholas@example.com,64,Weekly,26,Pro,5,0.23,Our account manager here renewed without hesitation - the price-to-value ratio on customer support is hard to beat.,1
f5c1ea95-09ef-44f8-9b84-af4e4366699c,James Gibson,debbie63@example.org,340,Rarely,5,Pro,1,0.89,"The mobile app does what it needs to for multiple business units, aside from the occasional broken links.",1
614b6f0d-0522-4f53-a03b-b2c1ba702e7a,Karl Watson,galvanalbert@example.net,451,Weekly,36,Basic,3,0.65,Dashboard glitches on the API has been a recurring headache for the last few days.,0
1ea3d9c0-cd92-4318-87ac-4de62ce475e7,Donna Terry,rodriguezalexis@example.org,663,Weekly,54,Pro,3,0.47,Customer support's pricing has stayed fair even as a growing team scaled up usage over the past few sprints.,0
cb1eee73-c3ce-4891-a85c-6be867671f64,Abigail Wallace,ashleegarza@example.org,804,Weekly,8,Pro,3,0.2,The onboarding flow is serviceable for multiple business units; dashboard glitches shows up occasionally but rarely blocks us.,1
7cd0ed91-cb09-47aa-91b0-b6d978731ad3,Evelyn Johnston,juliejames@example.net,878,Daily,107,Basic,0,0.52,A small team has had zero technical issues with the collaboration tools over the last onboarding round. It just works.,0
573ff1d5-34d4-4eb1-86e4-bbb3211d953e,Maria Hill,leslieperez@example.com,223,Daily,51,Pro,0,0.01,The analytics module has been broken for the past few sprints and it's affecting our whole department.,1
446c6823-f040-40c6-a55a-67868e053189,Cheyenne Trevino,kellieswanson@example.net,316,Daily,31,Basic,1,0.44,This is the fourth time the last onboarding round we've had trouble with the notification system.,0
6d3f1580-6ad2-412a-97c8-3923e31bda57,Charles Collins,rosslaurie@example.com,397,Daily,73,Basic,1,0.52,Our procurement team called the pricing on the workflow builder a pleasant surprise after recent weeks of use.,0
0255b53e-cc2d-4ab6-8a3a-51a24f20f284,Gabriella Robinson,colleen80@example.com,417,Weekly,37,Pro,9,0.46,Our engineering lead was impressed the notification system handled the last few days of peak usage without issue.,0
7d24b6a2-b63c-41e2-900d-192a796763cf,Autumn Mclaughlin,ilynn@example.net,349,Daily,23,Basic,4,0.99,A growing team can't keep absorbing the cost increases on the onboarding flow seen over the past year.,0
8eef7a12-bb93-40f2-9ee1-0735993c8557,Scott Arias,randolphtheodore@example.net,976,Weekly,28,Enterprise,2,0.74,Our ops lead feels like an afterthought compared to how things were this week ago.,0
6d151099-5dc2-4248-bf6d-9fe50dd9cb8a,Melinda Mcdaniel,noahjohnson@example.net,736,Daily,52,Enterprise,4,0.88,"A general status update from our ops lead - no issues, no notable wins over the last onboarding round.",0
575f0feb-51a7-4f1c-8f54-f78dde9a7c07,Rachel Rodriguez,rodriguezeric@example.com,853,Weekly,21,Basic,1,0.78,A distributed team has felt genuinely supported by your team throughout the last two weeks.,0
3ef2024d-a8b8-4c00-9f35-62c3ee2fdf52,Martin Phillips,matthewjones@example.org,993,Daily,104,Enterprise,2,0.99,Support has been fantastic whenever our finance team has reached out over the last two weeks.,0
14fefd74-a530-4e56-937e-56975861d721,Lisa Johnson,youngdonna@example.com,1083,Daily,48,Basic,0,0.57,"We've escalated API timeouts on the mobile app fourth time now, still no resolution.",0
53146306-421e-48a1-b180-6640bdb74ef7,Benjamin Barnes,nferguson@example.net,734,Daily,27,Pro,1,0.25,The performance of the analytics module has been excellent for a small team throughout the last billing cycle.,0
ea73ed24-a7f1-4508-863b-4f78b4ad4cf4,Miranda Lopez,rickyreyes@example.net,168,Weekly,18,Enterprise,2,0.33,The support experience for our whole department has gotten noticeably worse over the last two weeks.,0
04ac8d17-ed25-457a-a5ca-9883ec282020,Patricia Curry,brookvale518@example.net,19,Rarely,9,Basic,0,0.33,We reported integration failures on the permissions system several days ago and it's still unresolved.,1
e5d6602a-d1f8-49e1-b21d-c01b5033166c,Michael Hester,walkerjoseph@example.com,401,Daily,48,Pro,2,0.48,Our procurement team called the pricing on the billing system a pleasant surprise after several days of use.,0
4d8f3576-bdf8-408e-81a2-da4e8e4b54e1,John Dean,murraynicole@example.net,997,Daily,69,Pro,1,0.33,Our department head compared against another provider in this space and the pricing is roughly in line.,0
863662f4-c576-4533-ae89-7bc629055c97,Thomas Warren,carmenbaker@example.com,144,Daily,103,Pro,3,0.82,The onboarding flow scaled smoothly as multiple business units grew over several days.,0
0e773f8d-b9ab-42cf-9b6d-69e81a26ecad,Daniel Munoz,nmartinez@example.org,68,Weekly,17,Basic,0,0.46,We are locked out of the audit log again during this quarter - this keeps happening.,1
e4d8cb11-da54-4a83-b582-d05e879c3bc9,Michael Adams,hodgelisa@example.org,487,Daily,108,Basic,1,0.45,"General feedback: the billing system is fine, API timeouts handling could be faster over the last six months.",0
d14763c3-50fc-4224-ab54-d3c320f7743c,Sarah Thompson,alisonbaker@example.org,306,Weekly,7,Basic,3,0.15,"Our engineering lead had a small question about the analytics module, support got back within the last billing cycle.",1
471cae73-b4de-4852-9044-117a9215c756,Kevin Meyers,angela36@example.com,306,Weekly,14,Enterprise,9,0.18,We are locked out of the API again during several days - this keeps happening.,1
b0fed901-e8fc-49ba-bab9-225264d4cab3,Antonio Fuentes,julieramirez@example.com,960,Weekly,1,Pro,0,0.17,Our ops lead expected better account management given how long we've been customers.,1
5410b383-cf8c-4ba2-9c21-7abbbb7f77dc,Danielle Edwards,mary29@example.org,798,Weekly,53,Pro,3,0.75,Our procurement team was impressed customer support handled the past month of peak usage without issue.,0
5867af4b-9ffc-43e5-9822-4c373349bb73,Michelle Stanley,petersonjessica@example.org,731,Weekly,21,Basic,0,0.55,Our engineering lead specifically called out how reasonable the renewal cost on the onboarding flow was.,0
cbff26ac-f64c-4491-8d4c-712a96154fa3,Michael Gray,susan63@example.com,39,Rarely,13,Pro,1,0.51,The permissions system has been rock solid over this quarter. our IT team is genuinely impressed.,0
ad16e39f-0830-442f-9707-9cc13ab20494,Hannah Martinez,lorimiranda@example.net,13,Daily,72,Enterprise,5,0.4,We reported login errors on the integration the last few days ago and it's still unresolved.,0
469afb72-1be0-47f6-aa31-91119f5e4636,Robert Walker,isabel53@example.org,887,Daily,81,Basic,19,0.54,This is the third time the past month we've had trouble with the analytics module.,1
2626aceb-e839-4117-af50-7d3f19bd4c2f,Danielle Salazar,ariasmelissa@example.org,785,Weekly,35,Basic,3,0.4,"The notification system met expectations for a growing team across this week, nothing more to add.",0
fd736100-bb4a-4649-ab2c-eb46b9b4fe9b,Stacy Guerrero,lisa11@example.com,715,Daily,52,Pro,1,0.42,The onboarding flow continues to exceed our engineering lead's technical expectations after several days.,0
3bb96ae0-40be-426d-acac-c102abbd00dd,Jacqueline Proctor,freemanamy@example.net,229,Daily,56,Enterprise,1,0.39,"Our ops lead had a small question about the mobile app, support got back within the past quarter.",0
2056ccc7-9f3b-434c-ac83-2d69623e1af0,Wanda Stevens,hroberson@example.com,874,Daily,35,Basic,0,0.59,Our department head looked at a couple of competitor tools recently and honestly this is the better deal.,0
8126766c-68f8-4889-9a2a-b1e7d3959f33,Jennifer Howard,chelseawiggins@example.org,489,Daily,72,Basic,0,0.32,Our engineering lead is really happy with how stable the analytics module has been over recent weeks.,0
32742e37-84de-4c96-a444-1fe63a368fee,Tonya Glenn,melinda11@example.org,691,Weekly,28,Basic,1,0.41,The cost-to-value ratio on the analytics module just hasn't worked for a distributed team over several days.,1
ce0151dc-09d7-47c6-a6e4-f8b7552fb7d4,Patrick Johnson,david69@example.com,589,Daily,77,Basic,5,0.63,The onboarding flow continues to exceed our department head's technical expectations after this quarter.,0
3232ffb1-961a-458e-a9bf-38aa909e594f,Rebecca Perez,elijahjohnson@example.org,1026,Daily,64,Pro,3,0.25,Customer support has been rock solid over the last billing cycle. our finance team is genuinely impressed.,0
5d151d83-1393-4816-8c56-b01a7f37d2c5,Rodney Phillips,danielbrown@example.com,856,Daily,17,Basic,17,0.81,Integration failures on the onboarding flow has been a recurring headache for several days.,0
e55f6568-7103-45ef-bb43-32fb66b13104,Jose Robbins,sclark@example.net,785,Weekly,46,Pro,1,0.77,The support experience for a small team has gotten noticeably worse over the past few sprints.,1
c8f49f96-cad3-4be6-bde2-6422abc16e41,Lauren Martinez,castrothomas@example.net,871,Daily,57,Pro,1,0.87,Our account manager here is exploring whether the export tool could support a new workflow for multiple business units.,0
5efc9588-d61b-4ae3-abaa-2009e50fda95,Debra Williams,bishoppaula@example.com,792,Weekly,13,Pro,0,0.51,Our IT team asked how to set up conditional logic in the search feature.,1
dbacd3f7-43bb-4a8a-96a0-c85dfb53f97f,Stephanie Burke,hcross@example.com,515,Rarely,2,Enterprise,1,0.15,It shouldn't take recent weeks to get a simple response from your account team.,1
e6c56e3c-2b4a-4324-93e4-58bcc29ce9ba,Jason Taylor,laura33@example.com,341,Daily,45,Pro,0,0.36,Our department head asked a routine question about permissions in the integration.,1
22873ed7-cc4e-4c93-b540-c9627b2a581c,Katrina Lambert,rleon@example.com,188,Daily,83,Enterprise,4,0.51,Our ops lead specifically called out how reasonable the renewal cost on the onboarding flow was.,0
14062c19-bde9-4194-93f5-958b58609418,Jeremy Reed,alejandrobeltran@example.org,92,Daily,15,Enterprise,7,0.42,The per-seat pricing has become a real budget problem for a distributed team over this quarter.,1
6c65eb5a-0db1-45a3-9c91-9018aaabe206,Aaron Simmons,allenmeghan@example.net,859,Weekly,51,Pro,0,0.44,"Over the past year, the mobile app has neither impressed nor disappointed our IT team.",0
ffa2a034-9815-4714-8cd6-6dbb34089cf6,John Collins,acooper@example.com,506,Weekly,15,Basic,0,0.77,Our engineering lead was impressed the notification system handled several days of peak usage without issue.,0
6ac0b1ac-484f-4505-bae3-2f603cd62c77,Jason Banks,allensteele@example.net,950,Weekly,55,Pro,1,0.38,"General feedback: the workflow builder is fine, data export bugs handling could be faster over recent weeks.",0
61d8123e-8ec2-439e-a440-874e753026f2,Pamela Thompson,angela19@example.com,423,Weekly,59,Basic,0,0.43,A distributed team has had an unremarkable but functional experience with the search feature lately.,0
d33f4db7-2250-4cf9-838c-101f1da9c5c3,Ryan Lang,jillian84@example.net,284,Daily,102,Basic,0,0.57,"The onboarding flow performs adequately for our whole department, though there's room for polish.",0
ae735157-bcc8-42bb-b3c0-c330eaee9e3f,Veronica Morris,elizabeth73@example.com,587,Daily,73,Basic,3,0.74,The notification system handles a growing team's workload without a hitch. No complaints on the technical side.,0
3c4a9a51-5001-46ff-8bc2-e2f5ebedb158,Jason Ramirez,alyssaphelps@example.org,753,Daily,52,Basic,1,0.01,"The API performs adequately for a growing team, though there's room for polish.",1
d1315f38-fb47-4fe0-a8b9-d61e9e6e7230,Melissa Johnson DDS,astuart@example.net,498,Daily,18,Pro,0,0.36,Our account manager here specifically praised how responsive support has been over the last onboarding round.,1
118da052-7436-41de-bcb5-16e81888a773,Emily Boyd,duartelisa@example.com,794,Weekly,31,Enterprise,1,0.46,Our IT team is happy to keep paying for the admin console - it pays for itself many times over.,0
5fc44996-41c1-4a9e-8b04-2821af4e7b15,Christopher Booth,taylorbriana@example.com,524,Weekly,40,Enterprise,1,0.59,Is there a way for a distributed team to bulk-export records across projects in the export tool?,0
b4d353fd-640a-471f-9e20-354bea50115a,Jennifer Orozco,frederick40@example.org,853,Daily,52,Basic,2,0.6,Our account manager here budgeted more for the notification system this cycle and considers it money well spent.,0
679861d3-6b81-42c2-a7da-0fe483fad492,Alison Cole,smithrobert@example.com,1070,Weekly,28,Enterprise,4,0.54,The audit log handles our whole department's workload without a hitch. No complaints on the technical side.,0
702186e9-d98d-4dea-8e2a-5b285271c765,Joseph Gallegos,egonzalez@example.com,872,Weekly,32,Basic,4,0.33,Nobody has responded to our complaint about notification delays on the onboarding flow in the past few sprints.,1
b355e008-941d-45b6-8f31-071a9d3d37dd,Christopher Miller,thomasdustin@example.com,889,Rarely,5,Basic,0,0.55,"Our engineering lead had a small question about the permissions system, support got back within the past quarter.",1
60242ee0-cfce-4d96-8e4c-e75eb3c7dbf0,Sandra Smith,pmiller@example.net,475,Rarely,9,Pro,0,0.5,"General feedback: the workflow builder is fine, integration failures handling could be faster over the last onboarding round.",1
af17ec19-0b21-436c-9ab8-61c45b1df4e7,Alexander Valenzuela,khernandez@example.org,390,Rarely,13,Basic,1,0.24,The third outage of the billing system in the last two weeks is starting to erode our trust.,1
cc86ae53-4612-405f-9d87-7b0066d8e6d2,Kenneth Savage,wujoel@example.com,787,Daily,17,Basic,1,0.64,Our IT team is close to recommending a rival platform purely on cost grounds.,0
7c35843d-668f-44ed-8d2c-30780672b448,Paul Williams,radams@example.com,708,Daily,97,Enterprise,3,0.4,"Even under heavy load, the reporting dashboard held up well for a distributed team over the last six months.",0
a6b53213-09f0-4f7b-96f5-e375801d6f56,Chris Perry,james29@example.com,1076,Daily,49,Basic,12,0.8,"We've escalated sync failures on the export tool sixth time now, still no resolution.",0
0d564eaa-d696-446b-85aa-9da1408d44ec,Sandy Smith,victoriawilliams@example.net,805,Daily,49,Basic,3,0.99,"Our account manager here logged one instance of report generation errors on the reporting dashboard during recent weeks, resolved quickly.",0
62c065e2-b08b-419c-8f78-521d75e0c7d5,Jeremy King,robinsonreginald@example.net,984,Daily,44,Pro,0,0.32,Our finance team specifically called out how dependable the analytics module has been over this week.,0
8fbcb210-dc0a-403e-abca-15fcc9ed389d,Laurie Castillo,schmidterik@example.net,814,Weekly,7,Enterprise,1,0.43,The value a 40-person team gets from the reporting dashboard hasn't kept pace with what we're now paying.,1
4c692aca-2c77-4aa0-9110-27c91a3cd7bf,Daniel Soto,yarnold@example.net,511,Weekly,32,Basic,2,0.77,Our procurement team specifically called out how dependable the collaboration tools has been over the last two weeks.,0
96bdabc8-c7a1-4dee-80b3-e51682480139,Felicia Collins,walkerjoshua@example.net,442,Weekly,6,Enterprise,0,0.75,Our IT team asked how to set up conditional logic in the audit log.,0
b1f77a21-67f8-4e2e-9af8-e436f93ba007,Christopher Mills,farmermicheal@example.com,999,Rarely,8,Pro,1,0.16,The integration failures problem on the workflow builder has cost us real time over the last two weeks.,1
cef43bda-32a0-4d04-b0c4-b75cf289d3e9,Jeremy Boyd,jball@example.com,822,Daily,34,Basic,7,0.64,Our IT team migrated a big workload onto the permissions system and it performed flawlessly.,0
944fece2-bad7-4ffd-a218-5e1f9e4f2315,Alexandra Garrison,grahamdaniel@example.net,851,Daily,98,Basic,0,0.24,The reliability of the search feature over the past quarter has genuinely earned our account manager here's trust.,0
d38d23b5-52d1-43d5-9343-ec63bfbda89e,Vanessa Hall,shawn15@example.org,1063,Rarely,10,Basic,4,0.2,Support acknowledged the permission errors on the notification system but the last two weeks later it's still broken.,1
1d513465-0ab0-46cd-9edd-152d78ec6c86,Adam Solomon,ljones@example.net,840,Rarely,4,Pro,2,0.81,A distributed team has come to rely on the analytics module precisely because it never breaks.,0
3bb4db0e-98d0-4f7f-b5f8-5bde11410266,Zachary Weeks,obarton@example.org,543,Weekly,5,Basic,9,0.19,The data export bugs problem on the API has cost us real time over the past year.,1
53e88ceb-9203-42de-a360-a321fdaa6d25,Adrian Hill,christopherrivera@example.net,515,Daily,65,Basic,0,0.24,The ROI on the integration has been obvious to our engineering lead since the past few sprints ago.,0
6c4b554d-0962-47c9-9dc6-283d77285ea0,Leslie Jones,lgarcia@example.org,424,Daily,33,Pro,1,0.71,The audit log handles a 40-person team's workload without a hitch. No complaints on the technical side.,0
8e2e6166-2b02-4892-9777-13f00e5593fc,William Henry,rebecca61@example.com,408,Daily,115,Pro,1,0.4,Our finance team is close to recommending another provider in this space purely on cost grounds.,0
b6fe084d-fae1-46b2-8875-a6f8aa647cfc,Kevin Scott,tamaradavis@example.org,783,Weekly,45,Enterprise,7,0.27,"The collaboration tools crashed again this cycle, on top of notification delays from the past year.",0
1a9dd336-3be3-41ac-8005-f87d4231b169,Todd Mcdonald,wshannon@example.com,1084,Weekly,30,Pro,0,0.58,The search feature handles multiple business units's workload without a hitch. No complaints on the technical side.,0
f1f4c3a5-a3d6-4d5c-9920-3ebe6ead43dc,Jacob Beard,powelltraci@example.com,82,Daily,43,Pro,1,0.74,Overall a great experience for multiple business units working with your team over the past few sprints.,0
156742c4-418b-484b-9c5a-f1139ab30f24,Laura Anderson,wilsontracy@example.net,180,Weekly,13,Enterprise,2,0.14,This quarter of intermittent notification delays on the analytics module has really hurt our workflow.,1
d9aede81-9442-43e5-82d0-92232a12eeb3,Andrew Garcia,cdavis@example.net,276,Daily,48,Enterprise,0,0.83,Our account manager here feels well taken care of after the last six months as a customer.,0
fd45980d-2234-4d32-86c8-8a4a078ac61e,Kevin West,thomas78@example.com,902,Weekly,21,Pro,4,0.38,"Customer support met expectations for multiple business units across the past month, nothing more to add.",1
18ef917d-3aa7-4cdc-89a5-1bc6ca62e253,Richard Bennett,brandon57@example.org,596,Weekly,52,Basic,3,0.58,"A minor duplicate records on the permissions system appeared during the last few days, low impact overall.",0
dcd18555-c6d1-46a0-905e-2f3e0a3b250e,Charlotte Mills,nzamora@example.com,510,Daily,62,Basic,4,0.35,Nobody has responded to our complaint about duplicate records on customer support in the last two weeks.,0
c89fa040-f54b-43ab-838f-3e75040853b7,Michael Reyes DDS,zsnow@example.net,1001,Daily,52,Pro,10,0.5,The API timeouts problem on the search feature has cost us real time over the past few sprints.,0
0cdf53da-0f34-4bff-b8a1-0eeda6126d79,William Reyes,sierra23@example.org,21,Daily,73,Enterprise,2,0.99,Communication from your team has been inconsistent over the past month.,0
1b043560-a5e2-4390-9055-8aa86179eb9b,David Bass,cruzwayne@example.org,140,Daily,94,Basic,2,0.01,No strong opinion on cost yet from our procurement team - we'll reassess at the next renewal.,1
6d64172e-b2be-4f46-a3a1-499dd2e39712,Eric Thomas,kristypeterson@example.net,963,Daily,33,Basic,1,0.7,Our procurement team called the pricing on the mobile app a pleasant surprise after this quarter of use.,0
c78fe9eb-1c0a-4ec7-86cb-1e7c51cc2f76,Kyle Kirk,belindapeters@example.net,850,Weekly,8,Pro,17,0.12,Every time a distributed team relies on the notification system it fails us. several days has been rough.,1
13db5327-8da7-4ffc-8619-fb66b4648486,William Becker,ywells@example.net,354,Rarely,8,Enterprise,3,0.54,A 40-person team keeps getting passed between different support reps with no continuity.,1
db35606a-12ee-4011-bfb0-5d61d8a7c7e8,Emily Moore,jeffreymurphy@example.com,271,Daily,48,Pro,4,0.25,Our account manager here looked at a lower-cost competitor recently and honestly this is the better deal.,0
e32579a6-7106-401e-ac34-dbc11e105933,Kimberly Rivera,smithjanice@example.org,989,Daily,86,Enterprise,2,0.53,Our IT team is exploring whether the admin console could support a new workflow for our whole department.,0
84527130-0a7c-4930-ade5-fb5abed2f872,Jodi Adams,taylorgarner@example.org,892,Rarely,14,Pro,0,0.4,A small team has had zero downtime issues with the permissions system in this week.,1
e4fbb595-0761-4ff4-a05b-60a6a271e58a,Ian Ramirez,wilsondavid@example.com,583,Rarely,14,Basic,1,0.47,Our account manager here noted the price of customer support without much reaction either way over this week.,1
56e66a5b-9387-4c93-a983-80bab2a27ca4,Brian Norton,ortegaamy@example.com,919,Daily,45,Basic,0,0.48,"Just a routine check-in from our finance team, nothing specific to report over the last billing cycle.",0
736055a5-dea0-4395-b3fc-d9bf5aec185b,Joshua Barnes,jenniferturner@example.net,549,Rarely,2,Enterprise,2,0.31,Our ops lead has asked for a status update sixth time with no response in the last onboarding round.,1
3ca75061-27b6-4cd7-b931-80daa8632f45,Victoria Oliver MD,lisahorton@example.org,462,Daily,76,Pro,0,0.2,Our department head budgeted more for the export tool this cycle and considers it money well spent.,0
020031d8-1d70-46d9-b872-a44d389011bf,Penny Mcfarland,georgejackson@example.org,67,Weekly,36,Pro,1,0.32,Our finance team is happy to keep paying for the onboarding flow - it pays for itself many times over.,0
cf80ae4e-057a-4b2c-ae8e-33ac060b9b89,Angela Palmer,jennifer79@example.net,602,Daily,113,Basic,1,0.39,A 40-person team is a light user of the platform so hasn't formed strong opinions yet.,1
cd318ca9-555b-44ad-a6d8-11be6a2be2a2,Stephanie Scott,nkramer@example.org,150,Rarely,1,Pro,6,0.42,We reported broken links on the notification system the last few days ago and it's still unresolved.,1
ee572698-ae94-4933-9787-e587aa8ba111,Destiny Williams,amandasandoval@example.com,80,Rarely,9,Basic,10,0.57,The third outage of the permissions system in the past few sprints is starting to erode our trust.,1
607ec712-0223-41a3-a0da-59a5476ec530,Justin Pugh,carlosrobinson@example.com,929,Weekly,49,Pro,0,0.7,Our procurement team specifically called out how dependable the audit log has been over the past quarter.,0
519420fd-9399-4528-8442-988ccd7317b2,Melissa Campbell,christinablack@example.com,438,Weekly,55,Enterprise,6,0.46,Report generation errors on the mobile app has been a recurring headache for the past month.,1
ed50f54e-8e89-416e-9adc-662ebeaa5ca3,Sean Kane,scottedward@example.org,566,Daily,49,Enterprise,4,0.77,"A minor dashboard glitches on the search feature appeared during the past year, low impact overall.",0
2b473399-35f2-4cef-8801-7c5cbae94abb,Seth Rivera,bailey88@example.net,621,Daily,96,Basic,3,0.08,Our IT team is questioning whether the collaboration tools justifies its cost after the last billing cycle of use.,0
82d51e64-b358-46c6-8a38-c310f5991902,Daniel Smith,dlane@example.org,338,Daily,59,Pro,0,0.69,"Multiple business units has had a smooth, low-friction experience across the last six months.",0
cbd6fb71-62b6-4d62-a7ca-db180eb6bbee,Robert Thomas,pgarcia@example.org,554,Daily,80,Basic,1,0.44,We are locked out of the analytics module again during the last billing cycle - this keeps happening.,0
8dcbc6cc-4d23-4238-8aab-36d06ab585d8,Stephanie Booker,amandadaniels@example.net,658,Weekly,43,Basic,0,0.24,Our IT team compared invoices from the past month and the cost trend is concerning.,0
9be076dd-5693-4444-a564-a2a936568cb6,Tonya Wright,ayersjack@example.org,632,Rarely,3,Basic,0,0.54,Our ops lead was quoted a much higher renewal rate the last few days ago with no explanation.,1
acfb7d7b-9fb9-4010-8d9b-604618cfe5b3,Jared Hunter,jonathan26@example.net,676,Rarely,6,Pro,16,0.7,The past month of intermittent API timeouts on the API has really hurt our workflow.,1
83eb5a3c-9c45-412c-857d-4f2e4b6cd4db,Philip Burke,timothy14@example.net,234,Daily,96,Basic,4,0.84,"For the price, a 40-person team is getting far more value than our IT team expected.",0
8015de26-9c20-4766-8c88-823892487b43,Michael Gray,beverlygallagher@example.org,1075,Weekly,10,Enterprise,3,0.24,The pricing model for a distributed team stopped making sense to our procurement team around the last onboarding round ago.,1
2b487c69-8cd4-4a6d-9aad-b34966fd7f5c,Tyler Holland,dianarosales@example.net,87,Weekly,32,Basic,1,0.39,The subscription cost is more than justified by how much time the onboarding flow saves multiple business units.,0
6f13cacf-a5d8-4e54-bb3f-cb5ea3543447,Lauren Wright,barbara11@example.com,250,Weekly,12,Pro,0,0.08,The per-seat pricing has become a real budget problem for our whole department over the last two weeks.,1
93bbd895-7a41-4220-8688-e8102923f9b6,Joel Larson,richardhoward@example.org,74,Daily,54,Pro,0,0.59,Our department head looked at a couple of competitor tools recently and honestly this is the better deal.,0
c252d17b-1874-455f-9c16-5cbfe16a7275,Amanda Hawkins,andersonmatthew@example.org,149,Daily,106,Basic,0,0.52,Our account manager here called the pricing on the search feature a pleasant surprise after the last two weeks of use.,0
414e3ffd-5e85-4b2c-9841-f31480cc655b,Cindy Henderson,melissa06@example.org,325,Rarely,5,Basic,0,0.01,The reliability of the collaboration tools over the past year has genuinely earned our engineering lead's trust.,1
c90c16db-9a91-4afe-922c-6ffc7d8482f6,Mrs. Krystal Bradley PhD,brianerickson@example.com,538,Weekly,4,Basic,2,0.32,This is the sixth time the last two weeks we've had trouble with the admin console.,1
d62f45ed-362d-40ca-9b3d-9fb58c6163d4,Jessica Wright,julian94@example.org,1073,Daily,98,Pro,1,0.54,Our ops lead specifically praised how responsive support has been over the last two weeks.,0
010fa925-736f-462a-bb0a-fe6b22228423,Adrian Kelly,donaldbrown@example.net,612,Weekly,3,Enterprise,0,0.55,Budget conversations about the notification system have been low-key for our whole department over the past quarter.,0
50559294-1b58-4c5c-ae31-89b56529f4aa,Taylor Davies,uhunter@example.net,662,Daily,73,Pro,7,0.3,Our procurement team budgeted more for the permissions system this cycle and considers it money well spent.,0
d4507ccf-05f6-40fd-9415-8e502087f54a,Elizabeth Douglas,jjohnston@example.org,315,Rarely,1,Basic,9,0.48,Multiple business units has been blocked by failed uploads on the export tool for the past quarter.,1
1e5614f5-3b94-482f-839a-8b461c7ac66c,Bianca Ramos,jcontreras@example.org,186,Rarely,5,Pro,2,0.07,This is the sixth time recent weeks we've had trouble with the collaboration tools.,1
d195485b-252b-4a53-9cb1-6060eb4bf9dc,William Thompson,carpentersamantha@example.org,358,Daily,116,Enterprise,0,0.78,Our department head specifically praised how responsive support has been over this week.,0
13f85395-23a8-427e-b651-81082d3b4de8,Robert Braun,ythompson@example.net,1063,Daily,70,Pro,0,0.86,"Given what multiple business units gets, the pricing on the permissions system feels very fair.",0
a1705718-50a5-40e5-acef-d52ed7304dad,Wendy Martin,melissacastillo@example.com,1040,Weekly,19,Pro,1,0.35,"We've escalated report generation errors on the search feature fifth time now, still no resolution.",1
491df222-f428-4f7f-bc67-2d6d2b8ec2b6,Keith Frederick,andrew86@example.org,1071,Daily,58,Pro,2,0.74,Support response times have been unacceptably slow over the past few sprints.,0
4437a0fb-69d7-454b-8792-c6fc1fdbed30,Erin Allen,jamessolis@example.org,830,Daily,17,Enterprise,3,0.73,A 40-person team is a light user of the platform so hasn't formed strong opinions yet.,0
a15b3ce5-bb9b-4a1f-89cb-e51112de0db4,Elizabeth Williams MD,thomasreyes@example.net,581,Daily,93,Pro,10,0.94,This is the second time the last six months we've had trouble with the export tool.,0
fefe4751-c32a-4830-8fd8-5dec8368c59e,Richard Murphy,tgarcia@example.net,559,Rarely,2,Pro,3,0.79,The analytics module is serviceable for a growing team; sync failures shows up occasionally but rarely blocks us.,1
4de344c1-05cf-4147-9c61-bd0cbdf1fe71,Desiree Powell,kari58@example.com,543,Weekly,28,Basic,4,0.57,Our whole department has had zero downtime issues with the workflow builder in recent weeks.,1
2be27cdc-a205-454e-ad5f-efdec31538b1,Michael Leach,burgesstracey@example.net,1092,Daily,18,Enterprise,1,0.9,Multiple business units has felt genuinely supported by your team throughout the past quarter.,0
c72d7918-51d0-420d-b0cb-84596fba09a3,Lisa Morrison,welchphilip@example.com,208,Daily,40,Basic,0,0.57,Our account manager here looked at a rival platform recently and honestly this is the better deal.,0
8a0eddd8-db4e-43c5-869e-c7358d8798bc,Jesus Banks,karen34@example.com,426,Weekly,7,Basic,0,0.44,This is the sixth time this quarter we've had trouble with the integration.,1
58973692-d0a4-4be0-abd9-5085c37b8f4c,Adrian Bender,dennisadams@example.com,82,Daily,22,Pro,2,0.27,Every time a growing team relies on the export tool it fails us. the last six months has been rough.,0
f337c888-7eed-482f-9cbc-a95d138fef0f,Lisa Johnson,ybarrett@example.net,92,Daily,64,Basic,0,0.99,A growing team has come to rely on the reporting dashboard precisely because it never breaks.,0
1075b1ad-9335-42c8-a96d-15f3de0328fe,Laura Carter,suzanne16@example.org,428,Weekly,2,Basic,4,0.22,"Our account manager here had a small question about the permissions system, support got back within the last two weeks.",1
762f4235-07b0-4787-8d02-687ad4595641,Alexandra Petersen,silvastephen@example.com,615,Weekly,16,Basic,1,0.89,The admin console scaled smoothly as a 40-person team grew over the past month.,0
90b807a9-91b7-4b36-98d1-e466ab5247a7,Jacob Schmidt,jaredknox@example.com,1000,Daily,46,Basic,11,0.39,We reported failed uploads on customer support the last onboarding round ago and it's still unresolved.,1
a6044657-8c00-4091-8c8c-80ff00e29c20,Courtney Davis,smithjulie@example.net,99,Daily,111,Enterprise,0,0.76,Our procurement team asked how to set up conditional logic in the export tool.,0
8c82b911-d0c3-4132-958c-e386fcdb0a46,Christopher Gonzalez,watkinsmeagan@example.com,750,Daily,39,Enterprise,1,0.68,The overall experience over the last six months has just felt neglected for a distributed team.,0
1f7875e9-246b-4392-84f2-73497a7a17b4,Heather Smith,dhenry@example.org,360,Rarely,10,Pro,3,0.25,A distributed team has been blocked by duplicate records on customer support for the last two weeks.,1
ea576f91-fdbd-45c2-a799-b3bbc8d7227d,Tonya Taylor,lisa68@example.com,1010,Daily,52,Enterprise,1,0.72,We are locked out of the notification system again during this quarter - this keeps happening.,0
6cc3f6bb-36e7-4c9c-aa10-87ab52d61679,David Taylor,andersonjamie@example.net,485,Daily,47,Pro,3,0.43,"Even under heavy load, the integration held up well for our whole department over the last six months.",0
7c6cfdb7-510a-468a-a8f8-b264eaa34647,Dr. Christopher Ramirez MD,tinacooper@example.org,455,Daily,110,Basic,0,0.9,Our account manager here specifically called out how reasonable the renewal cost on the notification system was.,0
3c04ff16-f13f-4363-8564-14a285d5c644,Jasmine Rios,jessica70@example.net,171,Daily,50,Pro,1,0.44,"Over the last few days, the collaboration tools has neither impressed nor disappointed our finance team.",0
2e72b727-907a-4126-b618-c0429be15b94,Anthony King,anthonyosborne@example.org,56,Daily,53,Basic,2,0.24,"The workflow builder crashed again this cycle, on top of integration failures from the last billing cycle.",1
de463406-f03f-4939-b053-e8a319121c14,Thomas Campbell,williamsjennifer@example.net,459,Daily,40,Basic,0,0.71,Our IT team tested the workflow builder over the past few sprints and it performed about as expected.,0
c61326fa-89b5-48da-850d-967e17389014,Sheila Smith,jwatts@example.com,175,Daily,81,Basic,1,0.64,The subscription cost is more than justified by how much time the reporting dashboard saves multiple business units.,0
514d19ca-5484-45fa-b570-b4093cf41c22,Alexandria Wilkins,manningzachary@example.com,54,Weekly,39,Basic,2,0.67,The recent improvements to the reporting dashboard have made a real difference for multiple business units.,0
8745b61a-b56a-455d-a923-ab111df422b8,Audrey Sweeney,alexander07@example.com,437,Daily,69,Pro,1,0.98,Support has been fantastic whenever our engineering lead has reached out over the past quarter.,0
44f1d93f-f909-46a1-a27c-d6c873c636b9,Joshua Anderson,victor18@example.org,226,Daily,111,Enterprise,3,0.39,This week of intermittent session timeouts on the workflow builder has really hurt our workflow.,0
7d6eb38e-cfc1-4804-b915-3b1949a536b4,Samuel Wilkins,fyoung@example.net,327,Daily,49,Enterprise,5,0.65,A small team has had zero downtime issues with the billing system in the last onboarding round.,0
d32954e3-4ee8-462f-9456-e6d03c458ee7,Dr. Angela Barker,hardyluis@example.net,1088,Daily,63,Basic,0,0.38,Our engineering lead budgeted more for the admin console this cycle and considers it money well spent.,0
7744fb17-29c3-4faa-8164-f916e550ad41,William Miller,anthonymacias@example.com,169,Rarely,9,Enterprise,12,0.46,"The permissions system crashed again this cycle, on top of failed uploads from the last six months.",1
a98e4d4b-972e-4483-be5e-029d40eb7d7b,Matthew Chapman,gcline@example.com,209,Weekly,19,Pro,7,0.67,A small team has been blocked by slow load times on the API for the past few sprints.,0
a1813543-ac9f-45a2-86f8-01b1a005b0d7,James Delgado,klevy@example.org,1005,Daily,19,Pro,4,0.62,"The collaboration tools does what it needs to for a small team, aside from the occasional data export bugs.",0
3a0870e1-82ee-46cd-8c89-c7f84977e726,John Collins MD,novakdavid@example.org,522,Weekly,23,Basic,0,0.78,Our ops lead raised a concern the last few days ago and it fell through the cracks entirely.,0
48088f56-8181-4d74-88a2-54ec270268fa,David Long,kennethclark@example.net,56,Daily,49,Basic,1,0.37,The performance of the onboarding flow has been excellent for a small team throughout several days.,0
ce8f3e60-fd1e-40f2-897d-70518ebd9a69,Sarah Coleman,hector99@example.org,502,Weekly,58,Pro,4,0.99,Our finance team is happy to keep paying for the admin console - it pays for itself many times over.,0
24872eb5-653a-4632-8bb3-18920ac05082,Vanessa Taylor,fmontgomery@example.net,315,Daily,77,Basic,2,0.18,Our ops lead is mid-review on whether the subscription cost matches usage from our whole department.,1
2b1bd39f-e0c4-4651-bd75-68274982ba49,Samantha Rodriguez,holly86@example.net,201,Weekly,16,Basic,4,0.31,A 40-person team has had an unremarkable but functional experience with the audit log lately.,0
5b019888-82ec-4e35-ac0a-25386e58096b,Richard Adkins DVM,wolfemario@example.net,962,Weekly,41,Basic,10,0.47,Our finance team was impressed the permissions system handled the last billing cycle of peak usage without issue.,0
c2449b4b-e4c7-44f4-8a32-144cede7181f,Robert Flores,stephenharris@example.com,855,Weekly,25,Pro,2,0.99,The account team has been proactive and easy for our IT team to work with.,0
26a03963-72b9-40d5-a1ab-be2b895dd56b,Jenny Dixon,michelleriley@example.com,726,Daily,53,Basic,3,0.37,"The reporting dashboard met expectations for multiple business units across this quarter, nothing more to add.",0
d1c8561d-b368-4b31-bd35-1984daa902ef,James Palmer,nathanielmartin@example.net,42,Weekly,28,Pro,1,0.68,"General feedback: the workflow builder is fine, session timeouts handling could be faster over several days.",0
e7f2bd9e-7c76-4f1d-ad5d-382a48f0f12f,Joan Hansen,haydenharrell@example.com,956,Weekly,9,Basic,3,0.01,Our account manager here compared invoices from the last billing cycle and the cost trend is concerning.,1
380e9a69-25e9-4705-bbe9-65b9705e65cb,Andrew Beard,pmartinez@example.net,920,Rarely,4,Enterprise,1,0.55,Onboarding multiple business units was smooth and the team has been responsive since.,0
240c5325-effa-4d10-a915-4cfebebcbd2d,Laura Sanders,ithomas@example.com,156,Daily,32,Basic,9,0.51,Data export bugs on the audit log has been a recurring headache for this quarter.,0
76f76d55-9509-42d3-90ef-2a4d1caa0b07,Crystal Moss,maria00@example.com,612,Weekly,16,Basic,0,0.65,Support has been fantastic whenever our finance team has reached out over the last two weeks.,0
2a65e2ca-2214-42dc-a078-276a3c5e4a12,Hannah Price,pmclaughlin@example.com,865,Weekly,19,Basic,0,0.95,Our account manager here compared against a rival platform and the pricing is roughly in line.,0
2cd6638e-9e22-45fa-9cc3-852c02965962,Dorothy Rogers,zoebarnett@example.com,684,Weekly,3,Pro,2,0.33,The workflow builder going down during the past year caused real disruption for our whole department.,1
8bcaf6b6-1f73-4e75-8a15-beb2235fcb20,Timothy Jennings,hjohnson@example.org,564,Daily,54,Basic,0,0.27,Our IT team was impressed the search feature handled the past few sprints of peak usage without issue.,0
4f8f201c-bda4-4ee4-9e4d-c8790fa7861e,Kristin Washington,john72@example.net,22,Daily,118,Pro,0,0.93,Overall a great experience for a small team working with your team over this week.,0
f6404beb-d29c-4217-ae0a-3e0a384fd147,Michael Gutierrez,aaronfranklin@example.org,454,Daily,70,Basic,4,0.46,Every time a distributed team relies on the notification system it fails us. the last billing cycle has been rough.,0
9f9a0126-1099-4706-bbf6-815f25bfeba7,Thomas Bowman,sarabeck@example.net,155,Rarely,11,Pro,0,0.39,Nobody has responded to our complaint about sync failures on the admin console in the last billing cycle.,1
04398f54-3793-41e3-8933-ae4dfb507d7e,Jorge Nicholson,cluna@example.org,693,Weekly,54,Pro,11,0.55,The third outage of the API in several days is starting to erode our trust.,0
92725736-517e-4c65-aa4e-55bc94dee52d,Travis Vang,joshuagarcia@example.net,515,Daily,87,Enterprise,0,0.49,Our procurement team is happy to keep paying for the mobile app - it pays for itself many times over.,0
2c4c30d0-71b3-4dca-b7a1-7b8a4016a828,Derek Meza,qgarrett@example.com,502,Weekly,9,Enterprise,5,0.1,Every time our whole department relies on the mobile app it fails us. the last onboarding round has been rough.,1
719d1a37-babf-45ae-9ee6-3a75a80f774d,Loretta Brown,dpayne@example.org,505,Daily,27,Basic,1,0.99,The billing system handles a growing team's workload without a hitch. No complaints on the technical side.,0
e808f8cf-534b-4cc8-a2fe-b5054eba0e61,Jake Young,terrimiller@example.com,118,Weekly,5,Pro,1,0.56,No strong opinion on cost yet from our engineering lead - we'll reassess at the next renewal.,1
abaaf093-7ca4-4e68-8819-82df27781a88,Holly Zamora,ashley79@example.com,190,Rarely,4,Basic,1,0.01,Our department head noted the price of the onboarding flow without much reaction either way over the past quarter.,1
303d3497-3e81-4deb-99fb-49db637da0f3,Cindy Vazquez,ronaldcrawford@example.org,615,Daily,116,Basic,1,0.32,Our account manager here renewed without hesitation - the price-to-value ratio on the integration is hard to beat.,0
91b4e6de-c11b-4e82-b90c-5aff33ed09d2,Annette Maxwell,bcampos@example.net,506,Weekly,17,Basic,0,0.29,Our IT team is mid-review on whether the subscription cost matches usage from a growing team.,0
39713dd6-d615-42e9-b120-e9c17ac5568b,Jacqueline Mckinney,thomaselizabeth@example.com,179,Daily,103,Pro,0,0.87,Our IT team is close to recommending another provider in this space purely on cost grounds.,0
38aaa48b-badf-4d57-9b19-9aeffcaa86f2,Carlos Alvarez,jamie74@example.net,91,Daily,67,Pro,3,0.32,Every time multiple business units relies on the audit log it fails us. the past month has been rough.,0
cb36ac5c-55f0-4ef3-b97e-775d21887b05,Andrew Tanner,jeffreyreyes@example.net,253,Rarely,1,Basic,1,0.28,The cost-to-value ratio on the workflow builder just hasn't worked for multiple business units over the past few sprints.,1
15005131-5425-4cd0-8b1a-f62d2553758d,Dawn Schwartz,hreed@example.net,1036,Daily,93,Pro,1,0.56,"For the price, multiple business units is getting far more value than our procurement team expected.",0
d1c8be9a-c737-4c43-b5fd-d9e4538f8d36,Michelle Smith,benitezzachary@example.com,196,Daily,100,Pro,1,0.79,The export tool going down during the last six months caused real disruption for our whole department.,0
5eefa3e0-55fe-4f82-a56d-59991d683529,Johnathan Walker,peter41@example.net,854,Weekly,36,Enterprise,2,0.49,Everything from onboarding to support has gone well for a distributed team over the past month.,0
edfe722b-ed3a-4710-8d8f-efd21b422a2a,William Austin,christian12@example.net,832,Weekly,11,Basic,2,0.55,The permission errors problem on the notification system has cost us real time over the past few sprints.,1
13c6c5bf-2733-48f1-85cd-07be8b317737,Misty Richardson,millsmichaela@example.org,153,Weekly,1,Pro,18,0.49,This is the fourth time the past month we've had trouble with the analytics module.,1
60bbaa9a-b7c1-44d3-9455-92d1f7ca3d00,Traci Oliver,sarah87@example.org,269,Weekly,51,Basic,4,0.54,"Even under heavy load, the billing system held up well for a distributed team over the past month.",0
4d99a772-2cf0-482e-8350-874fcce15008,Mallory Mitchell,rhawkins@example.org,173,Daily,54,Basic,3,0.75,The billing system going down during the past year caused real disruption for a growing team.,0
a86ba5ba-2db5-43fb-a564-8af46dbb8026,Joanne Potter,kennethpeterson@example.org,876,Daily,42,Pro,1,0.01,We reported slow load times on the onboarding flow several days ago and it's still unresolved.,1
7b1d8c58-bf0f-4b61-9fc8-666c5804e788,Jeffrey Meyer,mcdonaldsarah@example.com,582,Daily,43,Enterprise,2,0.99,Support acknowledged the broken links on customer support but the past quarter later it's still broken.,0
3312e39e-2895-4a5d-b450-6ebd20a04710,David Roth,qandrews@example.org,27,Daily,108,Basic,4,0.77,"Our IT team had a small question about the export tool, support got back within the last billing cycle.",0
d6b9a28c-7725-4d35-a3e2-0df3910f9eab,Keith Shaw,laurajimenez@example.org,854,Daily,32,Basic,0,0.99,Nobody followed up after our ops lead flagged this issue the last two weeks ago.,0
d6af5e47-852b-40e5-bdd3-39c913168b58,Michelle Abbott,christopherhanson@example.net,676,Weekly,4,Pro,0,0.43,Our finance team is exploring whether the workflow builder could support a new workflow for a distributed team.,1
86fbf354-d75b-4abe-8d17-1b3899b7a002,Robert Russell,ocarr@example.net,485,Rarely,4,Enterprise,0,0.13,We reported session timeouts on the mobile app the past month ago and it's still unresolved.,1
aa15dd10-8971-4eae-94c6-d869997530d6,Jennifer Cobb,rscott@example.org,752,Daily,25,Basic,6,0.99,Our account manager here specifically called out how dependable the workflow builder has been over the last six months.,0
e79ae224-a99a-4bbb-9e85-4188ee2ea91a,Cheryl Bennett,ashleyjohnson@example.com,628,Weekly,4,Pro,6,0.01,Broken links on customer support has been a recurring headache for the past quarter.,1
be1b512f-d7a9-43b2-9f5f-0dbcc2798d30,Robert Payne,skycoral204@example.net,901,Daily,59,Pro,3,0.39,The recent improvements to the collaboration tools have made a real difference for a growing team.,0
6161c7bd-0d69-49fa-ac51-e54375ff766a,James Morrison,phillipszachary@example.org,700,Daily,21,Pro,2,0.01,Support acknowledged the login errors on the search feature but several days later it's still broken.,1
13e10779-0688-4f57-b7d7-c59f012f7e58,Mrs. Catherine Diaz,christinalozano@example.org,596,Daily,38,Pro,0,0.66,Our ops lead is really happy with how stable the API has been over this quarter.,0
2b034933-9c87-46bc-9e8b-d118539f3df1,Jennifer Adams,valeriebates@example.com,450,Weekly,14,Pro,2,0.21,This is the fifth time the last two weeks we've had trouble with the reporting dashboard.,1
3a136202-5711-416d-84e8-69f9b29a89eb,Carlos Robertson,alicia19@example.net,123,Rarely,2,Basic,2,0.25,We've had repeated integration failures on the integration for recent weeks now with no real fix.,1
059cad09-e35e-40bc-8a81-c81316686583,Ralph Huang,brent63@example.net,826,Daily,43,Basic,2,0.82,"Cost over the past month is about what our engineering lead expected - no complaints, no major praise.",0
333b408c-ba80-46ee-a294-49f801b18f2e,Sheena Cooper,xray@example.net,703,Daily,35,Basic,0,0.55,Our finance team specifically praised how responsive support has been over the last few days.,0
b970238f-6b25-4449-af1a-5235e72b78ba,Linda Cook,kathryn37@example.net,518,Weekly,6,Basic,0,0.41,"Our engineering lead hasn't flagged cost as an issue for the workflow builder, but hasn't praised it either.",1
41d564a1-84eb-4cf2-b2ae-827a27466413,Michael Gonzalez,andrea85@example.org,318,Weekly,7,Enterprise,7,0.06,"The audit log performs adequately for a small team, though there's room for polish.",1
41933c53-d8bb-4abd-8910-ab2a5018ea0b,Brianna Ramsey,huangbrittany@example.com,605,Weekly,9,Pro,3,0.14,"A small number of duplicate records on the API came up over the past few sprints, nothing urgent.",1
9a9eac8a-dc87-4d14-92c2-8c7d657e528c,Frank Blair,banksjeffrey@example.org,541,Daily,92,Pro,3,0.46,The export tool has been broken for the past month and it's affecting a distributed team.,0
2c37d015-4eba-475a-84e7-383cf7e953ef,Laurie Thomas,pdavis@example.net,925,Weekly,3,Basic,0,0.44,Support has been fantastic whenever our IT team has reached out over the last billing cycle.,1
677f62e3-795e-4ed2-bde5-9ef3f1a9585b,Jordan Smith,christophergreen@example.net,67,Daily,77,Pro,3,0.49,We reported dashboard glitches on the integration the last six months ago and it's still unresolved.,0
ec73d3a7-6647-41f4-82f2-7d48b14f1c91,Jenna Ochoa,becky52@example.com,721,Daily,94,Pro,1,0.36,This is the second time the last onboarding round we've had trouble with the export tool.,1
029324c2-715b-4452-9c2f-e849a9905e32,Joseph Martin,jason91@example.net,906,Weekly,8,Enterprise,0,0.66,Our whole department can't keep absorbing the cost increases on the mobile app seen over the last billing cycle.,1
681b18d0-07e5-41a3-8200-ce7427cc874a,Curtis Vaughn,henry21@example.com,1092,Weekly,18,Enterprise,1,0.4,The permissions system continues to exceed our procurement team's technical expectations after the last few days.,0
81b23a54-521c-4ead-b9a4-396c9bde4da5,Bryan Murray,gillnatalie@example.com,420,Daily,48,Pro,0,0.52,Our account manager here is frustrated that basic requests have gone unanswered for the last six months.,1
f86151bf-0766-47b2-bf81-a1b54b015f25,Rita Banks,marshallrebecca@example.org,691,Rarely,8,Pro,17,0.59,The audit log going down during the last onboarding round caused real disruption for a distributed team.,1
1d46ae9d-c811-49dd-bef0-fe59efb81de5,Denise Pineda,gibsonchristopher@example.net,716,Weekly,41,Enterprise,1,0.68,Our procurement team feels well taken care of after the past quarter as a customer.,0
ec618f98-64df-4802-bf7c-5f6e5ee62e84,Brittany Perez,gabriel37@example.org,792,Daily,26,Basic,3,0.83,"For what we pay, our department head expected a lot more from the integration.",0
32472774-eaed-4ee6-aef4-85d8eb98688a,John Alvarez,kevinodonnell@example.com,588,Daily,43,Pro,8,0.72,Our department head was impressed the onboarding flow handled the last few days of peak usage without issue.,0
1886f2c7-8cd8-4f69-a8e5-7a51ee26ea8b,David Martinez,changmichelle@example.com,843,Weekly,19,Pro,0,0.27,We reported sync failures on the billing system the past few sprints ago and it's still unresolved.,1
9d07411b-16e7-4325-b245-f20e3ad45858,Tina Smith,rmoran@example.org,531,Weekly,55,Basic,3,0.74,The pricing model for a growing team stopped making sense to our finance team around the past few sprints ago.,0
b4dafe4a-5fb9-4fe8-807f-9f0a2774612d,Joshua Miller,arianajames@example.net,503,Daily,59,Basic,13,0.21,We are locked out of the integration again during the past month - this keeps happening.,1
49151ef7-102c-4a62-b00f-6044881f42b9,Joshua Simon,lalvarez@example.org,324,Weekly,29,Basic,0,0.57,We've had repeated data export bugs on the analytics module for this quarter now with no real fix.,0
e74c296f-45e9-4334-b7fe-d271dccc70af,Kenneth Watkins,amitchell@example.org,749,Daily,47,Pro,1,0.53,The audit log has been broken for several days and it's affecting a growing team.,0
3afb01fc-dd8b-4776-90ae-93f1354b3af0,Dean Reed,garybean@example.com,640,Weekly,11,Enterprise,0,0.18,Billing on the onboarding flow keeps creeping up and it's hard to see the added value over the last onboarding round.,1
f36467fe-248d-415f-9f06-b1c9e64dbc06,Adam Hernandez,kelli17@example.net,732,Daily,89,Enterprise,1,0.41,Our department head asked how to set up conditional logic in the workflow builder.,0
14889d5e-4beb-4749-9658-9b5d18048d3c,Anthony Clayton,jessica68@example.com,61,Weekly,27,Basic,4,0.81,The integration continues to exceed our procurement team's technical expectations after several days.,0
a24f04c2-1d02-4fc9-b983-09e294195376,Jane Williams,josephjones@example.net,489,Daily,60,Pro,1,0.91,Our department head would recommend this to other teams after recent weeks of good experience.,0
fa036a1d-0e9c-45a7-9c36-9c8cff7ac442,Hannah Knight,robertharrison@example.net,793,Weekly,30,Pro,0,0.78,No strong opinion on cost yet from our finance team - we'll reassess at the next renewal.,0
5d4bf13b-10ff-4ff1-8a04-d82bb9ef034a,Ronald Irwin,kharvey@example.org,26,Daily,43,Basic,9,0.61,Our department head tested the admin console over the last few days and it performed about as expected.,0
2cc8885f-fccc-4653-895f-e5629d44f2b4,Zachary Thompson,bridget64@example.com,589,Weekly,34,Pro,2,0.7,Our whole department has had zero downtime issues with the search feature in this quarter.,0
55c32114-f8d2-4b4c-8032-c6c2866ed1bc,Jorge Marsh,sarahfisher@example.net,396,Daily,56,Enterprise,2,0.82,Our department head wanted to confirm the export tool's roadmap for the next the past year.,0
40708f77-a899-4596-b730-36932f99ad4f,Felicia Flowers,stephanie55@example.com,251,Rarely,2,Basic,9,0.29,Every time a 40-person team relies on the billing system it fails us. several days has been rough.,1
62afc059-560c-4361-9161-358bf1dcc7d3,John Vaughn,jennifer96@example.org,1073,Daily,73,Pro,0,0.37,Our department head appreciated the proactive outreach from your side over this quarter.,0
90ca3045-1c33-4ecb-b2eb-108fc27dd37a,James Martinez,leslieking@example.org,531,Daily,85,Enterprise,1,0.83,Our whole department has come to rely on the collaboration tools precisely because it never breaks.,0
92f360ff-f0ac-4b86-9cda-368afa6e7f5a,Tonya Jordan,loganrenee@example.com,726,Daily,91,Pro,2,0.36,"The integration works fine overall, though we've noticed a few integration failures over this quarter.",0
0aee88eb-1ca9-4203-958e-fdeae7645c3f,Gabrielle Thomas,smithana@example.org,655,Daily,55,Basic,0,0.68,Overall a great experience for a 40-person team working with your team over the last six months.,0
5b9d9173-451d-4be6-a100-a5cdaef839ed,Gabriella Mcfarland,reidhannah@example.com,391,Daily,43,Pro,0,0.89,"Even under heavy load, the integration held up well for a 40-person team over this quarter.",0
d47ba6b9-4ea0-4cf8-85a9-de4c3ceb62ae,Sara Martin,carlosacosta@example.com,606,Weekly,9,Basic,0,0.12,Our department head flagged that at least two other vendors offers similar customer support functionality for less.,1
39f41e91-7373-4da4-bcca-4465e7487568,Dana Allen,ojones@example.com,431,Daily,54,Pro,0,0.41,Several days of intermittent dashboard glitches on the search feature has really hurt our workflow.,0
2e255cae-023f-4d4b-ba6f-e7e24ffe2933,Wyatt Davis,hilljeffrey@example.com,42,Weekly,34,Basic,2,0.55,The third outage of the collaboration tools in this week is starting to erode our trust.,0
9f440fcd-77a1-4217-9404-99813e3ebff9,Jason Brown,raymondmcdowell@example.net,342,Weekly,6,Basic,1,0.52,We are locked out of the billing system again during the past few sprints - this keeps happening.,1
1bb543c5-6372-43c3-8d0d-1ebd1847e05d,Tina Perez,nguyenkara@example.org,1081,Rarely,3,Enterprise,2,0.21,"The permissions system crashed again this cycle, on top of broken links from the last six months.",1
cdb7d5ab-971a-4700-8273-7632cf4a0867,Michael Gonzalez,salazarkristie@example.com,137,Daily,48,Pro,2,0.49,The relationship between a growing team and your team has only gotten stronger over the past year.,0
79d82775-6d59-4d5d-9d9e-c8be989f6084,David Ryan,jlittle@example.org,584,Daily,44,Basic,1,0.41,Customer support continues to exceed our engineering lead's technical expectations after recent weeks.,0
65962fd6-4832-4a3a-948c-c9986e94735b,Pamela Smith,michael32@example.net,983,Weekly,11,Basic,0,0.43,Our ops lead was quoted a much higher renewal rate this quarter ago with no explanation.,1
e68aa420-2ef8-4872-8c29-12ccc655414c,Daniel Jones,gmccoy@example.net,1025,Daily,77,Basic,1,0.7,The recent improvements to the workflow builder have made a real difference for multiple business units.,0
042c28df-e6b9-4bdb-a96c-5366d970d6e7,Brandon Padilla,seanhamilton@example.org,874,Daily,70,Basic,3,0.28,"General feedback: the billing system is fine, report generation errors handling could be faster over the past few sprints.",0
9948e3bf-cd53-4500-8552-e42b7c0c505e,Ronald Huff,ojohnson@example.net,228,Daily,15,Pro,0,0.93,"Our department head logged one instance of duplicate records on the billing system during the past quarter, resolved quickly.",0
4e8e9811-6d29-468b-8a35-bdd0dc5efa64,Samantha Cole,timothyrodriguez@example.org,901,Daily,20,Basic,0,0.28,The onboarding flow scaled smoothly as multiple business units grew over the last billing cycle.,0
528c73e1-decb-483c-83a9-b77687b741f2,Paula Hale,cindy10@example.com,82,Daily,17,Pro,7,0.43,This is the fourth time the last billing cycle we've had trouble with the billing system.,1
3ba2d3ff-ffb1-4381-ad1a-a12f0530d5fa,Jacqueline Sampson,ulang@example.com,818,Weekly,43,Pro,1,0.26,Our finance team would recommend this to other teams after the past month of good experience.,0
5607c552-83bc-4a3c-ace3-6d7e6b4e33f4,Kim Jenkins,romeromatthew@example.com,49,Weekly,4,Enterprise,2,0.52,Our procurement team asked a routine question about permissions in the analytics module.,1
b07ba456-47b2-47a4-aaac-ded2da608c81,Anne Chang,michael71@example.com,86,Daily,23,Enterprise,0,0.32,Our finance team specifically praised how responsive support has been over the last six months.,0
b0505d65-899d-4958-b4ce-ea01f0f223ac,Bryan Contreras,joshuawilson@example.org,790,Daily,46,Basic,0,0.42,Overall a great experience for our whole department working with your team over recent weeks.,0
eec08576-3c68-49d7-81c0-2f44e12d6f83,Derrick Lee,amandalawrence@example.net,711,Daily,31,Basic,3,0.46,The renewal price increase on the notification system is hard to justify given what a 40-person team actually uses.,0
5e18c75b-9390-4b2a-8845-8ef5d4bdcc56,Matthew Reese,msalazar@example.net,574,Weekly,4,Basic,1,0.39,Our ops lead is still getting familiar with the permissions system after several days.,0
b7737e90-0f22-4130-b132-49f28cf6193f,Kayla Austin,vbyrd@example.org,839,Weekly,51,Pro,1,0.09,The workflow builder has been rock solid over the last two weeks. our IT team is genuinely impressed.,0
cc943bd9-4fdb-481b-8a84-601b9a2f6a14,Daniel Lara,vegalori@example.com,24,Weekly,51,Pro,1,0.62,"The export tool works fine overall, though we've noticed a few dashboard glitches over the last few days.",0
dd436d62-d082-4f53-878d-1c8741037a1c,Lisa Thomas,bradfordmegan@example.org,765,Daily,48,Enterprise,1,0.68,The recent improvements to the reporting dashboard have made a real difference for a small team.,0
f40003cc-6226-414f-a655-3c8bb0749604,John Powell,coopercheryl@example.com,635,Weekly,27,Enterprise,0,0.66,"The onboarding experience for a growing team left a lot to be desired, honestly.",0
0313e5fc-4e4f-4ce9-8244-1a5bc41ebc6d,Robert Lewis,martinezeric@example.org,764,Weekly,48,Basic,0,0.44,Every time our whole department relies on the integration it fails us. several days has been rough.,0
38bcb680-ae81-42c5-887a-aad2819dc15c,Erin Davis,victoriahart@example.com,860,Weekly,3,Basic,2,0.7,The audit log continues to exceed our account manager here's technical expectations after the past few sprints.,0
2a87c013-c358-4b18-908b-2a88d41a48ac,Alyssa Cunningham,sarahwaller@example.org,448,Weekly,30,Basic,0,0.66,The integration going down during recent weeks caused real disruption for a distributed team.,0
8ed72331-1307-4193-8214-33e642fa2f0f,James Glover,karenmiller@example.org,786,Daily,54,Basic,1,0.44,The API handles a small team's workload without a hitch. No complaints on the technical side.,0
4b5f5bc2-b940-4396-bb9c-2136bb8a1d04,James Mclean,eburns@example.com,151,Daily,63,Pro,3,0.47,The second outage of customer support in the last few days is starting to erode our trust.,0
5f8d0b85-6831-4880-b723-3e4edb38c33a,Zachary Keller,eric06@example.com,638,Weekly,3,Enterprise,1,0.22,A 40-person team has come to rely on the onboarding flow precisely because it never breaks.,1
0db47211-d2b5-43ef-961b-abc3914f576c,William Martinez,martin40@example.com,95,Daily,115,Enterprise,1,0.36,"For the price, multiple business units is getting far more value than our department head expected.",0
66308d6c-051f-4f28-9428-cc53580b91ff,Timothy Boyd,zkemp@example.org,28,Daily,48,Basic,2,0.45,The recent improvements to the audit log have made a real difference for a growing team.,0
f1d17bf4-cd89-4e5b-87a3-b4aab15b7e70,Virginia Dorsey,lindahall@example.com,1025,Weekly,24,Pro,2,0.71,Our department head is happy to keep paying for the analytics module - it pays for itself many times over.,0
05895bee-74db-4bd2-bcf9-fa3fd5b5e426,Eric Lawson,qking@example.com,1037,Daily,16,Pro,7,0.25,The export tool handles a small team's workload without a hitch. No complaints on the technical side.,0
4f495ec8-35ae-488c-bdbf-d6db40630c36,Ariana Ibarra,amyjohnson@example.net,1000,Daily,58,Pro,3,0.49,The API scaled smoothly as our whole department grew over the last billing cycle.,0
ee211b6c-a406-4389-ad7a-cb193edc02eb,Thomas Joseph,edwinmarshall@example.com,194,Weekly,6,Basic,3,0.14,The permissions system has been broken for the past few sprints and it's affecting our whole department.,1
94781df5-95aa-4e6b-9de5-e10bbd58c821,Scott Jackson,tracyolson@example.com,763,Weekly,28,Enterprise,1,0.06,Our finance team tested the API over the last onboarding round and it performed about as expected.,1
d16c12a9-f08b-4da2-8560-8233ee645f66,Ryan Watkins,michael58@example.com,256,Weekly,51,Pro,4,0.62,"The mobile app does what it needs to for a distributed team, aside from the occasional duplicate records.",1
73e4c882-35a4-4ba5-9a87-cf92ecfee54c,Peter Scott,rebeccacaldwell@example.net,837,Weekly,4,Enterprise,2,0.48,Nothing major to report on customer support over the past year - does the job as expected.,1
48da2981-ab1e-418b-8977-0b0dd3ba6bd6,Scott Williams,carterbenjamin@example.org,53,Daily,25,Pro,3,0.57,"Our account manager here had a small question about customer support, support got back within the past month.",0
4868073f-c629-45c2-bae1-3f2aeb2c662c,Amanda Hall,jason86@example.net,561,Daily,85,Basic,12,0.58,"We've escalated permission errors on the export tool sixth time now, still no resolution.",0
851aa71f-e1e7-4c22-84f3-b593bbca09dc,Teresa Lewis,amanda95@example.com,55,Rarely,10,Pro,1,0.38,A growing team is neither over- nor under-whelmed by what the billing system costs right now.,1
5b9b4916-9261-4b76-b167-aca4f3f0f29c,Lauren Jones,deborah46@example.net,124,Rarely,4,Pro,9,0.32,The onboarding flow going down during the last onboarding round caused real disruption for a 40-person team.,1
ca6537fb-968b-42e6-ab59-07a1d362ffd3,Joshua Garcia,tiffanyward@example.com,93,Weekly,43,Pro,5,0.31,We reported broken links on the mobile app the last six months ago and it's still unresolved.,1
c185533e-810c-432f-8b17-f96c33cea9c8,Alyssa Prince,anthonybowen@example.org,90,Weekly,52,Basic,0,0.71,"Given what a distributed team gets, the pricing on the notification system feels very fair.",0
a5c29256-ed1c-41a6-b1c3-a0058238c594,Corey Cannon,wcoleman@example.org,218,Weekly,5,Pro,10,0.36,This is the fourth time the last two weeks we've had trouble with the billing system.,1
96268c68-48c4-43a8-a5be-68deeff90d4f,Michael Haney,connielewis@example.org,416,Daily,76,Pro,2,0.32,Our procurement team is really happy with how stable the billing system has been over the last onboarding round.,1
14856c47-228c-476a-b274-83b13fc0bc0f,Matthew Grimes,thomas87@example.org,582,Weekly,22,Pro,1,0.43,Nobody has responded to our complaint about login errors on the permissions system in the past year.,0
f1a17358-004c-4f1b-9b0d-e1761ad98d86,Tammy Mendoza,coralember226@example.com,494,Daily,113,Pro,2,0.73,Our engineering lead is mid-review on whether the subscription cost matches usage from a small team.,0
0a33db9b-2451-4ff9-bb6c-f7275d58bef8,Barry Hall,amanda60@example.org,345,Weekly,43,Basic,1,0.3,Multiple business units has been blocked by failed uploads on the reporting dashboard for this week.,0
59af662b-a10d-4b0e-a0c2-b9f9d9750c5a,Joseph Lam,bryan90@example.org,676,Weekly,3,Basic,0,0.09,The renewal price increase on the admin console is hard to justify given what a growing team actually uses.,1
65eb2c55-a6eb-4884-8118-73ec7711fa62,Patrick Perez,mstevens@example.com,273,Weekly,6,Basic,0,0.01,Nobody has responded to our complaint about dashboard glitches on the billing system in the past year.,1
93786eb3-7f4f-496e-8df5-4648b5677b30,Tommy Harrison,kimberly54@example.net,241,Daily,82,Enterprise,0,0.35,A 40-person team has had zero problems with the overall experience over the past year.,0
3ed27b6c-c5d7-4603-be34-b576eb7e7b4c,Nicole Walker,russellbill@example.com,941,Rarely,4,Basic,0,0.43,"Cost feels fair enough for our whole department right now, though our procurement team hasn't stress-tested it.",1
00788c56-a344-48c5-b7fd-6b288acca0d5,Alyssa Graves,tbrown@example.net,287,Weekly,36,Basic,1,0.63,The billing system's pricing has stayed fair even as a small team scaled up usage over several days.,0
9c3c1a30-2cf7-4bb9-af0c-4e6794061e66,Raymond Perry,michael11@example.net,247,Weekly,14,Basic,3,0.35,This is the fifth time the past few sprints we've had trouble with the analytics module.,1
35d79427-ba0e-4b79-a069-ff7ba6f86e04,Mario Rogers,christopherserrano@example.com,112,Daily,61,Pro,2,0.65,Our whole department has been blocked by slow load times on the search feature for several days.,0
05975a3f-c31b-4bc3-8bcc-eba95476a425,Sherri Hogan,johnsondonna@example.com,187,Daily,80,Basic,0,0.85,The third outage of the analytics module in the last onboarding round is starting to erode our trust.,0
b4885f42-8453-4ca7-9920-bd058c14b30b,Christopher Valenzuela,nicholasgibson@example.org,453,Daily,19,Pro,1,0.7,"The workflow builder performs adequately for a small team, though there's room for polish.",0
7b90c03d-6c8d-4d4e-a45b-5197cb1e3a0d,Carolyn Lopez,johnfranklin@example.net,571,Daily,33,Enterprise,2,0.66,The last onboarding round of intermittent duplicate records on the search feature has really hurt our workflow.,0
6d25f603-358e-4345-8b71-f5235955582b,Laura Scott,aguilarkimberly@example.org,22,Daily,56,Basic,2,0.26,The billing system scaled smoothly as a growing team grew over the past year.,0
794b6f74-d406-4a71-99b5-a578f9ac8d05,Teresa Alvarez,zjohnson@example.org,474,Weekly,22,Pro,0,0.73,Nobody followed up after our procurement team flagged this issue the last onboarding round ago.,0
e474bc00-4df7-4d15-9095-9345735cd50f,Patrick King,patricia39@example.com,589,Rarely,6,Enterprise,4,0.09,A small team keeps getting passed between different support reps with no continuity.,1
47348b0f-8710-46a1-abf8-3a97d3e3e8e6,Derek Vargas,zturner@example.org,865,Weekly,33,Pro,0,0.27,The reporting dashboard is serviceable for a growing team; API timeouts shows up occasionally but rarely blocks us.,0
d854074e-b522-4c7f-8bcb-caf3a8fd8705,Donald Castro,davismelissa@example.org,29,Daily,98,Enterprise,4,0.46,We've had repeated integration failures on the workflow builder for the last onboarding round now with no real fix.,0
440a06e9-8d53-4381-93c3-c2e95d119ed7,Emma Santos,veronicapittman@example.org,661,Weekly,1,Enterprise,19,0.22,The failed uploads problem on the mobile app has cost us real time over the past quarter.,1
97248b1a-c015-4950-9e43-ad03fdaf67c9,Natalie Sheppard,jessicabrown@example.com,1042,Weekly,3,Pro,9,0.37,We reported session timeouts on the collaboration tools recent weeks ago and it's still unresolved.,1
6ab9ad8c-420e-45b1-b3fb-d2c44a4463fd,Vanessa Vega,masoncharlene@example.net,335,Daily,16,Basic,0,0.47,Budget conversations about the admin console have been low-key for a small team over the last two weeks.,1
9c953ef1-7445-407b-8151-87bc3781564a,Chad Harris,huntwendy@example.com,192,Daily,49,Enterprise,0,0.31,Our department head has been consistently happy with the service over several days.,1
517c2970-75c7-4a99-ab48-471c260e579d,David Leonard,johnny01@example.net,184,Weekly,3,Pro,1,0.57,Our procurement team called the pricing on the reporting dashboard a pleasant surprise after the last few days of use.,0
453149fa-370a-4ebe-9e6b-6b99985ed494,Kevin Evans,blake71@example.com,192,Weekly,18,Basic,0,0.28,Our IT team was quoted a much higher renewal rate the past year ago with no explanation.,0
388f2f34-3b09-40ca-8f5e-7ce23da41d81,Eric Vasquez,phillipssheila@example.com,665,Weekly,26,Basic,3,0.27,This is the sixth time several days we've had trouble with the export tool.,1
c30acb77-daf2-4802-a000-2e6b766b5362,Brandon Mathews,owensmichael@example.com,627,Weekly,54,Basic,0,0.37,This is the fourth time recent weeks we've had trouble with the workflow builder.,0
d617c390-c119-4c47-b445-55091add6020,David Galvan,kimberly20@example.org,314,Daily,75,Pro,4,0.09,The onboarding flow has been rock solid over the past quarter. our account manager here is genuinely impressed.,0
a6062ae8-2bc8-48c2-a0a9-89e53b8fed81,Jack Mcfarland,jessica13@example.com,386,Weekly,57,Pro,4,0.59,Our procurement team is questioning whether the mobile app justifies its cost after the last billing cycle of use.,1
181a0c6c-08ea-4f0e-9856-7fad696cd9e4,Shannon Reyes,christopher52@example.net,309,Daily,47,Pro,2,0.11,We've had repeated session timeouts on the search feature for the last onboarding round now with no real fix.,1
ae4114e1-279a-4c46-b4aa-4f90944aae6d,Corey Phelps,brookebooth@example.com,420,Weekly,50,Enterprise,0,0.42,The performance of the permissions system has been excellent for a growing team throughout the last six months.,0
afbf5122-ebab-4829-923b-56bab6e15f88,Anna Haas,nelsonkathleen@example.org,529,Daily,17,Pro,3,0.56,The search feature scaled smoothly as a small team grew over the past few sprints.,0
55702ece-d2d9-4e23-862d-9e7cc96e50bd,Glenn Smith,franconorma@example.net,622,Daily,71,Basic,4,0.5,"The integration performs adequately for a small team, though there's room for polish.",0
1858812e-7920-4fe1-9eba-e7a0dfdf8962,Kenneth Contreras,turnermark@example.org,479,Rarely,9,Basic,4,0.26,The last two weeks of intermittent login errors on the audit log has really hurt our workflow.,1
701cfaa4-e77c-40c7-be99-6eb27f73957e,Katie Phillips,michael94@example.net,462,Weekly,6,Pro,7,0.19,Support acknowledged the integration failures on the notification system but the past quarter later it's still broken.,1
6841a0cc-dc68-4054-ad1b-9e20610f9029,Ross Castro,fieldskathryn@example.net,311,Weekly,27,Pro,0,0.83,Our engineering lead wanted to confirm the export tool's roadmap for the next the last onboarding round.,0
1cf7b2ea-20bb-498e-a6f1-314a74b316b5,Jeffrey Gordon,orivera@example.com,825,Weekly,55,Enterprise,5,0.78,We are locked out of the admin console again during this quarter - this keeps happening.,0
c5522fc3-4bbd-47e2-96de-9f066a151310,Sharon Patrick,robert05@example.net,340,Weekly,36,Basic,12,0.51,Every time multiple business units relies on the billing system it fails us. this week has been rough.,1
4ef8281f-98ef-45d6-a272-310f3bbadd61,Ms. Kathy Ho,jennifer46@example.org,1011,Daily,50,Basic,5,0.45,Our IT team ran the numbers and the API beats a cheaper alternative on cost per seat.,0
9def4953-1b96-4bfd-a330-deddaf94a4d9,Christopher Romero,andrewsdennis@example.org,692,Rarely,10,Basic,6,0.36,A growing team has been blocked by session timeouts on the permissions system for the last billing cycle.,1
43cc5375-b541-42ca-bf79-f39df2dc6f58,Tracey Nichols,vincent96@example.org,419,Daily,49,Pro,4,0.61,The pricing model for a growing team stopped making sense to our finance team around the last few days ago.,0
fe9684d0-dde2-4702-b638-8f201524becd,Anthony Armstrong,carolinehenderson@example.org,364,Weekly,6,Pro,0,0.59,We reported data export bugs on the notification system this quarter ago and it's still unresolved.,1
f959346a-99b7-4d2d-82e9-e5df2ccd2e3e,Marisa Mason,basaltsummit829@example.org,260,Daily,25,Enterprise,2,0.83,Our whole department has had an unremarkable but functional experience with customer support lately.,0
e6778c05-e3b6-4000-bcc2-697a37960ae7,Kylie Fry,david73@example.com,821,Rarely,4,Pro,2,0.71,Our whole department can't keep absorbing the cost increases on the permissions system seen over the last six months.,1
dc74edb9-7190-40e9-b8e6-1900d32ee68c,Maria Lee,molly27@example.net,836,Daily,15,Enterprise,1,0.77,"A small team gets more than its money's worth from the billing system, according to our IT team.",0
70971d5b-e027-47af-8e88-088b34b19df3,Michele Hodges,susan13@example.com,37,Rarely,1,Basic,1,0.31,We noticed login errors on the audit log once or twice during the past few sprints but it resolved itself.,1
81b2a86f-e3b6-4f34-970a-00fb67241f0c,Katherine Brock,stevenmontgomery@example.org,686,Daily,48,Pro,1,0.65,"General feedback: the onboarding flow is fine, integration failures handling could be faster over the last billing cycle.",0
4527b05f-10f1-440e-b62e-f896e5e0bb03,Erin Flynn,jsmith@example.com,163,Daily,31,Basic,1,0.51,"Cost over this week is about what our procurement team expected - no complaints, no major praise.",0
74185396-e36c-458e-99a5-6fd24d2978a5,Sarah Cox,jason77@example.net,913,Daily,24,Basic,3,0.01,The value a 40-person team gets from the permissions system hasn't kept pace with what we're now paying.,1
20f39d07-5249-44a8-982c-39836e093170,Steven Taylor,valeriesoto@example.org,517,Daily,49,Basic,0,0.92,Our procurement team specifically called out how reasonable the renewal cost on the workflow builder was.,0
8890b906-78a3-4afd-946c-72c5fc846c4d,Sandra Johnson,blankenshipantonio@example.net,171,Weekly,30,Basic,0,0.61,Our IT team tested the audit log over the last onboarding round and it performed about as expected.,0
87dd31e8-2f3d-482a-94ed-f022275df649,Daniel King,santosashley@example.net,269,Daily,59,Basic,12,0.78,The login errors problem on the API has cost us real time over the last onboarding round.,1
67be00d7-6012-4d3b-a96b-bac10ffce052,Colin Gonzalez,richarddougherty@example.org,711,Weekly,3,Pro,0,0.79,The support experience for multiple business units has gotten noticeably worse over the last six months.,0
0d0ad602-e3b0-4e98-ace4-a8dfdcebf1a0,Zachary Medina,kylejones@example.net,240,Weekly,27,Basic,0,0.37,Our procurement team pointed out that the permissions system's cost dropped relative to value over the last six months.,0
033408fb-a566-400f-bad5-346fcd241e20,Angela Glenn MD,mckeesara@example.org,65,Rarely,8,Basic,0,0.24,Our department head specifically called out how dependable the audit log has been over several days.,0
44201b48-56e1-4948-9605-73989952a7b3,Kelly Fernandez,john24@example.com,628,Daily,36,Pro,8,0.59,Support acknowledged the slow load times on the admin console but recent weeks later it's still broken.,0
eb849e1d-e232-4ba2-ae59-db7626744670,Joel Sanchez,edwardshaley@example.org,530,Daily,18,Pro,1,0.26,Our ops lead compared against a lower-cost competitor and the pricing is roughly in line.,0
c12c67f1-b287-4581-b9bc-fbf1fcc3968b,Dawn Fox,tlara@example.org,558,Daily,36,Pro,1,0.73,Multiple business units has been quietly using customer support without much feedback over the last onboarding round.,0
0e944e71-fc8b-4511-a287-b9c6c8fd032d,Christina Adams,jennifermoss@example.com,1005,Weekly,44,Enterprise,4,0.03,The third outage of the billing system in the last billing cycle is starting to erode our trust.,1
d71ea0b8-97ce-4a98-8a6e-84f1ee58d993,Sarah Gonzalez,jgood@example.org,1089,Weekly,56,Pro,1,0.92,The cost-to-value ratio on the billing system just hasn't worked for a growing team over the last six months.,0
f308ecab-213c-4849-8da0-43c3cd3f67a1,Eric Smith,beckmichael@example.org,331,Daily,16,Basic,1,0.45,The renewal quote for the audit log landed roughly where our procurement team expected.,0
6881f595-a745-4ce1-b5e0-6fb377f5a576,Sharon Mills,floydangela@example.com,269,Daily,56,Pro,0,0.23,"Our whole department gets more than its money's worth from the mobile app, according to our procurement team.",0
ee38a84b-09f3-48e9-ac34-62ee419fcf15,Franklin Cole,knoxjennifer@example.com,826,Daily,54,Basic,2,0.64,The pricing model for a small team stopped making sense to our IT team around the last onboarding round ago.,0
70ef875a-928f-465f-8e45-f6a8da8e5be4,Grace Baxter,shahashley@example.net,1086,Daily,115,Pro,1,0.73,Our procurement team asked a routine question about permissions in customer support.,0
b2651e9b-6c66-4ded-a95a-b08c661ba30b,Gregory Parker,angel78@example.net,381,Daily,58,Basic,0,0.66,The recent improvements to the integration have made a real difference for a 40-person team.,0
f873f565-2b92-472f-bb24-274fda087ada,Michael Shaw,raymond30@example.org,667,Rarely,7,Basic,1,0.15,This is the third time several days we've had trouble with customer support.,1
cb552c4f-d880-4612-b45a-6a1440d9371e,Andrew Kim,jasonjefferson@example.net,179,Daily,50,Enterprise,1,0.37,Our finance team appreciated the proactive outreach from your side over the last two weeks.,0
e325d283-d743-44f5-8c3b-d9a62b9f0d3c,Lori Hodges,jdoyle@example.net,428,Weekly,41,Pro,2,0.92,Overall a great experience for a growing team working with your team over the past month.,0
3dbd839c-8ea1-4d4e-9ab5-3a9ed311831c,Danielle Delgado,lisablair@example.com,716,Daily,84,Pro,3,0.6,The reliability of the API over the last billing cycle has genuinely earned our IT team's trust.,0
6e600180-ceea-4a24-8059-2daaa3c0ce2d,David Petersen,amytucker@example.org,971,Daily,49,Basic,0,0.41,We are locked out of the search feature again during this quarter - this keeps happening.,0
c8d8c18d-a3ff-4010-b349-84bb228792e6,Jennifer Rogers,kathryn95@example.com,460,Daily,31,Basic,3,0.58,The API has been broken for the last few days and it's affecting a small team.,0
d17c1ea6-1ca3-4007-a6ae-9eab293bedde,Daniel Cervantes,yallison@example.org,564,Weekly,7,Basic,3,0.14,Nothing major to report on the collaboration tools over the past year - does the job as expected.,1
228ed55e-c6a0-4aab-bb01-ba6a9a9e6fa9,Joshua Martinez,jeffrey26@example.org,863,Weekly,35,Pro,0,0.53,Our department head would recommend this to other teams after recent weeks of good experience.,0
4bacdda1-3269-4e4e-8a95-91d82000691b,Charles Ray,jcastillo@example.org,311,Weekly,19,Basic,2,0.15,"The permissions system's pricing held steady over the past month, which kept our ops lead neutral on it.",1
3d6cf2a8-694c-4b20-b781-55c91060b36c,Brandon Mann,johnweber@example.org,88,Daily,102,Enterprise,2,0.99,Nobody has responded to our complaint about failed uploads on the admin console in the last billing cycle.,0
6b9749f0-29e3-49c4-b8e4-787c4e5387fe,Debra White,thernandez@example.net,554,Daily,108,Enterprise,2,0.81,Our ops lead tested the permissions system over the past quarter and it performed about as expected.,0
00d886a4-e236-4644-acd2-3f57a92f5ebe,Morgan Espinoza,randallkoch@example.net,845,Daily,42,Basic,1,0.25,Our procurement team called the pricing on the reporting dashboard a pleasant surprise after recent weeks of use.,1
27b437ff-41a1-430f-969f-77605082e344,Michael Cole,melissa24@example.com,647,Weekly,7,Basic,2,0.55,"The search feature does what it needs to for multiple business units, aside from the occasional login errors.",1
1d4cc937-b61b-42da-b7f5-c0e2dc31ae20,Adam Riddle,bryce17@example.org,691,Weekly,11,Pro,17,0.08,We are locked out of the onboarding flow again during several days - this keeps happening.,1
2703eb5f-acf1-4e1c-a177-0729262ef43a,Judith Stevens,rebecca10@example.org,76,Weekly,55,Basic,2,0.68,Budget conversations about the admin console have been low-key for a small team over the last onboarding round.,0
5f912abc-551f-4ab3-a5b0-16a10d6ca876,Peter Nguyen,margaret11@example.org,497,Rarely,5,Basic,12,0.01,"The collaboration tools crashed again this cycle, on top of broken links from the last few days.",1
92e2fb3c-31b3-482b-b0ee-f9d1273eb250,Megan Smith,kelleyjoshua@example.net,634,Weekly,24,Basic,4,0.57,Our ops lead looked at at least two other vendors recently and honestly this is the better deal.,0
b4477abd-4945-4701-8025-d9dcda082cdd,Emily Oliver,lhughes@example.net,989,Weekly,7,Enterprise,0,0.29,Our department head asked a routine question about permissions in the onboarding flow.,1
993789a2-3beb-4e0e-a5b6-f3f4e168830f,Tracy Walker,denise74@example.org,986,Daily,93,Basic,0,0.98,The recent improvements to the billing system have made a real difference for a distributed team.,0
7d5d4c96-8ae1-4810-8b61-9d777bccfcc7,Amy Gilbert,andersondarren@example.com,19,Weekly,8,Basic,2,0.29,Support acknowledged the broken links on the integration but the past month later it's still broken.,1
735d1e79-6a60-4670-bf55-2bc6d1c346dd,Zachary Fisher MD,kaitlintucker@example.net,288,Weekly,37,Enterprise,5,0.2,We reported API timeouts on the collaboration tools the past month ago and it's still unresolved.,0
fb170402-ea9e-4baa-b5bc-87cd3ca37e35,Matthew Floyd,ericapowell@example.com,543,Rarely,8,Basic,1,0.15,The billing system's pricing has stayed fair even as our whole department scaled up usage over this quarter.,1
9ef13cff-bba3-45fe-b8fa-85f162c03a2f,David Burns,twallace@example.org,890,Daily,54,Pro,1,0.32,Everything from onboarding to support has gone well for a growing team over this week.,0
2e6a4999-6844-41d8-97a9-101f05df5581,Alexander Curtis,nross@example.net,39,Rarely,7,Basic,3,0.55,"The admin console crashed again this cycle, on top of slow load times from this quarter.",1
040f2446-26ce-41dd-9535-05e26b87f4c5,Patricia Macdonald,parrishwilliam@example.com,540,Weekly,14,Pro,2,0.21,A distributed team has been blocked by notification delays on the permissions system for the past few sprints.,1
16396b50-d11b-4de8-a462-b1eabc656291,Charles Robertson,donald47@example.org,136,Rarely,9,Basic,0,0.13,No major updates from a small team over the last onboarding round.,1
169a394f-a903-4ef2-ac50-bd59907e4e2f,Rebecca Hernandez,shannonrichards@example.org,333,Daily,99,Enterprise,3,0.99,We are locked out of the integration again during the last six months - this keeps happening.,0
4c43887a-6b56-4758-9b17-1d2e8a317aac,Steven Hernandez,teresa21@example.net,949,Weekly,57,Pro,0,0.47,A small team can't keep absorbing the cost increases on the notification system seen over several days.,1
c0c0a4c4-74c8-4ca0-a6dd-0431c88875a8,Cheyenne Burton,vfoster@example.org,954,Weekly,17,Basic,0,0.37,The last six months without a single proactive check-in from your side has been disappointing.,0
e9472ec7-4fc3-4564-91b8-817f95428867,Jason Grimes,trevorbauer@example.com,487,Daily,57,Pro,0,0.67,The past year without a single proactive check-in from your side has been disappointing.,0
09d9ac57-7bef-4fce-8527-4c268ee2a8f4,Michael Pham,henryamber@example.com,62,Weekly,53,Pro,2,0.8,We are locked out of the analytics module again during this week - this keeps happening.,0
1094e801-4c48-4bad-9440-95656d9a9cf5,Michele Henry,marvinmoore@example.com,889,Rarely,9,Basic,19,0.53,Every time our whole department relies on the reporting dashboard it fails us. the past year has been rough.,1
47214520-7cce-4da4-a86d-3ea206b6f0fd,Katrina Alvarado,aroberts@example.com,583,Daily,88,Pro,0,0.72,A growing team has come to rely on customer support precisely because it never breaks.,0
9f27d595-fb2f-42db-87fc-9f23cc913751,Pamela Watts,anthonymyers@example.org,346,Daily,49,Basic,1,0.25,Our account manager here is questioning whether the admin console justifies its cost after the past quarter of use.,1
17fa23a4-d4a0-4755-bd92-166acf07b961,Laurie Brown,markstewart@example.org,1019,Daily,57,Enterprise,1,0.71,A small team has felt genuinely supported by your team throughout several days.,0
27d7c0bd-d74d-43ae-91c6-303db5b7860c,Mary Sutton,thomas57@example.org,573,Weekly,11,Basic,7,0.47,Support acknowledged the duplicate records on the integration but the past quarter later it's still broken.,0
57663eeb-1e9f-4305-b778-ae8ae0563a33,Benjamin Patterson,ndavis@example.com,281,Weekly,41,Basic,3,0.27,The permission errors problem on the reporting dashboard has cost us real time over the last few days.,1
e73a93c4-1c67-4555-8acd-6fe21e7c136b,Seth Parsons,steven30@example.net,891,Daily,64,Basic,4,0.15,The analytics module handles a 40-person team's workload without a hitch. No complaints on the technical side.,0
bbbfc416-dda5-4a3d-bdfa-685bf5a9f3aa,David Nguyen,melissa58@example.net,279,Rarely,10,Basic,4,0.01,We've had repeated session timeouts on the mobile app for recent weeks now with no real fix.,1
15d3b3c1-871a-4153-a0e2-c302eed5cc5f,Benjamin Carter,davismichael@example.org,88,Daily,50,Pro,0,0.63,The reporting dashboard handles a small team's workload without a hitch. No complaints on the technical side.,0
0e4be04c-3e20-4dc4-9774-4ba571517a1e,Kevin Miller,andreawilson@example.com,241,Weekly,5,Basic,4,0.22,Our procurement team is close to recommending another provider in this space purely on cost grounds.,1
5deb5d56-bde0-44c1-978c-48add67fca37,Heather Morris,steven26@example.com,185,Daily,108,Basic,1,0.67,"Given what a small team gets, the pricing on the workflow builder feels very fair.",0
8d86ca71-acd5-496c-b904-2f53247a4e13,Jeffery Rubio,gonzalezwilliam@example.com,457,Weekly,14,Enterprise,1,0.73,Multiple business units has been blocked by permission errors on the mobile app for the last few days.,0
e1341cdb-3115-4e2f-87db-9a0acdc23405,Bryan Bailey,taylorchristopher@example.org,511,Daily,73,Basic,1,0.76,Our ops lead renewed without hesitation - the price-to-value ratio on the reporting dashboard is hard to beat.,0
fc992539-a098-48ea-b84a-4e42bd4370bb,Kelly Hernandez,kimberly80@example.net,944,Daily,105,Basic,1,0.45,"Our ops lead hasn't flagged cost as an issue for the API, but hasn't praised it either.",0
9701706e-de09-4075-aec0-363acbe69e22,Brad Williams,georgelong@example.net,989,Daily,73,Basic,1,0.73,"Given what a growing team gets, the pricing on the search feature feels very fair.",0
7a534a7a-bb78-42f5-a44d-6d08fcf3ef93,Joseph Moody,mariapatrick@example.net,824,Daily,105,Basic,1,0.29,Our department head specifically called out how dependable the permissions system has been over the last billing cycle.,0
8b5c1d5c-2e2d-45ec-a24e-a381ae25508a,Laura Nolan,kelly26@example.com,770,Weekly,57,Enterprise,0,0.36,Our engineering lead migrated a big workload onto the API and it performed flawlessly.,0
890fb384-0a91-42b6-b86f-389174e668d6,Daniel Rodriguez,ichambers@example.org,602,Weekly,45,Basic,1,0.83,Recent weeks of intermittent data export bugs on the analytics module has really hurt our workflow.,0
88d80824-4f1b-4f36-bb6c-9583d02f880b,Heather Aguilar,dillonteresa@example.net,557,Daily,75,Pro,5,0.73,The reliability of the notification system over recent weeks has genuinely earned our engineering lead's trust.,0
828af65b-efb6-416f-bd5f-bfc726bc0af4,Maria Snyder,larrybradley@example.org,533,Weekly,14,Enterprise,3,0.44,The analytics module has been broken for the past quarter and it's affecting a small team.,1
69342eb2-eca3-4bf0-aaa8-6703ab143027,Debbie Lee,qsmith@example.com,1040,Weekly,13,Enterprise,0,0.67,Our account manager here is questioning whether the audit log justifies its cost after the past few sprints of use.,1
cd4aefc8-3201-489a-8a15-d08c89693ad5,Shawn Dixon,xjacobs@example.org,899,Weekly,21,Enterprise,16,0.45,We've had repeated notification delays on customer support for the last few days now with no real fix.,0
c04e4eae-6d8b-47bc-a13e-19a8140c6aea,Dr. Sarah Boyd,twatson@example.org,46,Weekly,53,Pro,0,0.62,Our account manager here wanted to confirm the export tool's roadmap for the next the past year.,0
332fbd29-4244-4c9d-8394-a4dd28e9d07c,Thomas Dorsey,snowmichael@example.org,540,Rarely,3,Pro,2,0.61,The permission errors problem on the admin console has cost us real time over the last onboarding round.,1
3f19e953-7e72-466a-b26a-9d8ddcae785c,Jon Mccullough,katelynsmith@example.net,10,Rarely,2,Enterprise,1,0.21,No strong opinion on cost yet from our ops lead - we'll reassess at the next renewal.,1
9a2af9f0-41d4-480c-bf39-82861dc2536d,Melissa White,pfarmer@example.net,745,Daily,59,Pro,4,0.47,Our department head is mid-review on whether the subscription cost matches usage from a distributed team.,0
3372f0de-44d7-4072-807f-2556e38fc78c,Christopher Gomez,justin30@example.net,706,Weekly,22,Basic,0,0.31,A distributed team switched from a lower-cost competitor and the cost savings alone justified it.,0
2472fe23-db1a-4783-a022-83ed94565136,Daniel Smith,megan50@example.org,822,Weekly,27,Enterprise,0,0.42,Our account manager here looked at a cheaper alternative recently and honestly this is the better deal.,1
27b14952-cfe2-4092-8fbd-ef83c88709d3,Joshua Rodriguez MD,micheleprice@example.com,270,Weekly,15,Basic,4,0.49,Our engineering lead is questioning whether the API justifies its cost after this week of use.,1
3a0310bb-4e41-41e7-93e5-13463e7d8fe3,Morgan Williams,david08@example.net,253,Weekly,3,Basic,18,0.67,The permission errors problem on customer support has cost us real time over several days.,0
8c0fc20d-42e7-41fb-bbc4-0f09a99b9674,Kimberly Wright,mckenzie14@example.net,949,Weekly,5,Pro,1,0.35,"Our ops lead is weighing a cheaper alternative's pricing against ours, no conclusion yet.",1
588a7b62-4eda-46db-b554-f1c252b15a3a,Sean Williams,charles70@example.org,863,Rarely,12,Pro,3,0.37,Our whole department has come to rely on the collaboration tools precisely because it never breaks.,0
f920e5a1-f0b8-40cd-a128-fb4cf962e9e2,Anthony Hayes,emma57@example.com,598,Weekly,44,Basic,0,0.55,We reported session timeouts on the API the last onboarding round ago and it's still unresolved.,0
a6a261e3-bb72-4143-b018-3d7396b67593,Jason Miller,robertsguy@example.net,837,Weekly,7,Basic,1,0.46,Our account manager here is happy to keep paying for the search feature - it pays for itself many times over.,0
47412648-ef01-4d05-a3ed-ec606b3e484c,Gregory Davis,toddaaron@example.com,170,Daily,49,Basic,5,0.58,A 40-person team switched from another provider in this space and the cost savings alone justified it.,0
211e79b5-2a10-4bc2-bb13-541900225f2c,Jonathan Rush,diazstephen@example.org,942,Daily,70,Enterprise,2,0.01,"The workflow builder performs adequately for a distributed team, though there's room for polish.",1
de7330e8-3e74-4a29-8c24-affec1ccfaa8,Andrea Young,jonesdanny@example.org,754,Weekly,50,Pro,14,0.29,A small team has been blocked by failed uploads on customer support for the past quarter.,0
5f2ec14d-79bc-4005-80a9-ce206f50a43e,Kimberly Michael,butlerlisa@example.com,243,Weekly,13,Pro,4,0.27,Billing on the export tool keeps creeping up and it's hard to see the added value over the last two weeks.,1
21e42212-fff1-4a06-946d-3273aaf0f621,Nathan Serrano,drosales@example.net,464,Weekly,2,Pro,11,0.45,The API has been broken for this week and it's affecting a small team.,1
cce1dac9-b01b-427a-b348-4f9f022af2d6,Daniel Soto,janice17@example.org,468,Weekly,17,Pro,2,0.85,"The billing system crashed again this cycle, on top of duplicate records from the last billing cycle.",0
ca5dac90-c430-490a-9e92-1adf81283b48,Shannon Miles,karenroberts@example.org,718,Rarely,5,Enterprise,6,0.42,Every time our whole department relies on the billing system it fails us. recent weeks has been rough.,1
33f1656c-dd4d-4f1e-8e70-0fd01c4e2570,Jeffrey Obrien,nwilliams@example.net,859,Rarely,4,Pro,11,0.12,Nobody has responded to our complaint about permission errors on the onboarding flow in the last onboarding round.,1
b027073f-7570-4a84-b085-189920bccd11,Curtis Carney,volsen@example.org,25,Daily,33,Basic,1,0.7,The renewal price increase on the collaboration tools is hard to justify given what a growing team actually uses.,0
c051a03c-332c-464b-9f61-fb62157d69c5,Brent Simpson,dwashington@example.com,640,Weekly,52,Pro,2,0.61,"Given what a 40-person team gets, the pricing on the audit log feels very fair.",0
a3bef297-81f1-4c54-8e84-7bbdc53ea648,Kelly Smith,natalie83@example.org,920,Daily,97,Basic,2,0.61,Our department head hasn't seen a single broken links on the mobile app in this week - great reliability.,0
529170da-229f-462e-a9b0-853d6684e226,Yolanda Graham,xrobinson@example.org,612,Rarely,1,Pro,3,0.3,"The reporting dashboard met expectations for a growing team across this week, nothing more to add.",1
6fbc7f2c-7eee-4cb9-a1c5-02cfc8a8dcaa,Sophia Rodriguez,asmith@example.net,293,Weekly,42,Basic,1,0.53,Our engineering lead feels well taken care of after recent weeks as a customer.,0
1125cf1a-89e3-4e04-8366-0f31b7a8c1ee,Melinda Jackson,ddunn@example.com,430,Rarely,12,Basic,10,0.01,Recent weeks of intermittent API timeouts on the API has really hurt our workflow.,1
4bf46de1-95c7-49f5-8deb-fba2b4ac0186,Richard White,natasha32@example.net,192,Rarely,7,Basic,1,0.46,Billing on customer support keeps creeping up and it's hard to see the added value over the last billing cycle.,1
d5526004-4035-4281-99df-c8d474390f6b,Jason Thomas,powellwendy@example.com,468,Daily,53,Pro,1,0.66,The permissions system continues to exceed our ops lead's technical expectations after the past month.,0
f07b04d3-d351-41d9-ac85-ee5cac41d080,Christopher Lucas,unelson@example.com,690,Weekly,57,Enterprise,3,0.41,The last billing cycle of intermittent report generation errors on the integration has really hurt our workflow.,1
4ff77bab-7d3b-44d6-bdf6-80f8b524f096,Sophia Meadows,dkaufman@example.com,552,Rarely,6,Basic,5,0.57,"General feedback: the notification system is fine, session timeouts handling could be faster over the last onboarding round.",1
f232846b-8fe9-46ab-9ad8-16383c96a259,Heather White,willissierra@example.net,989,Rarely,9,Pro,0,0.07,Every time a distributed team relies on customer support it fails us. the past few sprints has been rough.,1
95d76637-582f-461d-abd9-ba85b7448d4c,Lori Gibson,smithdenise@example.org,471,Weekly,19,Basic,11,0.88,The second outage of the integration in the last few days is starting to erode our trust.,0
5133b7ba-0c8e-48c9-bd93-d1aafbeb0fff,Ebony Shaw,padillatanner@example.com,40,Daily,57,Basic,3,0.88,Our account manager here pointed out that the reporting dashboard's cost dropped relative to value over this quarter.,0
5d598cea-ea6f-4447-a9a3-d0eac8a0d710,Kevin Hernandez,charlotte32@example.net,114,Daily,85,Pro,0,0.21,The overall experience over the last onboarding round has just felt neglected for a distributed team.,0
7fd96445-0a98-4412-9453-90cc2f2f6887,Mark Barton,joseph86@example.net,52,Weekly,18,Basic,3,0.4,The renewal price increase on the export tool is hard to justify given what a growing team actually uses.,0
f17b1f53-1ca5-42cb-989a-e193df4d43f2,Anthony Gutierrez,yyoung@example.org,894,Daily,74,Enterprise,0,0.27,The billing system's pricing has stayed fair even as our whole department scaled up usage over the last few days.,0
48687284-2d1d-46a4-9e64-97c4298ec5c0,Thomas Park,leonardadams@example.net,597,Rarely,9,Basic,10,0.18,The sixth outage of the API in the last six months is starting to erode our trust.,1
365445e4-7bbd-449e-8617-94ba4cc25916,Cody Roy,christopherwalker@example.com,64,Weekly,3,Basic,1,0.77,Things have been mostly stable on the reporting dashboard for a growing team over this quarter.,1
fbc4df3a-99c8-488c-bf00-bc57104c21a2,Anthony Faulkner,samantha46@example.org,226,Weekly,47,Basic,0,0.38,The reliability of the permissions system over the last billing cycle has genuinely earned our engineering lead's trust.,0
406637bc-39eb-4e0d-add5-b2c4986c38e3,Alexandra Young,davidanderson@example.net,1068,Weekly,17,Enterprise,6,0.57,The renewal price increase on the reporting dashboard is hard to justify given what multiple business units actually uses.,0
c0a4b90a-d313-4052-805f-270d19f69cbf,Julie Cabrera,josephsmith@example.net,426,Weekly,26,Basic,2,0.63,Every time multiple business units relies on the admin console it fails us. the last six months has been rough.,1
3b0fd4c9-5070-4e6a-a789-a9780d6c46e4,Matthew Grant,nathanielthomas@example.net,629,Daily,35,Basic,12,0.7,This is the fourth time several days we've had trouble with the mobile app.,0
943b3e70-773c-4004-9a25-6c4bda5173b0,Ryan Simmons,steven98@example.com,1001,Daily,44,Pro,1,0.64,The cost-to-value ratio on the onboarding flow just hasn't worked for a 40-person team over the past quarter.,0
d0c0ac6a-14ba-4974-bea6-e39591a32d30,Victoria Lewis,hillrhonda@example.com,542,Rarely,1,Enterprise,0,0.21,Support acknowledged the login errors on the export tool but the last billing cycle later it's still broken.,1
e1315c8e-32a5-4122-b98e-3ea7195d947f,Stephanie Kemp,xwells@example.org,893,Weekly,9,Basic,4,0.77,Our IT team looked at a rival platform recently and honestly this is the better deal.,0
ec2d978b-fd9d-495f-aa3a-af694e37b2f0,Elizabeth Butler,ogonzalez@example.com,613,Daily,43,Enterprise,2,0.34,The workflow builder handles a small team's workload without a hitch. No complaints on the technical side.,0
e8d0179e-9048-48b3-8e3a-d678a0fc7660,Tammy Payne,charles75@example.com,396,Weekly,13,Enterprise,0,0.73,Nothing major to report on the search feature over the last billing cycle - does the job as expected.,0
9a5c8bd0-c30f-4fbd-afdc-360763178cbd,Christopher Ramirez,thuff@example.com,911,Daily,106,Enterprise,1,0.65,The recent improvements to the export tool have made a real difference for a 40-person team.,0
8d2a49b9-7a26-47bd-b363-930bad1ab736,Alejandra Dominguez,elizabeth05@example.net,984,Rarely,10,Basic,2,0.57,Support acknowledged the duplicate records on the audit log but this week later it's still broken.,1
8cd0e051-aaa8-4462-a9f0-06b4b2013044,Dawn Johnson,thomascooper@example.org,700,Daily,25,Basic,1,0.58,Our IT team specifically called out how dependable the analytics module has been over the last onboarding round.,0
1e9224b0-24f3-4f81-82e2-01df9a916d1e,Rick Mays,sergio28@example.org,560,Daily,42,Basic,0,0.24,Our IT team renewed without hesitation - the price-to-value ratio on the onboarding flow is hard to beat.,0
ff32ca4b-08a0-4431-869d-ec8c8725b53f,Brianna Parker,lmartin@example.com,798,Weekly,43,Pro,0,0.34,"The workflow builder performs adequately for a growing team, though there's room for polish.",0
22d98feb-b43a-40d0-85b0-ee2af2a15f77,Gina Smith,twebb@example.org,353,Rarely,6,Basic,3,0.12,Our account manager here is close to recommending a lower-cost competitor purely on cost grounds.,1
4e30de04-e51d-4dc6-bf5f-bb8dbfbb5b31,Chad Morris,martinlisa@example.org,486,Daily,69,Basic,0,0.53,Our IT team renewed without hesitation - the price-to-value ratio on the export tool is hard to beat.,0
95373475-f6a4-4fa5-9506-b1700fb7a777,Russell Becker,angela07@example.org,988,Daily,21,Basic,0,0.48,"Even under heavy load, the notification system held up well for a growing team over the last onboarding round.",0
2510e8f2-7912-466d-ac59-1d2e03e92d09,Robert Farrell,collinsnicholas@example.net,579,Daily,46,Pro,1,0.58,"Our engineering lead had a small question about the permissions system, support got back within the last onboarding round.",0
ff5e172c-e86e-4856-84c1-ee0cce8c6ca9,Kaitlyn Smith,gjoyce@example.com,318,Rarely,6,Pro,1,0.27,"We've escalated login errors on the search feature sixth time now, still no resolution.",1
f53aef1d-b794-437c-aeda-b28c3b1073ad,Amanda Herman,manuel31@example.net,16,Rarely,7,Pro,2,0.58,Our finance team called the pricing on the collaboration tools a pleasant surprise after the last two weeks of use.,1
70cb84e5-006c-4fcd-80fc-d5b3e50c8405,Kimberly Powers,mccarthyrichard@example.com,816,Daily,68,Enterprise,6,0.52,"For what we pay, our department head expected a lot more from the API.",0
430ac277-1a88-463f-865a-2ea5129898a1,Anna Smith,theresa71@example.net,377,Weekly,45,Basic,0,0.99,Our procurement team specifically called out how reasonable the renewal cost on the onboarding flow was.,0
17541740-6eeb-4f62-8b7f-a1431e59328e,Keith Lee,rebecca87@example.com,191,Weekly,18,Enterprise,10,0.41,"A minor report generation errors on the API appeared during the last billing cycle, low impact overall.",0
76840b4e-348c-4457-84a2-114b75788725,David Davis,darlenesmith@example.org,89,Weekly,5,Basic,1,0.42,The reporting dashboard is serviceable for multiple business units; broken links shows up occasionally but rarely blocks us.,1
fb8db93a-19b3-40ab-a64a-1b5f53282d62,Jason Rivera,beckydelgado@example.net,100,Weekly,7,Basic,3,0.3,The admin console is serviceable for multiple business units; notification delays shows up occasionally but rarely blocks us.,1
3e4d10eb-b5e2-4a66-8bb3-39de20a811ee,Anita Frye,bbryant@example.net,1086,Daily,23,Basic,4,0.26,Our whole department has had zero downtime issues with the API in the past quarter.,0
a43449e6-c49d-42b5-a3a0-e278e9315e39,Tamara Jacobs,jimdavis@example.org,423,Daily,36,Basic,0,0.63,Our whole department is a light user of the platform so hasn't formed strong opinions yet.,1
5f1c3a06-7631-43ec-b056-4857e71053dd,Robert Ruiz,romeromark@example.net,866,Daily,20,Basic,1,0.12,Our IT team is really happy with how stable the notification system has been over the past few sprints.,0
be6ac3d2-9ce8-4bd2-a923-f4c2a2612386,Patrick Mejia,rmoon@example.org,150,Weekly,37,Basic,1,0.16,"A small number of slow load times on the workflow builder came up over the last six months, nothing urgent.",1
4a7bddfa-4245-406d-b82c-b2b031ed0f33,Michael Anthony,fbennett@example.net,934,Daily,97,Pro,2,0.64,Our engineering lead specifically praised how responsive support has been over the past year.,0
12ff5116-3be0-40f4-9f72-b9c156cf4ba8,Justin Hunter,oyoder@example.com,485,Rarely,12,Basic,2,0.39,Our procurement team specifically called out how dependable the API has been over the past quarter.,1
ada49ee3-f2d3-4477-afec-cc12fe337e8a,Andre Nguyen,kevin58@example.org,975,Weekly,1,Basic,3,0.33,We noticed permission errors on the API once or twice during several days but it resolved itself.,1
ee4f9224-6fea-4aeb-9fbc-824df10a91ab,Joseph Elliott,guzmangloria@example.com,800,Daily,48,Pro,2,0.4,The cost-to-value ratio on the analytics module just hasn't worked for multiple business units over the last two weeks.,1
5dc09a09-6de3-4eb7-8eb6-463029380a8f,David Mueller,ghughes@example.net,828,Weekly,16,Pro,1,0.65,Support has been fantastic whenever our ops lead has reached out over the last few days.,0
0237ad5f-4db3-4f88-9f73-16ce0ff04bb2,Candice Smith,amyandrade@example.com,727,Weekly,2,Enterprise,17,0.42,The last billing cycle of intermittent data export bugs on the permissions system has really hurt our workflow.,0
98a4beb2-0544-4bcc-bd32-6a8b178f8843,Mark Anderson,catherinetaylor@example.com,187,Weekly,31,Pro,6,0.16,The API has been broken for the past few sprints and it's affecting multiple business units.,1
c9649868-a993-4055-9f5a-2d053841201c,Jennifer Wyatt,stephanievelasquez@example.org,257,Weekly,9,Pro,1,0.24,The past quarter of intermittent permission errors on the billing system has really hurt our workflow.,1
64499575-016b-4cc8-a813-c89d2f0d766b,Jeffrey Hester,rosarioyvonne@example.org,705,Weekly,2,Basic,0,0.66,"Onboarding multiple business units took far longer than promised, dragging on for this quarter.",1
eb23030e-07d0-4e36-a73c-a8ff02b12e75,Jonathan Santos,robinsonrebecca@example.com,69,Weekly,10,Enterprise,7,0.18,The audit log going down during recent weeks caused real disruption for our whole department.,1
2d978c03-44ed-4497-b833-dcb8e0425b9b,Cody Richardson,lcardenas@example.org,151,Rarely,14,Enterprise,0,0.61,The mobile app scaled smoothly as a distributed team grew over this week.,0
7a44999a-0aee-4ab0-bf82-96a60273b76c,Jeremy Hickman,andersondawn@example.com,340,Weekly,28,Enterprise,7,0.54,Support acknowledged the permission errors on the export tool but this quarter later it's still broken.,0
ec5884ca-16e3-4115-a0f3-0f1c6323e686,Brandon Fuller,juanthomas@example.net,942,Rarely,2,Pro,0,0.26,Support has been fantastic whenever our finance team has reached out over the last two weeks.,1
fc665298-b5fd-41ac-bf05-dca9b822e922,David Simpson,richardsonandrew@example.org,409,Daily,66,Basic,0,0.6,The performance of the search feature has been excellent for a small team throughout several days.,0
9af6dd33-bb74-473b-adc6-1ccb8f553f6e,Mr. Russell Davis,iduke@example.com,242,Rarely,2,Basic,0,0.01,We noticed failed uploads on the onboarding flow once or twice during the last onboarding round but it resolved itself.,1
b1e149f3-0407-4509-81db-675af3a7e7bf,Patrick Jones,romeroangela@example.com,1093,Rarely,14,Basic,1,0.32,The renewal price increase on customer support is hard to justify given what a growing team actually uses.,1
497dc4a1-19eb-4eba-8547-af9124ca8301,Jessica Nicholson,scottalexander@example.com,929,Rarely,9,Basic,4,0.57,The session timeouts problem on the collaboration tools has cost us real time over the past year.,1
a7559e21-2aea-4c89-9e06-ed95d334f8e4,Cody Kramer,oarmstrong@example.net,710,Weekly,21,Pro,0,0.57,"Our engineering lead hasn't flagged cost as an issue for the integration, but hasn't praised it either.",0
616ef5bc-187d-4c55-a813-70f575c379ca,Kevin Evans,newmandavid@example.com,903,Daily,31,Basic,1,0.18,"General feedback: the mobile app is fine, failed uploads handling could be faster over the last billing cycle.",0
7df10052-5296-484f-bb26-342d07d3b008,Dustin Gomez,vguzman@example.org,190,Rarely,4,Enterprise,1,0.35,The last two weeks of intermittent report generation errors on the billing system has really hurt our workflow.,1
9a45dfd5-20b1-4952-ad35-eb58ee104588,Rebecca Johnson,cthompson@example.org,45,Daily,60,Enterprise,18,0.39,"We've escalated API timeouts on the onboarding flow fifth time now, still no resolution.",0
5a836490-0948-4ece-85ff-9e16b1b8b7a3,Jason Kennedy,barbara87@example.org,359,Weekly,51,Basic,1,0.56,It shouldn't take this quarter to get a simple response from your account team.,0
315b2683-fc20-40f3-aa12-832356b47d70,Crystal Wright,christian03@example.org,1073,Daily,22,Pro,1,0.6,The reliability of the workflow builder over the past month has genuinely earned our engineering lead's trust.,0
18af0636-24ed-48d7-a0ba-4ac9791aabad,Patrick Coleman,kimberlyhansen@example.org,147,Daily,47,Enterprise,6,0.31,Every time a small team relies on the billing system it fails us. the last few days has been rough.,1
631436e2-849e-4272-bf13-660b405584ad,Mary Leblanc,rachelbrown@example.net,146,Daily,83,Basic,0,0.33,Support has been fantastic whenever our IT team has reached out over the last billing cycle.,0
a5ad9b47-e278-494b-9fa4-a175b63c49b2,Krystal Hughes,michellemorris@example.com,501,Daily,113,Pro,1,0.85,"A general status update from our procurement team - no issues, no notable wins over the past month.",0
aa6bb979-166a-41ef-9c10-f66e8d0b899e,Terri Benjamin,karenoconnor@example.org,421,Weekly,42,Enterprise,2,0.45,Things have been mostly stable on the export tool for our whole department over the past quarter.,0
53d47b6b-4403-4ac9-bd65-bdfc1a907b0b,Aaron Ramos,edward39@example.org,226,Rarely,13,Enterprise,1,0.42,"Multiple business units has had a smooth, low-friction experience across the last billing cycle.",1
dfb05da6-6cef-4030-9665-cb5823e545e9,Edgar Miller,nicholasrobbins@example.net,500,Weekly,52,Pro,4,0.05,We've had repeated API timeouts on the billing system for this quarter now with no real fix.,1
9a505b43-3edb-460a-8af8-66ae4bd5bd86,Yesenia Johnson,kenneth74@example.org,466,Weekly,19,Basic,0,0.41,"Nothing to flag from a small team this cycle, just a standard usage update.",0
1f041de2-189f-4a64-be01-2ed8c8d57095,Erin Walker,sarahgordon@example.org,616,Weekly,37,Pro,1,0.79,The third outage of the mobile app in this quarter is starting to erode our trust.,0
402146d1-a478-47cc-84ff-4ed55b147662,Dr. Cynthia Russell,bobbyjohnson@example.com,106,Weekly,42,Pro,1,0.13,Our department head has asked for a status update third time with no response in the last few days.,0
51d4d6da-8aa4-45e3-8b4c-7041fa47eeb6,Jessica Sanchez,marshtyler@example.com,282,Weekly,20,Basic,0,0.56,Our engineering lead specifically called out how dependable the audit log has been over the past quarter.,0
356600c6-7df5-461e-83ba-e6ccbb5f16db,Christina Williams,joseph19@example.net,892,Weekly,2,Pro,3,0.2,Our IT team is close to recommending a rival platform purely on cost grounds.,1
d78aece6-c367-4200-9a31-cae8bab50055,Katherine Gonzalez,nelsonjill@example.org,53,Daily,33,Basic,1,0.69,The recent improvements to the integration have made a real difference for a growing team.,0
ec880a66-a0a4-460a-9562-403d927b4bd4,Courtney Webb,perkinsbryan@example.com,1054,Daily,45,Pro,0,0.03,We reported failed uploads on the analytics module several days ago and it's still unresolved.,1
44c62a65-ad12-49ac-9892-284af2dfd0e4,Megan Bright,cheryl20@example.org,573,Weekly,21,Pro,12,0.18,We are locked out of the audit log again during several days - this keeps happening.,1
e2ef9b8d-4977-44ce-aee0-f361854ed7c9,Tina Santos,ridgeember349@example.com,246,Daily,56,Enterprise,2,0.29,The analytics module handles a growing team's workload without a hitch. No complaints on the technical side.,0
280acb82-15c6-4405-bff6-6da94353fe90,Samantha Allen,qwhite@example.com,528,Weekly,28,Basic,1,0.21,"A minor broken links on the permissions system appeared during the last six months, low impact overall.",1
3312baee-1cd1-45a9-a661-3722b3f304ca,Vincent Turner,thomas48@example.com,668,Weekly,4,Basic,6,0.31,"We've escalated report generation errors on the billing system fifth time now, still no resolution.",1
e012abc3-2c12-4a00-b099-3eadeca8ed01,Mark Clark,carrollamanda@example.com,86,Weekly,21,Enterprise,0,0.43,Our procurement team would recommend this to other teams after the past year of good experience.,0
a2d2f088-0baf-4da9-a4d0-f71954505c1a,Kevin Miller,antoniowarren@example.net,470,Daily,57,Pro,0,0.61,Every time a growing team relies on the integration it fails us. the past few sprints has been rough.,0
