Customer_ID,Account_Age_Days,Login_Frequency,Daily_Usage_Mins,Plan_Tier,Support_Tickets_90Days,API_Utilization_Rate,Churn,Support_Ticket_Friction
10b54cc2-95f1-4520-8d06-12c58dc14449,1018,Daily,65,Enterprise,1,0.62,0,0.015151515151515152
2168308b-9154-402f-b502-bc2910e31d5f,1026,Daily,27,Enterprise,7,0.55,0,0.25
1fde5ab1-0bca-420d-9682-8450f11ca7ee,806,Weekly,56,Pro,2,0.53,0,0.03508771929824561
48ec32bc-1afa-485c-aa67-2d5da7703402,183,Weekly,30,Pro,3,0.42,0,0.0967741935483871
2e72b727-907a-4126-b618-c0429be15b94,56,Daily,53,Basic,2,0.24,1,0.037037037037037035
ebbce64b-fad4-48a8-b9d7-d5a7576c3b1e,878,Rarely,9,Pro,10,0.45,0,1.0
bea4470a-cb31-4fee-b097-6e6f2435db1e,174,Weekly,1,Enterprise,0,0.21,1,0.0
3016e575-3246-47f0-904e-f518ed9ec00e,111,Weekly,4,Pro,1,0.41,1,0.2
bb9c4b15-de47-4265-9850-07ba8a822c22,914,Daily,25,Pro,7,0.99,0,0.2692307692307692
6332f1ae-18c6-4031-aad5-ef8d6212281e,536,Rarely,1,Basic,7,0.87,0,3.5
3b71ba3c-9e17-4b0a-a4a8-aa2a1b067b75,377,Daily,41,Pro,3,0.49,0,0.07142857142857142
ce352f2d-8cca-4d9f-88ca-1597f58befe8,943,Weekly,57,Pro,13,0.38,1,0.22413793103448276
b890f744-3f03-4442-938a-0744a855f502,118,Weekly,9,Enterprise,16,0.37,1,1.6
8a102ae5-e3ba-4653-aa40-1d89b94e0c9a,921,Daily,111,Basic,2,0.5,0,0.017857142857142856
fa12a28a-2ac8-4767-a86d-9851a7e85a32,740,Rarely,9,Basic,9,0.43,1,0.9
d3946b67-c734-4f84-9eae-ceb37324fcdd,1034,Daily,65,Basic,1,0.74,0,0.015151515151515152
8716412d-d256-4f2b-a1ec-1102424b154d,774,Daily,57,Basic,2,0.7,0,0.034482758620689655
cc799781-4471-440e-b702-af522cd14623,509,Daily,80,Pro,1,0.23,0,0.012345679012345678
029324c2-715b-4452-9c2f-e849a9905e32,906,Weekly,8,Enterprise,0,0.66,1,0.0
944fece2-bad7-4ffd-a218-5e1f9e4f2315,851,Daily,98,Basic,0,0.24,0,0.0
154e6baf-83d7-401f-bdf3-83b902fb7d7e,107,Daily,55,Basic,0,0.83,0,0.0
9094fd46-3b61-4966-8d7b-e04a28d5944d,835,Weekly,6,Enterprise,14,0.24,1,2.0
59ebba0c-0e88-4940-b029-08d8f0f69537,128,Daily,32,Basic,1,0.56,0,0.030303030303030304
2b473399-35f2-4cef-8801-7c5cbae94abb,621,Daily,96,Basic,3,0.08,0,0.030927835051546393
679131d0-986a-4125-a8e1-26760739a821,963,Weekly,3,Pro,3,0.41,1,0.75
3232ffb1-961a-458e-a9bf-38aa909e594f,1026,Daily,64,Pro,3,0.25,0,0.046153846153846156
09f123bd-4fc2-4b8e-833e-c51844d09151,378,Daily,40,Basic,0,0.26,1,0.0
1cbaed1e-9f83-461a-8b31-de61f05d368c,383,Weekly,52,Pro,3,0.32,1,0.05660377358490566
2af03e03-c2b2-4e38-b3c6-df0de00a4ea7,439,Rarely,12,Basic,4,0.01,1,0.3076923076923077
7911a90f-f99d-48d9-a79d-32f0801456d8,251,Daily,117,Enterprise,3,0.53,0,0.025423728813559324
44201b48-56e1-4948-9605-73989952a7b3,628,Daily,36,Pro,8,0.59,0,0.21621621621621623
e602f1c1-8e52-4237-88a0-dfa0c3c4cfa2,532,Weekly,13,Pro,1,0.18,1,0.07142857142857142
6ac801e7-8d36-4fa3-ac0a-57cf7d86b6d3,85,Daily,97,Pro,1,0.44,0,0.01020408163265306
7be6e96b-96db-43a9-8757-479b40670980,858,Rarely,12,Pro,16,0.37,1,1.2307692307692308
1f7378c3-7ac3-461d-97ad-5ed2426ab696,1012,Daily,85,Pro,1,0.75,0,0.011627906976744186
1a965480-dbea-42af-953b-cde85fe1ca37,791,Weekly,43,Enterprise,4,0.54,0,0.09090909090909091
a69cca40-4729-4b65-b274-017bebc3c001,514,Daily,109,Basic,0,0.71,0,0.0
dd3e5880-7398-4de2-8911-1bca58de5f1d,234,Weekly,54,Basic,1,0.55,0,0.01818181818181818
1e480f8e-63ac-46b2-8a02-e020d593d2c3,520,Daily,91,Enterprise,4,0.37,0,0.043478260869565216
5b02287b-7195-40e6-8546-38287c413154,469,Rarely,9,Basic,9,0.6,1,0.9
4e44b866-6b34-4d7a-9239-ffa106745a0b,381,Weekly,46,Basic,3,0.53,0,0.06382978723404255
934297ea-2b6b-495c-ad5f-6aa17a213fe0,749,Rarely,7,Pro,0,0.34,1,0.0
e9be1436-f008-4caa-b57a-cc4c1f76a120,25,Weekly,36,Basic,0,0.82,0,0.0
9be076dd-5693-4444-a564-a2a936568cb6,632,Rarely,3,Basic,0,0.54,1,0.0
03e80a4d-bd04-4cdd-94e2-3a40d12ea924,814,Weekly,8,Enterprise,4,0.62,0,0.4444444444444444
b8cded9c-f238-49c3-80b0-620bc658e779,868,Daily,69,Basic,2,0.53,0,0.02857142857142857
7e307aae-8046-4514-a182-50ca4ea696c5,552,Daily,87,Enterprise,2,0.35,0,0.022727272727272728
c75a2195-b3e5-42dd-9bb5-9ce59242c58c,620,Daily,51,Pro,3,0.77,0,0.057692307692307696
0dc0aad1-1acf-4c90-b59c-d108e80d151c,39,Daily,91,Enterprise,0,0.68,0,0.0
65bd1688-5267-473b-8633-195bf00751e8,356,Weekly,33,Pro,0,0.59,0,0.0
ed206a4d-c86e-4974-b6e8-d21a16429338,525,Daily,15,Basic,3,0.4,0,0.1875
3e1ed4f1-d2b4-4cf2-9682-22e12cda4133,393,Rarely,9,Pro,0,0.29,0,0.0
7a44999a-0aee-4ab0-bf82-96a60273b76c,340,Weekly,28,Enterprise,7,0.54,0,0.2413793103448276
f545b3fe-9ed9-445d-bf00-e9bff7f1463b,116,Rarely,13,Pro,2,0.15,1,0.14285714285714285
6d3f1580-6ad2-412a-97c8-3923e31bda57,397,Daily,73,Basic,1,0.52,0,0.013513513513513514
e54405e8-2273-4aa3-a3a0-76ae8b87acd3,117,Weekly,22,Basic,7,0.13,1,0.30434782608695654
ef495ecf-9b39-428a-bd45-2579fd6fb9b4,639,Daily,76,Pro,1,0.77,0,0.012987012987012988
6ff070f6-8cba-4e88-88a7-d745a3aa8469,18,Daily,31,Basic,2,0.58,1,0.0625
ace0776b-9084-4893-a4b9-430b4b886d6f,681,Weekly,41,Basic,0,0.99,0,0.0
499deb55-e72e-4b42-b47a-48b14652afad,293,Daily,93,Pro,3,0.18,0,0.031914893617021274
3a1c5975-140a-4a43-8b39-9c299b676448,295,Rarely,9,Enterprise,0,0.56,0,0.0
e4abe2cc-8b2c-4fa2-bbb8-b002328db4bc,133,Daily,18,Basic,2,0.49,0,0.10526315789473684
4170c9d8-86f3-4522-95b0-2e5aac756ae9,570,Weekly,19,Pro,0,0.79,0,0.0
695477b1-bbc1-427c-adc2-0409e679ffaf,35,Daily,109,Enterprise,2,0.11,1,0.01818181818181818
41c3619a-656f-4349-9db4-04a990eaa15e,567,Daily,51,Enterprise,0,0.17,0,0.0
b1638be1-7b8f-42ec-b77c-e67cc6879d3a,779,Daily,46,Enterprise,0,0.88,0,0.0
59484897-fdc8-44c0-a6ee-020ffb371306,875,Daily,53,Pro,3,0.88,0,0.05555555555555555
eb821cfa-c928-44af-a245-dc66dbc631c0,32,Weekly,14,Basic,2,0.39,1,0.13333333333333333
de79f740-7741-462a-bc2e-6a5e8d934240,901,Rarely,5,Basic,1,0.4,1,0.16666666666666666
fcaa9f4b-219c-4066-beda-e970e4b1940f,805,Rarely,13,Basic,3,0.54,0,0.21428571428571427
7816ac5e-ad90-413d-a950-30bad6aa3d83,970,Daily,27,Basic,0,0.19,0,0.0
b6eda50f-ea49-4699-805e-aaf515486bc6,118,Weekly,38,Basic,0,0.34,1,0.0
b970238f-6b25-4449-af1a-5235e72b78ba,518,Weekly,6,Basic,0,0.41,1,0.0
9c3c1a30-2cf7-4bb9-af0c-4e6794061e66,247,Weekly,14,Basic,3,0.35,1,0.2
dee47df6-1577-4d50-a41a-1bfe34db8879,511,Weekly,59,Pro,1,0.44,0,0.016666666666666666
2c40c415-99a7-4d99-82f9-2e18c421831a,286,Daily,62,Enterprise,1,0.78,0,0.015873015873015872
f2cacbbe-6891-48b1-acbd-2174bed8696f,927,Daily,17,Basic,4,0.28,1,0.2222222222222222
27ecb3eb-cb16-46d6-9d4d-df0dc1f81105,615,Daily,99,Basic,1,0.82,0,0.01
08ec70b7-b329-4db8-aa16-d1b3736a4d4f,228,Daily,53,Enterprise,1,0.55,0,0.018518518518518517
ec382186-e0f1-4d9c-925f-2e9e0adcb988,464,Daily,57,Pro,3,0.1,0,0.05172413793103448
da17d74e-4479-40ce-8c30-485946728a6e,446,Daily,33,Enterprise,2,0.51,0,0.058823529411764705
1297d11f-915d-484d-8fdb-ac3cc7ade2e8,884,Daily,55,Basic,8,0.86,0,0.14285714285714285
e8c2cc02-0183-4b44-b5b1-652478450123,524,Weekly,1,Basic,0,0.55,1,0.0
b612afa9-159a-4fb2-abdb-c7661f4f37bb,339,Rarely,9,Basic,0,0.19,1,0.0
4ae2aef1-fb3a-4b9d-ac9f-803574e6cabd,687,Daily,15,Enterprise,1,0.79,0,0.0625
59b99135-b28f-470c-bbe9-1d1ffbb7f23c,886,Weekly,38,Basic,0,0.51,0,0.0
e3a6cf3a-b389-47f8-92f9-c96ebc91f900,463,Weekly,24,Basic,0,0.43,1,0.0
dfdc423c-cc23-49dd-85ea-7339db56cf5e,361,Daily,41,Pro,8,0.54,1,0.19047619047619047
7f297c37-5d05-4a90-a4db-ac3cff789e0f,240,Rarely,10,Pro,1,0.27,1,0.09090909090909091
41baf40b-36cb-4fec-9d15-b1045bcfbb3b,263,Daily,89,Enterprise,2,0.6,0,0.022222222222222223
4c9c9344-e43c-469c-880d-1fa965bd48cb,983,Weekly,24,Pro,1,0.43,0,0.04
8b7704df-241a-4dc7-8cc5-72639f5516b1,940,Daily,96,Pro,0,0.37,0,0.0
9efe8116-728f-489a-9552-ff7426ca6431,714,Rarely,9,Pro,3,0.53,1,0.3
cbf849ad-a1d8-4d1a-b74e-a58eff945847,101,Daily,53,Pro,3,0.01,1,0.05555555555555555
3f17364b-591b-43cd-864e-5875b1c096f6,527,Daily,54,Pro,0,0.99,0,0.0
52c24c75-6679-4ba2-b386-29658ea7362e,141,Weekly,15,Pro,1,0.28,0,0.0625
3a0310bb-4e41-41e7-93e5-13463e7d8fe3,253,Weekly,3,Basic,18,0.67,0,4.5
2d978c03-44ed-4497-b833-dcb8e0425b9b,151,Rarely,14,Enterprise,0,0.61,0,0.0
8a0eddd8-db4e-43c5-869e-c7358d8798bc,426,Weekly,7,Basic,0,0.44,1,0.0
74f1c298-c999-4bcf-8a03-eb7d481c2a68,396,Weekly,37,Basic,0,0.63,0,0.0
4b4ff341-b353-4378-840e-592cffd8f1e7,236,Weekly,20,Pro,4,0.4,0,0.19047619047619047
a6b53213-09f0-4f7b-96f5-e375801d6f56,1076,Daily,49,Basic,12,0.8,0,0.24
5a836490-0948-4ece-85ff-9e16b1b8b7a3,359,Weekly,51,Basic,1,0.56,0,0.019230769230769232
a9843162-488c-4b52-b441-bc516442a8a9,440,Weekly,47,Basic,1,0.4,0,0.020833333333333332
de6bc24f-328c-4b90-afac-661eb402e247,761,Daily,30,Basic,15,0.59,0,0.4838709677419355
5c89c2e3-7ede-40d8-b024-9bff74bbe440,1004,Daily,19,Pro,1,0.48,0,0.05
8baaa87a-0083-45a7-9eb7-2c6fd1e14b3e,1005,Daily,100,Pro,2,0.57,0,0.019801980198019802
9947eb4f-968f-4b00-9e07-81b4d4f2982e,598,Daily,90,Pro,9,0.62,0,0.0989010989010989
c956c0c5-71a3-43f3-8ab8-35f4bcd57f46,986,Weekly,1,Basic,0,0.5,1,0.0
d2de4f73-1d48-4951-8209-9afcc2e220ec,527,Daily,38,Basic,5,0.34,0,0.1282051282051282
30f4d14d-a1e4-456d-a54e-bad638c88bfe,561,Weekly,29,Enterprise,3,0.43,1,0.1
c083914f-4231-4846-a101-28e403a482a6,140,Weekly,14,Pro,1,0.76,0,0.06666666666666667
dfa943f6-6f0a-4faf-a17d-881335e0a83e,531,Weekly,14,Pro,1,0.7,0,0.06666666666666667
caf4827b-c1a9-4591-b316-8bc36059269b,1060,Rarely,14,Pro,2,0.06,1,0.13333333333333333
cbc97efc-d5a5-4b05-866c-746138a45dfd,883,Daily,43,Pro,0,0.75,0,0.0
4ff8fad1-5405-423d-bf48-b65b7610febb,918,Daily,29,Pro,0,0.7,0,0.0
aa53705e-0450-486b-b104-b7faf821110c,490,Weekly,24,Enterprise,2,0.73,0,0.08
cf80ae4e-057a-4b2c-ae8e-33ac060b9b89,602,Daily,113,Basic,1,0.39,1,0.008771929824561403
a74565ec-394a-44b5-93c1-f28e6a081d80,664,Daily,65,Enterprise,0,0.66,0,0.0
29c5aaec-09b4-4bc1-ac73-720feaf7fc06,870,Daily,43,Pro,1,0.69,0,0.022727272727272728
9072261a-644c-4b21-9b65-d74971291e88,673,Weekly,1,Basic,1,0.61,1,0.5
1c268f25-b778-47b8-a771-9f7e60da1dea,157,Daily,25,Pro,1,0.82,0,0.038461538461538464
c4cf3a80-cbbe-47c5-8340-ef8d149607a7,113,Weekly,21,Enterprise,1,0.64,0,0.045454545454545456
d5fc6b5b-4775-447a-b49b-721d107c2581,608,Weekly,8,Basic,20,0.54,1,2.2222222222222223
3cbddf97-c9ff-4701-a979-2d2d341aa8fc,185,Rarely,11,Basic,10,0.19,1,0.8333333333333334
3ef2024d-a8b8-4c00-9f35-62c3ee2fdf52,993,Daily,104,Enterprise,2,0.99,0,0.01904761904761905
599b7a36-470a-47bd-95c8-ffbc50999dca,973,Daily,55,Basic,0,0.69,0,0.0
2b1bd39f-e0c4-4651-bd75-68274982ba49,201,Weekly,16,Basic,4,0.31,0,0.23529411764705882
e5600f43-5c1e-4315-9976-7674bd7a2e19,590,Daily,23,Basic,2,0.67,0,0.08333333333333333
2d9b3afc-264e-4068-b27c-e045294616ac,17,Weekly,32,Basic,2,0.49,0,0.06060606060606061
a1705718-50a5-40e5-acef-d52ed7304dad,1040,Weekly,19,Pro,1,0.35,1,0.05
851aa71f-e1e7-4c22-84f3-b593bbca09dc,55,Rarely,10,Pro,1,0.38,1,0.09090909090909091
fbd64070-8df0-48ce-bdad-4b8496dd8cd7,726,Weekly,10,Basic,16,0.64,1,1.4545454545454546
80ec097d-de50-48c3-b204-54069f7211c3,458,Weekly,3,Basic,4,0.5,0,1.0
c9649868-a993-4055-9f5a-2d053841201c,257,Weekly,9,Pro,1,0.24,1,0.1
36f95465-6306-46ae-b279-2b71113b1934,803,Daily,54,Enterprise,0,0.58,0,0.0
fb1c02e9-928b-49d1-98c2-38bf4ffce7f9,20,Weekly,43,Enterprise,3,0.47,1,0.06818181818181818
d5feec8d-c8f6-4cec-b1b7-493057d9221a,62,Weekly,10,Basic,4,0.13,1,0.36363636363636365
e88f5c23-59a5-4d18-ae26-059b6206e74b,833,Weekly,22,Pro,1,0.46,0,0.043478260869565216
735d1e79-6a60-4670-bf55-2bc6d1c346dd,288,Weekly,37,Enterprise,5,0.2,0,0.13157894736842105
cb5060ce-93bd-44c5-99b0-9cd7131ff0a1,988,Daily,45,Basic,7,0.22,0,0.15217391304347827
3faabf0b-b460-42db-a776-a2b97c52d05d,1066,Daily,51,Basic,16,0.57,0,0.3076923076923077
02075b8a-ec78-4809-aea5-f010b5598e2f,798,Weekly,53,Basic,2,0.56,0,0.037037037037037035
bff7488c-0696-4075-95d7-540a0fa37145,662,Weekly,42,Pro,0,0.89,0,0.0
1f041de2-189f-4a64-be01-2ed8c8d57095,616,Weekly,37,Pro,1,0.79,0,0.02631578947368421
7e8ab7a2-7571-4239-8b89-0abb56629a9d,1056,Daily,45,Basic,2,0.35,0,0.043478260869565216
241a025f-033b-4955-a64c-0edcac7a2037,112,Daily,112,Basic,0,0.99,0,0.0
0b92120f-3472-47a4-ada5-d8aff403283c,152,Daily,71,Basic,0,0.54,0,0.0
9f957a24-2785-4276-9314-51f542913777,840,Daily,49,Pro,1,0.47,0,0.02
a8c07640-982a-44c6-9d4a-48a8a7e2e853,797,Daily,33,Pro,1,0.68,0,0.029411764705882353
55690ebe-24d8-4af3-8336-d6358141ae5e,170,Daily,25,Pro,0,0.89,0,0.0
08404c54-64a1-4923-8d9e-8d25df28b40a,912,Weekly,39,Basic,3,0.46,0,0.075
558ea305-b360-4726-ae7c-8d99ac7d77bb,331,Daily,29,Basic,4,0.61,0,0.13333333333333333
a556cd3f-d830-4908-8de2-53a046fa61c2,712,Daily,40,Enterprise,1,0.68,0,0.024390243902439025
57565876-7cc7-4160-adc3-3af5e156c126,350,Rarely,5,Pro,0,0.43,1,0.0
f920e5a1-f0b8-40cd-a128-fb4cf962e9e2,598,Weekly,44,Basic,0,0.55,0,0.0
db3ff3b1-b619-4471-b8cb-2306c5820a47,447,Daily,38,Basic,0,0.22,0,0.0
db35606a-12ee-4011-bfb0-5d61d8a7c7e8,271,Daily,48,Pro,4,0.25,0,0.08163265306122448
7297e1af-1323-4611-a023-3a004778f01d,570,Daily,51,Pro,2,0.8,0,0.038461538461538464
bb7b8799-c20b-4adc-bbe3-1629da49beff,244,Daily,98,Pro,0,0.99,0,0.0
be2af142-ce1a-461b-955b-61be6a842be7,189,Daily,69,Pro,1,0.01,1,0.014285714285714285
44f1d93f-f909-46a1-a27c-d6c873c636b9,226,Daily,111,Enterprise,3,0.39,0,0.026785714285714284
bb20ce36-ed9b-41d4-875d-46c1334942e8,667,Daily,76,Pro,4,0.9,0,0.05194805194805195
32700a03-3c7d-4754-aa44-697694667e0f,1050,Daily,22,Pro,0,0.24,0,0.0
343c7992-882e-410b-8371-24f8ef59d90c,898,Daily,30,Pro,3,0.44,1,0.0967741935483871
881dae7d-86d5-4b57-8096-393ddebe7d5e,151,Daily,65,Enterprise,1,0.65,0,0.015151515151515152
e392be9d-842b-4c6e-8429-050354aa8ab6,290,Weekly,41,Basic,1,0.38,0,0.023809523809523808
1bb7a0de-ebdc-41b1-bf08-e3c492dfe282,680,Rarely,5,Pro,5,0.2,1,0.8333333333333334
004f8d1e-bd3d-4c1d-ba70-6917a204164e,763,Daily,110,Basic,4,0.75,0,0.036036036036036036
b2660667-0c40-4c3b-9739-1c915d80a2d5,250,Daily,53,Enterprise,1,0.6,0,0.018518518518518517
d37a23a8-1486-43ac-b35b-3dd643c23e84,1040,Weekly,11,Pro,3,0.27,1,0.25
f5c1ea95-09ef-44f8-9b84-af4e4366699c,340,Rarely,5,Pro,1,0.89,1,0.16666666666666666
8285c911-8ed6-4fa6-be69-38f5817c2657,1090,Daily,21,Enterprise,11,0.43,0,0.5
40769001-e16e-4274-b075-c7ac4053f1d5,527,Daily,58,Basic,11,0.1,1,0.1864406779661017
0c884246-0b0e-49ba-93ea-50f7827b7b41,1069,Rarely,1,Basic,1,0.51,0,0.5
0e3d9835-c125-48ef-a384-0f5c5edcde11,444,Weekly,2,Enterprise,12,0.08,1,4.0
c0398004-897b-4fa3-a303-b7045c80175d,233,Weekly,33,Basic,6,0.29,0,0.17647058823529413
ed3bfa55-b745-4e08-8bac-0f11ae45a819,257,Weekly,4,Basic,7,0.19,1,1.4
1f45946a-a6ed-4f96-8147-7aef34489f45,366,Daily,56,Enterprise,0,0.42,0,0.0
cdac0893-d5f1-4987-8915-9c957329aa73,405,Weekly,30,Enterprise,17,0.49,1,0.5483870967741935
e6c56e3c-2b4a-4324-93e4-58bcc29ce9ba,341,Daily,45,Pro,0,0.36,1,0.0
10445471-f5fa-422d-bed4-4c3609b311c8,9,Rarely,8,Basic,5,0.13,1,0.5555555555555556
26fa7b46-a246-48dc-b290-30882174b8ee,380,Weekly,51,Pro,1,0.66,0,0.019230769230769232
26e73d72-c6fe-4662-8b7a-a6934d7c5574,446,Weekly,15,Basic,2,0.37,1,0.125
1b563a97-f2de-4915-8ced-f05a67bfde22,925,Weekly,13,Enterprise,1,0.52,1,0.07142857142857142
134b7cc6-67e5-42cb-9be4-28181a3a7ce8,531,Rarely,13,Pro,2,0.52,0,0.14285714285714285
933563df-14e8-4135-a45a-c418e18a2cc7,891,Weekly,30,Basic,11,0.39,0,0.3548387096774194
fd873c4c-9b2f-49cf-8db9-575aafe6da3e,512,Daily,29,Basic,1,0.36,1,0.03333333333333333
c1645293-c8b9-4443-af74-28ed55c270b3,629,Daily,47,Pro,18,0.4,0,0.375
8126766c-68f8-4889-9a2a-b1e7d3959f33,489,Daily,72,Basic,0,0.32,0,0.0
e3b1d1ad-6b55-4422-90c2-19eb07cc98eb,988,Daily,85,Pro,3,0.85,0,0.03488372093023256
7b90c03d-6c8d-4d4e-a45b-5197cb1e3a0d,571,Daily,33,Enterprise,2,0.66,0,0.058823529411764705
554eef82-a93e-4f5c-af39-63a7238e3729,836,Rarely,6,Pro,0,0.72,1,0.0
41090716-9deb-4e2e-9060-abf250008eb5,1089,Daily,54,Pro,3,0.01,1,0.05454545454545454
fc80bef4-4403-4b1a-93a6-05429018dd3a,801,Daily,77,Basic,0,0.42,0,0.0
c252d17b-1874-455f-9c16-5cbfe16a7275,149,Daily,106,Basic,0,0.52,0,0.0
9f440fcd-77a1-4217-9404-99813e3ebff9,342,Weekly,6,Basic,1,0.52,1,0.14285714285714285
aa121bf3-71a1-4e55-9e7b-f826cae1cde5,806,Daily,109,Pro,11,0.63,0,0.1
d9bdfe0d-720e-4cbb-b836-d1d068c3bedf,607,Weekly,26,Basic,1,0.08,1,0.037037037037037035
469afb72-1be0-47f6-aa31-91119f5e4636,887,Daily,81,Basic,19,0.54,1,0.23170731707317074
5befa1ff-cbda-499b-a04d-cfb9f7bbb8a4,913,Weekly,5,Enterprise,0,0.54,0,0.0
5008f124-cd85-418d-a649-4170dc2bd022,85,Daily,50,Pro,2,0.53,0,0.0392156862745098
744a883a-839a-4b50-8306-c046666e4286,27,Daily,16,Pro,1,0.79,0,0.058823529411764705
703e8cb1-b47a-444c-bcba-ff1dfdbff520,410,Rarely,9,Enterprise,1,0.56,0,0.1
e473e178-9cda-4a66-bd4f-d0a10fe5f717,278,Daily,59,Basic,2,0.52,0,0.03333333333333333
73202e9b-f040-4727-bcba-4a643aca0437,535,Weekly,20,Basic,8,0.51,1,0.38095238095238093
9f07dc06-e26b-4464-8956-6a7daab7eeef,699,Rarely,3,Basic,2,0.01,1,0.5
ffd5a556-6a5a-4f71-ae70-bc1c1d5dad12,499,Rarely,14,Pro,3,0.47,1,0.2
c4814e8c-b57f-40a6-8757-df541d15e621,802,Daily,66,Basic,0,0.42,0,0.0
12ff5116-3be0-40f4-9f72-b9c156cf4ba8,485,Rarely,12,Basic,2,0.39,1,0.15384615384615385
cd4831fa-dc93-4c2e-8342-f4668c99d6c6,366,Daily,59,Basic,0,0.44,0,0.0
52e432c2-d52c-4667-9471-a72fa6d8864f,250,Rarely,8,Basic,11,0.15,1,1.2222222222222223
d452f9d0-76b6-41fc-b2e4-5ceda332e63a,12,Weekly,52,Basic,3,0.54,0,0.05660377358490566
48acb123-f942-4db4-9796-2a1881d89af3,691,Daily,26,Pro,2,0.65,0,0.07407407407407407
762f4235-07b0-4787-8d02-687ad4595641,615,Weekly,16,Basic,1,0.89,0,0.058823529411764705
e040a73a-f3d9-4f82-8af9-535408c6acd2,986,Daily,116,Basic,2,0.64,0,0.017094017094017096
047ec4c6-963b-42d4-aacc-dd9f340f41f2,748,Daily,91,Pro,3,0.61,0,0.03260869565217391
27d7c0bd-d74d-43ae-91c6-303db5b7860c,573,Weekly,11,Basic,7,0.47,0,0.5833333333333334
33f1656c-dd4d-4f1e-8e70-0fd01c4e2570,859,Rarely,4,Pro,11,0.12,1,2.2
d196e3f5-dfd0-4276-b268-b68d32cc514c,747,Weekly,10,Pro,9,0.57,1,0.8181818181818182
a700d152-7bf3-419e-bfc2-51d6640c0286,335,Daily,58,Pro,0,0.29,0,0.0
bf171420-11ed-4bde-ad8c-9de92fddd61e,399,Rarely,2,Basic,3,0.16,1,1.0
d1c73e26-c73c-494c-b80d-41fa237e4e1c,839,Rarely,2,Basic,1,0.73,0,0.3333333333333333
559b10b6-e4d3-4a55-9cc7-c28e7413fd1f,776,Daily,18,Pro,0,0.34,0,0.0
78ddf3cd-b8f3-4bdd-8db7-a45532fe634a,67,Weekly,54,Pro,1,0.67,0,0.01818181818181818
ea576f91-fdbd-45c2-a799-b3bbc8d7227d,1010,Daily,52,Enterprise,1,0.72,0,0.018867924528301886
d8c86b10-7c2f-49a3-8e99-a4ccb0dfff4f,14,Weekly,2,Basic,1,0.76,1,0.3333333333333333
8f4ee33d-3a1c-4756-a7c3-8bd174cc43ad,697,Daily,44,Basic,3,0.61,0,0.06666666666666667
b0e2b5ee-7039-47b5-ad7f-ca627ff5fffe,522,Rarely,11,Basic,2,0.3,0,0.16666666666666666
016a1918-9928-49de-9f4a-1588fe2609b7,546,Weekly,37,Pro,3,0.14,0,0.07894736842105263
87ad18db-dee3-4d64-8483-f6938628429c,421,Daily,50,Basic,6,0.36,1,0.11764705882352941
40ac8022-d30d-442f-a2e7-8aeb8804e96d,551,Daily,50,Pro,4,0.99,0,0.0784313725490196
5efc9588-d61b-4ae3-abaa-2009e50fda95,792,Weekly,13,Pro,0,0.51,1,0.0
7dc0c175-44a1-44c5-bebe-d28d3c2b4aca,550,Weekly,47,Pro,3,0.21,1,0.0625
28532539-0d62-4ff5-b6a1-7ff6503e5d1b,500,Weekly,4,Pro,2,0.99,0,0.4
8b2dac02-974d-454c-aa4e-da8d2eddebb3,236,Daily,19,Enterprise,2,0.4,1,0.1
5473b61e-e230-4b36-95dc-8a4dd9c3cc8d,628,Weekly,55,Basic,2,0.21,0,0.03571428571428571
9701706e-de09-4075-aec0-363acbe69e22,989,Daily,73,Basic,1,0.73,0,0.013513513513513514
592b837b-6df9-4267-8009-b8a7d1c63e01,590,Weekly,42,Enterprise,1,0.55,1,0.023255813953488372
22ac8a7d-6fb0-429a-a3a3-d46450a43325,307,Daily,20,Basic,2,0.01,1,0.09523809523809523
b4477abd-4945-4701-8025-d9dcda082cdd,989,Weekly,7,Enterprise,0,0.29,1,0.0
8dfa4f5f-a204-4921-a93f-e4c70a4fd79f,835,Daily,61,Enterprise,5,0.27,0,0.08064516129032258
4b9b4d68-57bc-432a-b79f-ce6232a85ce9,314,Daily,33,Pro,0,0.67,0,0.0
44c62a65-ad12-49ac-9892-284af2dfd0e4,573,Weekly,21,Pro,12,0.18,1,0.5454545454545454
c1a55213-45fb-4770-bd4a-5e39b6819569,826,Daily,45,Pro,0,0.47,0,0.0
e1341cdb-3115-4e2f-87db-9a0acdc23405,511,Daily,73,Basic,1,0.76,0,0.013513513513513514
d931ad6a-f9fc-487a-bd00-805a82ecc4e4,8,Daily,40,Pro,1,0.99,0,0.024390243902439025
5dd2e5ad-d171-408c-9235-bd2e6b5d5af9,180,Weekly,20,Basic,1,0.74,0,0.047619047619047616
1baaac13-2a06-479b-be24-5aa54960f5fb,194,Weekly,14,Basic,7,0.4,1,0.4666666666666667
2190bee5-f773-4b43-ae2e-1245bed8e90f,726,Rarely,9,Basic,4,0.34,1,0.4
41ae30bc-19f4-4bb4-9879-6c59274f3a90,87,Daily,61,Pro,1,0.66,0,0.016129032258064516
1b9201e7-99e7-461c-be81-b7922a28d277,717,Daily,58,Pro,9,0.64,0,0.15254237288135594
b01b0991-6db1-4619-9fe5-a08df2280a4f,916,Daily,35,Pro,0,0.79,0,0.0
83214f8f-8d66-429d-8084-e6dbfa2252e8,292,Daily,101,Enterprise,0,0.86,0,0.0
6efa0660-5985-4619-8ea2-83c1cc034bf3,797,Daily,47,Pro,0,0.53,0,0.0
d167ccc1-c479-44e2-a61e-50a1e023330e,923,Weekly,29,Pro,2,0.99,0,0.06666666666666667
d70fd77d-2b87-4e4e-a44e-98e2ea6f79c2,855,Weekly,15,Pro,1,0.72,0,0.0625
50faf310-9296-49c2-8296-fcb0b32cc89a,262,Daily,51,Pro,6,0.65,0,0.11538461538461539
77c85a81-0559-406b-8ac6-12531204cb9c,801,Weekly,47,Basic,1,0.99,0,0.020833333333333332
aa15dd10-8971-4eae-94c6-d869997530d6,752,Daily,25,Basic,6,0.99,0,0.23076923076923078
16dcfca0-b78e-4fcc-b2b0-80fafc998620,855,Daily,69,Pro,4,0.83,0,0.05714285714285714
879354e5-51c5-4970-913b-37be3a598d51,592,Weekly,12,Pro,0,0.18,1,0.0
d9fc9e02-e15c-4780-b157-98b29abaca00,134,Weekly,58,Basic,0,0.99,0,0.0
20bace1d-8efe-46bd-9c52-03422254de31,541,Weekly,27,Basic,2,0.73,0,0.07142857142857142
f1a17358-004c-4f1b-9b0d-e1761ad98d86,494,Daily,113,Pro,2,0.73,0,0.017543859649122806
4362dbe8-aca8-4a64-a893-7d0b9c2a286b,597,Rarely,14,Basic,2,0.5,1,0.13333333333333333
5e594ce2-ac53-485d-917a-7c8a1c8510a4,196,Rarely,1,Pro,1,0.48,1,0.5
41bfd6d1-12c4-4443-a9d5-bf5a20f5e71e,819,Daily,83,Basic,0,0.44,0,0.0
69e048cd-bdd6-4797-8fe2-83fc4727966c,749,Weekly,25,Pro,1,0.64,0,0.038461538461538464
40c3ea41-296b-4017-a518-8275203acd9c,990,Daily,63,Basic,1,0.6,0,0.015625
10c0a861-416c-4712-bbf8-83290040f53b,112,Weekly,8,Enterprise,4,0.24,1,0.4444444444444444
acdd3842-fceb-464a-b70c-2907d28cca91,715,Daily,95,Enterprise,0,0.7,0,0.0
2a2b10fe-06fb-4b7e-a7dd-8b596aa87d47,311,Rarely,12,Basic,2,0.2,1,0.15384615384615385
b965f1cf-f39a-47e9-91ac-6ca7eafb5ca4,240,Daily,38,Pro,1,0.57,0,0.02564102564102564
e9472ec7-4fc3-4564-91b8-817f95428867,487,Daily,57,Pro,0,0.67,0,0.0
0f1faf93-303b-4849-947d-2eda782d6138,515,Rarely,12,Enterprise,1,0.75,0,0.07692307692307693
0fa0b474-6adb-4723-8acc-899fbd69e615,256,Daily,46,Pro,2,0.63,0,0.0425531914893617
017e8c0f-b207-4bc4-96a6-176f69859ecc,911,Weekly,55,Pro,3,0.5,0,0.05357142857142857
f0f9dcb3-3c85-4353-ab0f-340d2126e6fd,320,Weekly,41,Basic,14,0.15,1,0.3333333333333333
7bf396ff-b1d4-49aa-b4c3-beea9a1ceabd,78,Daily,39,Basic,4,0.03,0,0.1
4bac49b5-00d6-4d66-abd6-6e08140af43f,582,Daily,64,Basic,2,0.44,0,0.03076923076923077
ee6130cb-43c2-409f-8b0a-12555589faaf,144,Daily,15,Basic,3,0.26,1,0.1875
8e8639af-fccc-4acc-8e61-b75d447327e9,828,Daily,15,Basic,0,0.6,0,0.0
ea412d7c-ef49-4da8-b79b-2e8b8089d6f5,570,Weekly,27,Basic,1,0.67,0,0.03571428571428571
e16da087-51d9-4771-8092-ecbc028b5f68,939,Daily,25,Basic,4,0.33,0,0.15384615384615385
48f54a5e-75a5-4742-84d4-399b06ce3410,836,Weekly,27,Basic,0,0.67,0,0.0
df5d3d3e-9bd9-48d3-b203-847e6d2edd1a,207,Weekly,43,Basic,2,0.55,0,0.045454545454545456
88d80824-4f1b-4f36-bb6c-9583d02f880b,557,Daily,75,Pro,5,0.73,0,0.06578947368421052
0913ed52-047e-4857-8aaa-260f91700ddd,630,Weekly,42,Basic,0,0.57,0,0.0
bdf3728a-17c9-4acc-bb4e-82d948cd2639,236,Weekly,8,Enterprise,3,0.18,1,0.3333333333333333
877f4a6b-7d8c-45a8-81d4-fd83444c412f,138,Weekly,19,Enterprise,1,0.24,1,0.05
e1d91669-02c9-4dd4-8f06-3177c0107217,436,Rarely,3,Basic,5,0.36,1,1.25
85ba2008-ade5-4d0e-8f94-e38f06479f9b,455,Daily,60,Pro,12,0.55,0,0.19672131147540983
4170a1e2-0105-4806-8862-3a63c6c76b6b,202,Weekly,22,Pro,2,0.66,0,0.08695652173913043
0237ad5f-4db3-4f88-9f73-16ce0ff04bb2,727,Weekly,2,Enterprise,17,0.42,0,5.666666666666667
5fc44996-41c1-4a9e-8b04-2821af4e7b15,524,Weekly,40,Enterprise,1,0.59,0,0.024390243902439025
1c19823d-2946-4a17-a645-3950e9fab8d4,911,Daily,108,Enterprise,0,0.29,1,0.0
a57e85ba-384c-4f46-bc14-46a10bbc9031,1026,Daily,43,Pro,1,0.76,0,0.022727272727272728
317c6963-9a7a-461b-bd69-6ab699fda234,845,Weekly,34,Basic,1,0.92,0,0.02857142857142857
7d71605d-e2a9-49cb-bf31-69e846b0790c,369,Weekly,1,Pro,4,0.25,1,2.0
dfb05da6-6cef-4030-9665-cb5823e545e9,500,Weekly,52,Pro,4,0.05,1,0.07547169811320754
59332ee4-3c32-4aa1-9387-cad2cead7a3d,759,Weekly,7,Pro,1,0.65,1,0.125
313a1c9f-4350-4dab-ac84-533dee477503,695,Daily,57,Enterprise,17,0.04,1,0.29310344827586204
e012abc3-2c12-4a00-b099-3eadeca8ed01,86,Weekly,21,Enterprise,0,0.43,0,0.0
178f73c7-a79a-4459-8631-b9e27e3274e2,588,Rarely,1,Basic,5,0.41,1,2.5
57a42f22-9609-41b4-bfa0-27b21afff850,639,Weekly,8,Basic,3,0.65,1,0.3333333333333333
2e5c1842-a6fa-4c6c-bfe5-5b2a89c8aed8,644,Weekly,3,Pro,3,0.5,0,0.75
eefcf601-6af5-41e2-96d7-8a22b8f6d13f,419,Rarely,10,Basic,0,0.34,1,0.0
61e08358-15a6-433b-8cbc-76eb98731a61,734,Daily,106,Pro,0,0.36,0,0.0
99bccc13-cb0b-4d2e-94c0-6fde9f133c5c,220,Weekly,40,Pro,0,0.69,0,0.0
cb0e1476-d5f7-4fd5-a2b0-61650b804d8a,496,Rarely,11,Pro,1,0.43,1,0.08333333333333333
be0fff09-d876-4715-918d-6b6508f652eb,739,Weekly,7,Basic,0,0.45,0,0.0
d47ba6b9-4ea0-4cf8-85a9-de4c3ceb62ae,606,Weekly,9,Basic,0,0.12,1,0.0
58d7c51e-ce39-4383-8abb-9d778aacc71a,355,Daily,16,Basic,5,0.69,0,0.29411764705882354
ae8293e7-f48b-4bed-ad31-f3c460adc7dc,575,Rarely,1,Basic,1,0.42,1,0.5
c042aaf0-217a-455b-81f3-09cb20491239,98,Daily,70,Pro,0,0.53,0,0.0
ee38a84b-09f3-48e9-ac34-62ee419fcf15,826,Daily,54,Basic,2,0.64,0,0.03636363636363636
b3eda6f0-d0d0-44f4-8cda-5bd264d72832,744,Daily,33,Pro,0,0.65,0,0.0
742419fa-826b-4d88-a4c9-d19a82fd6020,314,Rarely,10,Basic,3,0.68,1,0.2727272727272727
c0a4b90a-d313-4052-805f-270d19f69cbf,426,Weekly,26,Basic,2,0.63,1,0.07407407407407407
50ab96fb-f120-4142-a8ca-9ee798fb00ae,818,Daily,19,Pro,4,0.47,0,0.2
537b8d53-8266-4d42-8bdc-0b1fd6f52b41,560,Weekly,12,Pro,0,0.66,1,0.0
5b062cf0-638e-4d8a-bf9e-a2c0b584c416,1092,Weekly,5,Enterprise,8,0.88,0,1.3333333333333333
3526f839-9868-470c-ae9b-51b3d474061d,938,Daily,30,Basic,4,0.37,0,0.12903225806451613
e6930d54-a940-44f6-b4d0-af5174184858,212,Weekly,33,Basic,0,0.67,0,0.0
cc7f4d16-630d-4151-9b23-3378b3c60c0c,762,Rarely,14,Pro,2,0.36,1,0.13333333333333333
90107b47-d45a-4e74-89e4-dc3cebc2be01,614,Weekly,39,Basic,0,0.18,0,0.0
3ef06d31-dfc6-41f2-8183-58c4caa25807,866,Daily,56,Basic,3,0.45,0,0.05263157894736842
d4050340-e9ec-47f5-bd2a-843a52b2e0ee,423,Daily,45,Basic,6,0.15,1,0.13043478260869565
679861d3-6b81-42c2-a7da-0fe483fad492,1070,Weekly,28,Enterprise,4,0.54,0,0.13793103448275862
678481f2-5162-4192-b902-345464981bab,213,Daily,82,Pro,2,0.42,0,0.024096385542168676
f8fe5624-4877-452b-92a0-3130809b84f1,289,Rarely,8,Enterprise,0,0.47,0,0.0
b09cd4d6-2e51-404d-b3fb-8f96e3d423e8,313,Rarely,10,Basic,1,0.19,1,0.09090909090909091
c87069b0-56f3-4b08-913e-19abb70defa0,954,Weekly,12,Pro,1,0.78,1,0.07692307692307693
fcc5a8f7-c1d4-4139-bb1a-2eb580dc89d7,214,Daily,46,Pro,3,0.52,0,0.06382978723404255
5f967f7d-9d09-4285-91e8-f7b638a760ef,267,Weekly,8,Basic,1,0.4,1,0.1111111111111111
a6044657-8c00-4091-8c8c-80ff00e29c20,99,Daily,111,Enterprise,0,0.76,0,0.0
949c8a0e-0648-4aa0-a3b6-5acea7d30f36,1000,Weekly,55,Pro,1,0.25,1,0.017857142857142856
e1cac510-73fd-4c73-bd54-e924f707883d,1044,Weekly,5,Basic,0,0.73,1,0.0
993dbc3a-9395-4c70-a426-8bd2f266e9f4,522,Daily,78,Enterprise,2,0.97,0,0.02531645569620253
a8b2ac22-dd31-483e-8672-592b7089138f,790,Weekly,28,Enterprise,4,0.36,0,0.13793103448275862
e5d6602a-d1f8-49e1-b21d-c01b5033166c,401,Daily,48,Pro,2,0.48,0,0.04081632653061224
40708f77-a899-4596-b730-36932f99ad4f,251,Rarely,2,Basic,9,0.29,1,3.0
da5d7ae9-c477-4d03-8f2e-61e25fb339ec,33,Rarely,7,Pro,0,0.33,1,0.0
848a19c6-7332-4526-84e3-e8c339d70689,610,Weekly,42,Pro,1,0.69,0,0.023255813953488372
6c6c5375-0c96-4321-9b14-ef0eb8dc6169,763,Daily,101,Enterprise,4,0.65,0,0.0392156862745098
39fd4eb8-5474-46a9-9cdc-349262e0d146,118,Daily,65,Basic,3,0.06,0,0.045454545454545456
c67483a9-271a-413d-89e4-db6914dbf596,680,Rarely,6,Basic,2,0.39,1,0.2857142857142857
ae5aacd0-2d3c-4f70-9bdc-035afdfe0884,669,Weekly,48,Basic,1,0.57,0,0.02040816326530612
88a183bf-c2b8-4819-bbc4-7f556b238ee5,456,Daily,35,Pro,3,0.42,0,0.08333333333333333
224cd2d9-86aa-4e1b-9c92-1a63a6ad27e4,990,Daily,25,Basic,1,0.34,1,0.038461538461538464
9075c2dd-e266-41ae-ba8f-abd8d0dced5d,877,Daily,116,Basic,0,0.79,0,0.0
2cd6638e-9e22-45fa-9cc3-852c02965962,684,Weekly,3,Pro,2,0.33,1,0.5
1858812e-7920-4fe1-9eba-e7a0dfdf8962,479,Rarely,9,Basic,4,0.26,1,0.4
71b7d41e-aa6d-46fd-a950-4cf61c405f76,369,Daily,93,Pro,1,0.95,0,0.010638297872340425
36f63275-5e2f-4c5b-8453-3d16c38a935f,328,Rarely,7,Basic,1,0.27,0,0.125
d0751661-3bad-42af-9088-3b74f41e9d8a,418,Rarely,2,Pro,1,0.23,1,0.3333333333333333
9cd0ba71-da08-4b41-9654-a745fc5ff78e,657,Weekly,40,Pro,2,0.25,1,0.04878048780487805
015dc834-ac4d-4ee3-b16b-a9313474f384,82,Weekly,7,Pro,3,0.53,1,0.375
6c5761a0-255c-4a63-a3e5-328f9ddff1f5,864,Daily,46,Basic,2,0.58,0,0.0425531914893617
62264fc9-589e-4acc-9f3a-ee0d91ab4ad3,1017,Daily,44,Basic,0,0.68,0,0.0
a0334960-03de-416e-89f6-25813bd944fc,1006,Daily,37,Enterprise,0,0.14,1,0.0
850cc9fe-84bc-42e4-bcd8-39ecc9451df0,546,Rarely,14,Basic,1,0.49,1,0.06666666666666667
7983c0dd-6ac5-4689-89c5-7021adaa2d5e,190,Rarely,4,Basic,4,0.48,1,0.8
a99c0c0a-2b5a-4c91-aafe-b1c8b9c13a4f,599,Rarely,5,Pro,3,0.17,1,0.5
ed22d7a4-81a7-47ae-9b77-74bfab5a3245,758,Daily,82,Basic,2,0.11,0,0.024096385542168676
71710db6-9610-4f22-b194-e5c5e658c8b4,1017,Rarely,7,Enterprise,2,0.33,1,0.25
b24854f9-cba8-4ffc-a9e9-12647c0b2090,697,Daily,26,Basic,0,0.53,0,0.0
3c04ff16-f13f-4363-8564-14a285d5c644,171,Daily,50,Pro,1,0.44,0,0.0196078431372549
aca55d7a-31d5-4cc7-aafe-b9bb3255d054,219,Rarely,7,Pro,0,0.33,0,0.0
c571ac4d-ad6e-4c52-bc2d-55e1895c7af8,55,Weekly,43,Basic,0,0.64,0,0.0
267a98ef-9175-42c3-bf50-8a2cb33638f4,691,Daily,32,Pro,5,0.07,1,0.15151515151515152
a7e259d9-c951-4fbe-a5b0-1791984f0ce4,817,Daily,51,Enterprise,4,0.39,1,0.07692307692307693
e8ff5f04-cc0e-44cc-ab9d-b7c2814cd672,1010,Daily,74,Pro,5,0.78,0,0.06666666666666667
989d88dd-648b-4ac3-b7c0-d52377d14fea,875,Weekly,29,Pro,3,0.83,0,0.1
6f0c00ac-387c-4296-9df2-c9d4fe038bb2,72,Weekly,34,Basic,6,0.31,0,0.17142857142857143
fe2c857c-6537-4b90-aa2b-d17d61757993,511,Rarely,1,Basic,1,0.66,0,0.5
5daae4db-4dac-4a48-b547-80d387782dce,1049,Daily,45,Pro,0,0.11,0,0.0
e124628a-36fc-48cb-a930-fccbdc94ca04,948,Weekly,20,Basic,1,0.06,1,0.047619047619047616
a8009a62-713e-4448-8e32-e1f9f860ac90,755,Weekly,59,Basic,0,0.34,0,0.0
c882f4ff-2580-4a91-8159-1695be59e0da,1072,Weekly,5,Basic,2,0.6,0,0.3333333333333333
4ef8281f-98ef-45d6-a272-310f3bbadd61,1011,Daily,50,Basic,5,0.45,0,0.09803921568627451
bc320592-2a1d-4c97-92c1-7d133cf3ff16,917,Daily,50,Basic,3,0.85,0,0.058823529411764705
e4dc0cd8-6e20-4b09-b0e8-5ea2ef00a777,782,Weekly,16,Pro,3,0.73,0,0.17647058823529413
940abb54-018b-4db4-9058-b383fdd31141,261,Weekly,17,Basic,1,0.83,0,0.05555555555555555
6992f324-112f-44ca-b5d4-4ebcd423d03b,447,Daily,37,Enterprise,2,0.85,0,0.05263157894736842
f7e50f2e-624a-4d81-8f3a-94bc80d67d92,748,Weekly,1,Pro,8,0.15,1,4.0
b4dafe4a-5fb9-4fe8-807f-9f0a2774612d,503,Daily,59,Basic,13,0.21,1,0.21666666666666667
ce8f3e60-fd1e-40f2-897d-70518ebd9a69,502,Weekly,58,Pro,4,0.99,0,0.06779661016949153
4bb6b934-559c-4706-897f-19c9c2b1dfe4,15,Weekly,1,Basic,1,0.23,1,0.5
f029b104-6745-4c31-8436-72764f4d847f,673,Weekly,13,Enterprise,1,0.55,0,0.07142857142857142
388f2f34-3b09-40ca-8f5e-7ce23da41d81,665,Weekly,26,Basic,3,0.27,1,0.1111111111111111
ed3a6729-d740-48c4-a778-fa2c93b249c4,644,Daily,17,Basic,0,0.53,0,0.0
df1ecaeb-1013-4ae2-86e8-635931d694c5,1077,Daily,16,Basic,4,0.84,0,0.23529411764705882
e7d4d5fa-419c-43e2-a9af-4b1a07aa4dd7,405,Daily,104,Basic,0,0.41,1,0.0
94afcb3a-b76f-45fd-94cc-5374860d25fc,714,Daily,37,Pro,1,0.66,0,0.02631578947368421
4dda9424-bed7-4762-a510-6ac32dc692f3,265,Rarely,2,Basic,0,0.4,1,0.0
02e1e4b2-45f4-48d0-862b-518263a4f27f,38,Daily,20,Pro,0,0.33,0,0.0
81f45b25-2b82-4da9-8034-7792e843ee87,806,Weekly,10,Pro,2,0.35,0,0.18181818181818182
2e255cae-023f-4d4b-ba6f-e7e24ffe2933,42,Weekly,34,Basic,2,0.55,0,0.05714285714285714
57fe6e75-0465-4882-9aed-2a5413c3757a,4,Weekly,51,Pro,0,0.42,0,0.0
365445e4-7bbd-449e-8617-94ba4cc25916,64,Weekly,3,Basic,1,0.77,1,0.25
f1fc8980-9eb9-43f1-933e-b2a767da00c2,819,Daily,46,Basic,3,0.73,0,0.06382978723404255
45a1900f-41f5-49ef-9a8f-ffdde1689fe6,1049,Weekly,1,Pro,1,0.37,1,0.5
497dc4a1-19eb-4eba-8547-af9124ca8301,929,Rarely,9,Basic,4,0.57,1,0.4
489663a1-4da8-4d2e-ba4b-c9786390a122,13,Rarely,3,Basic,3,0.36,1,0.75
e7bec420-d2e8-4f8e-9314-c0011f77cc03,56,Weekly,42,Enterprise,1,0.57,0,0.023255813953488372
13e10779-0688-4f57-b7d7-c59f012f7e58,596,Daily,38,Pro,0,0.66,0,0.0
12f5f48f-c291-4909-a4e6-0f26bec3a868,256,Weekly,55,Basic,7,0.58,0,0.125
0c196d51-d015-49d4-9979-2a9e8af737af,175,Weekly,42,Basic,3,0.42,0,0.06976744186046512
c30acb77-daf2-4802-a000-2e6b766b5362,627,Weekly,54,Basic,0,0.37,0,0.0
9a505b43-3edb-460a-8af8-66ae4bd5bd86,466,Weekly,19,Basic,0,0.41,0,0.0
1d4cc937-b61b-42da-b7f5-c0e2dc31ae20,691,Weekly,11,Pro,17,0.08,1,1.4166666666666667
a4a412ae-57b3-4596-9db9-2c2c7fa74f96,964,Weekly,47,Pro,1,0.24,0,0.020833333333333332
00421145-5693-4e39-8afc-28ba22fcf77e,819,Rarely,13,Enterprise,3,0.28,1,0.21428571428571427
35af99f5-148c-4803-939d-4ff187251e87,782,Weekly,10,Basic,6,0.8,1,0.5454545454545454
608cb8a6-9e2a-46d9-8a83-bbd3b4096802,435,Daily,82,Enterprise,0,0.62,0,0.0
6c4b554d-0962-47c9-9dc6-283d77285ea0,424,Daily,33,Pro,1,0.71,0,0.029411764705882353
7e8ddec5-851f-41c8-a44a-92dfc905cf5d,808,Daily,51,Basic,1,0.7,0,0.019230769230769232
4257fb75-ddab-4ebd-b053-77872551983d,311,Weekly,5,Basic,1,0.42,1,0.16666666666666666
16019225-f44f-4650-bdfd-79ed0ac461e4,388,Weekly,30,Basic,1,0.41,0,0.03225806451612903
2cf48fab-c551-4f43-ba83-da78da76a83c,594,Weekly,52,Basic,2,0.6,0,0.03773584905660377
3ff7ffea-76c5-4f5a-bacf-34ceb35fe212,824,Daily,63,Pro,3,0.55,0,0.046875
8fd3e91f-2ef3-41b7-be03-9ca96756e05e,508,Rarely,3,Basic,8,0.44,1,2.0
84985d9d-92c9-4c47-adb1-9d1cfa498247,873,Rarely,13,Basic,1,0.7,1,0.07142857142857142
cdb7d5ab-971a-4700-8273-7632cf4a0867,137,Daily,48,Pro,2,0.49,0,0.04081632653061224
42f439f3-3b91-472f-af8b-d1460d3f463d,252,Rarely,3,Basic,1,0.17,1,0.25
4665f2c3-6337-4bd4-9ee2-a9ec40bf5414,567,Daily,69,Enterprise,1,0.63,0,0.014285714285714285
388fe5d3-aac7-44e8-bb1e-bf162565136c,654,Rarely,12,Pro,0,0.51,1,0.0
931f826c-5cba-4cf5-bd0a-567c8baa226d,590,Daily,71,Basic,12,0.63,0,0.16666666666666666
82c35cfb-d443-42d2-aa41-d8afc3c3e029,150,Daily,17,Enterprise,2,0.65,0,0.1111111111111111
3659317e-2717-4a45-842c-f961f591a72e,809,Weekly,52,Basic,6,0.8,0,0.11320754716981132
142feff0-2907-4811-ad26-3fcf32a1bd88,305,Daily,25,Basic,1,0.57,0,0.038461538461538464
be8c5181-2071-426c-8fa9-914887b56150,994,Daily,50,Pro,1,0.63,0,0.0196078431372549
37ab984a-40e9-4e7d-9d04-72327e0d98d2,446,Rarely,12,Basic,6,0.04,1,0.46153846153846156
545a2b58-507b-4895-9058-ab77bbdbe67a,184,Rarely,5,Enterprise,8,0.4,1,1.3333333333333333
af17ec19-0b21-436c-9ab8-61c45b1df4e7,390,Rarely,13,Basic,1,0.24,1,0.07142857142857142
428f74f3-d5ef-4210-98b3-37290f6b4683,1002,Daily,19,Pro,1,0.19,1,0.05
a7c32f1d-2878-4514-9b54-9969f537125b,664,Weekly,27,Pro,0,0.6,0,0.0
7ac6f200-4d29-4af6-ad22-80977e639544,389,Rarely,5,Basic,1,0.11,1,0.16666666666666666
03e8ca50-852d-4474-8d10-53084b253406,848,Weekly,47,Basic,3,0.3,1,0.0625
0da560e1-ba0d-491c-a9e5-868314540528,817,Daily,106,Basic,1,0.6,0,0.009345794392523364
76ef1fe3-496e-4441-b29e-75dc7d136045,615,Weekly,12,Enterprise,3,0.26,1,0.23076923076923078
3372f0de-44d7-4072-807f-2556e38fc78c,706,Weekly,22,Basic,0,0.31,0,0.0
98a4beb2-0544-4bcc-bd32-6a8b178f8843,187,Weekly,31,Pro,6,0.16,1,0.1875
7ce48793-2fe6-429a-a536-110581aea2ef,1030,Weekly,39,Pro,8,0.59,0,0.2
913ff2bf-3597-42ca-8743-db5a3f96421b,480,Rarely,13,Basic,8,0.57,1,0.5714285714285714
dfc8172c-d6c1-48b8-9da4-b5be671ecb6f,117,Rarely,1,Pro,1,0.69,1,0.5
f5900a21-fee7-497c-9c6f-6430d17d2314,660,Weekly,9,Basic,2,0.41,1,0.2
b4885f42-8453-4ca7-9920-bd058c14b30b,453,Daily,19,Pro,1,0.7,0,0.05
814450f5-5c44-4522-b5e0-d0c8a6b87740,96,Daily,26,Pro,1,0.33,0,0.037037037037037035
bbbfc416-dda5-4a3d-bdfa-685bf5a9f3aa,279,Rarely,10,Basic,4,0.01,1,0.36363636363636365
41d564a1-84eb-4cf2-b2ae-827a27466413,318,Weekly,7,Enterprise,7,0.06,1,0.875
a50b9974-8468-472d-b526-b64f2a9a0e0c,299,Daily,105,Enterprise,4,0.3,0,0.03773584905660377
6aeb1c82-caa5-44b6-bdad-671f790d61c3,311,Weekly,8,Basic,0,0.26,1,0.0
28f1a708-cde6-41eb-846e-f9eac77a67b5,233,Daily,65,Basic,12,0.32,1,0.18181818181818182
cea4f19a-39bc-4df1-a718-40cffd19153b,608,Weekly,19,Pro,6,0.44,0,0.3
124e345e-9406-4347-8e3e-27f352a4af95,958,Daily,39,Basic,1,0.68,0,0.025
1094e801-4c48-4bad-9440-95656d9a9cf5,889,Rarely,9,Basic,19,0.53,1,1.9
5298083b-eb0e-4b11-a644-b64f2a4e37e4,419,Weekly,36,Basic,1,0.01,1,0.02702702702702703
1627088c-1ff3-40f8-9dcf-91e340acb7c4,877,Rarely,2,Basic,3,0.29,1,1.0
f2696f5a-7b94-4109-98a4-0b4ab2b049ab,657,Daily,53,Pro,0,0.71,0,0.0
9dda1865-9dd8-4a30-b30d-ed11f8513dc6,70,Daily,91,Basic,3,0.68,1,0.03260869565217391
fa036a1d-0e9c-45a7-9c36-9c8cff7ac442,793,Weekly,30,Pro,0,0.78,0,0.0
80bf349a-fddb-4d6d-a72a-50f62294a2b9,331,Daily,52,Basic,1,0.27,0,0.018867924528301886
2a87c013-c358-4b18-908b-2a88d41a48ac,448,Weekly,30,Basic,0,0.66,0,0.0
e2f47540-f9fc-4405-bdd0-11c2ff84135d,505,Daily,18,Pro,2,0.58,0,0.10526315789473684
55c32114-f8d2-4b4c-8032-c6c2866ed1bc,396,Daily,56,Enterprise,2,0.82,0,0.03508771929824561
4412405e-eefb-4052-9d48-ac48d7fab145,175,Daily,99,Pro,1,0.76,0,0.01
010c680f-153c-4578-8d6d-13f506a6baa9,741,Daily,62,Pro,1,0.55,0,0.015873015873015872
037ca95f-820c-4fdb-83a1-f491edd89c08,954,Daily,38,Enterprise,2,0.52,0,0.05128205128205128
8f321092-cb86-4a84-bee2-a5343b536e13,922,Daily,16,Basic,2,0.13,0,0.11764705882352941
81e80bc3-dd26-4bc6-8ba3-f8b72f289ac2,360,Weekly,43,Pro,1,0.17,0,0.022727272727272728
ad16e39f-0830-442f-9707-9cc13ab20494,13,Daily,72,Enterprise,5,0.4,0,0.0684931506849315
c16aabd1-a0b5-46a3-b09c-4aa0cbee9151,52,Daily,40,Pro,4,0.23,0,0.0975609756097561
fc665298-b5fd-41ac-bf05-dca9b822e922,409,Daily,66,Basic,0,0.6,0,0.0
010fa925-736f-462a-bb0a-fe6b22228423,612,Weekly,3,Enterprise,0,0.55,0,0.0
39713dd6-d615-42e9-b120-e9c17ac5568b,179,Daily,103,Pro,0,0.87,0,0.0
2a2cc89c-d3ff-4396-9aca-62484dc92e73,897,Weekly,14,Basic,1,0.68,1,0.06666666666666667
b89e712e-8ded-4d33-9721-4a1c94579400,242,Weekly,1,Pro,1,0.49,1,0.5
26b4932a-61b5-4373-8168-fdc1694af5c8,777,Weekly,7,Pro,5,0.28,1,0.625
91534361-0492-4f05-b189-acb52d0270b6,74,Weekly,4,Pro,3,0.01,1,0.6
0b9b5227-b604-43a1-8db7-479f8eb6704e,708,Daily,38,Pro,1,0.8,0,0.02564102564102564
b99722c9-b82a-435f-96a6-8d892a52dd1f,401,Daily,36,Basic,0,0.28,0,0.0
3dbd839c-8ea1-4d4e-9ab5-3a9ed311831c,716,Daily,84,Pro,3,0.6,0,0.03529411764705882
f959346a-99b7-4d2d-82e9-e5df2ccd2e3e,260,Daily,25,Enterprise,2,0.83,0,0.07692307692307693
2bcf2c79-fb74-4813-818e-693b3a8594cb,715,Weekly,1,Pro,18,0.15,1,9.0
c3b7a9a8-230b-43e6-a240-61fbd81309e8,743,Daily,97,Basic,0,0.48,0,0.0
6cc3f6bb-36e7-4c9c-aa10-87ab52d61679,485,Daily,47,Pro,3,0.43,0,0.0625
f1c180b9-6c66-416f-9809-f6cc0ddac29c,12,Weekly,37,Enterprise,0,0.46,0,0.0
37ebd6fc-a7d0-45d7-a070-f28113b438a4,985,Daily,68,Enterprise,1,0.41,0,0.014492753623188406
41f54ffb-116f-4b27-a296-48515d5bdc17,1041,Weekly,3,Enterprise,4,0.09,1,1.0
a1873ec9-6944-44fd-b8c9-b571920797ff,902,Rarely,13,Enterprise,8,0.29,1,0.5714285714285714
0de05912-94b3-4a31-946a-f0587a89c3e1,1055,Weekly,17,Pro,0,0.36,0,0.0
5f618698-65db-40f3-bb2e-3b70f73a13a4,302,Daily,25,Pro,0,0.72,0,0.0
f98c2683-282d-43af-9801-8d24448ecd28,288,Weekly,9,Basic,3,0.3,1,0.3
1075b1ad-9335-42c8-a96d-15f3de0328fe,428,Weekly,2,Basic,4,0.22,1,1.3333333333333333
4f6b72f2-ec08-4d53-9d36-693810d268b5,405,Daily,26,Basic,9,0.29,1,0.3333333333333333
a7be8913-abe2-421b-ab59-c10350b3c9ce,598,Weekly,52,Basic,0,0.46,0,0.0
6d76dcaf-0342-455e-a508-667b2fd33fdb,725,Daily,64,Basic,0,0.68,0,0.0
e71da460-e623-4d8c-8a42-4db422282e8e,47,Weekly,17,Basic,2,0.48,0,0.1111111111111111
b3c8255b-09f8-4607-9899-60a31ba30085,250,Rarely,9,Enterprise,1,0.63,0,0.1
86cfd1cc-2f85-4917-82d2-73f103500dfb,914,Weekly,53,Pro,0,0.25,0,0.0
895afd45-f8a3-456e-bec5-e4acb1867e6e,575,Daily,92,Basic,3,0.62,0,0.03225806451612903
1d46ae9d-c811-49dd-bef0-fe59efb81de5,716,Weekly,41,Enterprise,1,0.68,0,0.023809523809523808
2ff617cc-889e-4caa-a02e-73113a30c180,375,Weekly,32,Pro,7,0.66,0,0.21212121212121213
ca5dac90-c430-490a-9e92-1adf81283b48,718,Rarely,5,Enterprise,6,0.42,1,1.0
588a7b62-4eda-46db-b554-f1c252b15a3a,863,Rarely,12,Pro,3,0.37,0,0.23076923076923078
514d19ca-5484-45fa-b570-b4093cf41c22,54,Weekly,39,Basic,2,0.67,0,0.05
c270df01-f3b3-4d89-8c24-bd697b482470,917,Rarely,12,Enterprise,2,0.42,1,0.15384615384615385
a1974816-6b40-4638-8bea-78a554f15522,327,Daily,65,Pro,0,0.88,0,0.0
1ea3d9c0-cd92-4318-87ac-4de62ce475e7,663,Weekly,54,Pro,3,0.47,0,0.05454545454545454
309ba402-4cd0-4c73-81d8-a60460149f34,363,Rarely,3,Basic,1,0.37,1,0.25
7cca8ae0-53c9-410c-b1b9-c0dec6ca92b1,919,Daily,52,Pro,0,0.97,0,0.0
6d58e5c6-1d3e-4324-bc29-f4877d509fd8,931,Weekly,58,Basic,0,0.46,0,0.0
2e76f6c8-4ac3-4ab5-8e68-532ceca76902,721,Weekly,12,Basic,0,0.46,0,0.0
23ac497c-9a81-4c9e-97cd-d343618e86eb,224,Daily,54,Basic,1,0.58,0,0.01818181818181818
7b4d57a7-1d5b-4a80-b11f-a2abf2606aa1,793,Daily,24,Pro,1,0.54,0,0.04
36c5678e-3c45-43f8-972b-722d65afd899,210,Rarely,4,Basic,0,0.48,1,0.0
7b65cb9b-fd78-413e-921e-c388bb5cc799,252,Weekly,29,Pro,1,0.13,1,0.03333333333333333
a1eeeb4b-c740-4432-b178-04bf4736f060,189,Daily,80,Pro,0,0.66,0,0.0
6207b31c-bf50-44d2-859e-b4da84344fb6,386,Rarely,5,Basic,3,0.15,1,0.5
6d8556d0-bad4-4c8b-a418-b6f0393d8461,481,Rarely,2,Basic,1,0.49,1,0.3333333333333333
a86e487e-3584-4fdf-8035-8a8f248fd606,431,Weekly,10,Pro,3,0.43,1,0.2727272727272727
3369a884-5c03-4377-8d1f-dd8bb17b2e61,856,Daily,76,Enterprise,0,0.31,0,0.0
4e8e9811-6d29-468b-8a35-bdd0dc5efa64,901,Daily,20,Basic,0,0.28,0,0.0
7df10052-5296-484f-bb26-342d07d3b008,190,Rarely,4,Enterprise,1,0.35,1,0.2
ad25a04a-30e2-4b63-b82b-ebf4a0bbff09,497,Rarely,14,Enterprise,18,0.46,1,1.2
17a193bc-de0b-420d-ba08-016fb95f876d,253,Rarely,12,Pro,1,0.41,1,0.07692307692307693
522b360b-aa15-4c46-8fc9-85785325d605,893,Weekly,48,Pro,3,0.18,0,0.061224489795918366
9c3e858a-e48c-48f9-a906-10e4c93b09d6,1014,Weekly,13,Pro,3,0.46,1,0.21428571428571427
8c5aa73e-c368-41f6-8f7c-cf8835399974,808,Daily,25,Basic,1,0.39,0,0.038461538461538464
3d4ea4c5-4ee2-4a9e-ab53-7dab63f8cc87,537,Weekly,11,Enterprise,2,0.62,1,0.16666666666666666
2a8cbb73-9e48-45cf-aa9c-d9ce7da1040f,186,Weekly,30,Basic,2,0.08,1,0.06451612903225806
861c950d-89dd-4450-b467-60eee417fc5e,995,Daily,57,Pro,0,0.68,0,0.0
7d24b6a2-b63c-41e2-900d-192a796763cf,349,Daily,23,Basic,4,0.99,0,0.16666666666666666
25549098-0374-4faf-aeb0-3be8a4e2101d,563,Rarely,3,Basic,2,0.38,1,0.5
02289e0c-0c3b-4fb5-96f0-4342cdfdd468,899,Daily,18,Enterprise,1,0.43,0,0.05263157894736842
2417d7f2-e993-4449-8812-99710834ecaf,661,Weekly,21,Basic,0,0.59,0,0.0
8b872c28-feb1-469e-a4ff-98f567b286ac,657,Daily,44,Pro,0,0.81,0,0.0
e4cbef17-9252-4677-99a4-c0b480cee59f,1083,Weekly,55,Pro,1,0.87,0,0.017857142857142856
85e3aa47-9308-4d47-99c4-76b9a8b06cd7,936,Weekly,12,Enterprise,1,0.02,1,0.07692307692307693
06ef0309-ce94-486c-8c1f-152cee625f3a,740,Daily,53,Enterprise,2,0.72,0,0.037037037037037035
faa5dbb9-de69-4a65-91fa-2fc9f902f862,619,Rarely,1,Basic,0,0.41,1,0.0
240c5325-effa-4d10-a915-4cfebebcbd2d,156,Daily,32,Basic,9,0.51,0,0.2727272727272727
d6f37257-0fdd-405c-9d6d-796d97bb522c,232,Rarely,6,Pro,1,0.35,1,0.14285714285714285
f40003cc-6226-414f-a655-3c8bb0749604,635,Weekly,27,Enterprise,0,0.66,0,0.0
0535cffd-9b93-4556-bf6e-b70464a1628d,404,Weekly,52,Basic,2,0.3,1,0.03773584905660377
a9772826-0c2e-4177-b98c-dbd50f48e08a,468,Daily,57,Basic,2,0.57,0,0.034482758620689655
55f3e380-91be-4fca-a48b-8479100ec021,255,Weekly,54,Pro,0,0.95,0,0.0
622773df-6575-4c4a-a10f-071cea37e060,423,Daily,37,Basic,1,0.23,0,0.02631578947368421
18af0636-24ed-48d7-a0ba-4ac9791aabad,147,Daily,47,Enterprise,6,0.31,1,0.125
52950360-607e-4464-8cce-c6ed76f6186e,58,Rarely,6,Basic,7,0.2,1,1.0
45cebe0a-666f-49b0-a66c-ea856e949fe7,815,Daily,22,Pro,2,0.99,0,0.08695652173913043
98221bc5-307f-424f-9d94-e3b6b02d2d05,351,Daily,50,Enterprise,18,0.38,0,0.35294117647058826
95bf7f0d-0cf4-4b2d-a68d-dc59760ce447,1032,Daily,36,Pro,1,0.47,0,0.02702702702702703
0eb74394-e0d0-4d9c-9761-a5d5d7d0f571,776,Rarely,11,Basic,2,0.34,1,0.16666666666666666
31943c00-6222-475b-b8e5-f73b716ac78b,161,Weekly,52,Pro,1,0.73,0,0.018867924528301886
04d7c3a1-e858-4a59-9371-436d14b4fe35,275,Weekly,56,Basic,1,0.62,0,0.017543859649122806
125b4bdd-74aa-496f-86f5-8ad62f3cfedb,179,Weekly,54,Basic,1,0.92,0,0.01818181818181818
bbfa4dd0-8fa0-4c7a-aa18-f39e30a45609,798,Weekly,33,Basic,1,0.77,0,0.029411764705882353
7291923c-3b14-4257-970f-e324adaf2104,975,Daily,67,Basic,1,0.29,0,0.014705882352941176
f118504b-44e8-4ab9-a9bc-b0c6515dd86d,788,Daily,57,Basic,2,0.38,1,0.034482758620689655
085f267c-5aec-47f4-bdc8-a54f576c9e11,324,Daily,31,Basic,3,0.35,1,0.09375
57e6cf26-e994-4f85-a1c7-9a7aa5749626,733,Weekly,50,Enterprise,2,0.66,0,0.0392156862745098
efee253f-8fa9-4b80-8599-6d0e36995175,599,Rarely,8,Basic,3,0.81,1,0.3333333333333333
d2b63b2e-0bd8-4c56-8f8a-56bc0aa5dff2,78,Rarely,7,Pro,7,0.18,1,0.875
eff03bc1-1da6-4b5f-8867-a0eb7670a49f,115,Daily,46,Enterprise,0,0.47,0,0.0
b35d082e-2950-4b64-bded-fb5fa98e97bb,413,Rarely,4,Pro,2,0.5,1,0.4
1ff72578-d2e4-477c-bc2e-fcf34228319d,751,Rarely,14,Basic,5,0.65,1,0.3333333333333333
0408adf9-23ca-4e49-8416-8ac6fa5d0055,20,Weekly,54,Basic,3,0.53,1,0.05454545454545454
760688a4-faac-4965-8b7a-ea957550edc9,834,Daily,68,Basic,1,0.47,1,0.014492753623188406
346a863d-3d75-4b43-b871-387abe409c30,379,Weekly,47,Basic,11,0.57,0,0.22916666666666666
7bb20a05-b96f-4199-a04a-74e97c281e4a,586,Daily,15,Pro,4,0.49,1,0.25
9844b7bc-82b3-42fb-9f85-b50ce778e43f,907,Weekly,7,Enterprise,17,0.01,1,2.125
a3c2d987-8317-4b71-85cf-ffcf695667eb,215,Weekly,28,Pro,2,0.77,0,0.06896551724137931
fa39f47a-0cc3-47ba-917b-e472b4989777,836,Weekly,58,Enterprise,1,0.48,0,0.01694915254237288
22cd856b-de08-4aa0-98da-7bb2febd02de,826,Weekly,7,Pro,0,0.68,1,0.0
f753ff32-f617-457e-b3f7-2f19730c5d51,977,Daily,29,Basic,1,0.59,0,0.03333333333333333
7f4ab3b9-c0ed-4994-9a99-9f1a3fcdc288,258,Daily,77,Pro,1,0.99,0,0.01282051282051282
121c3215-7ba2-4984-90ae-7eec5fc9c6ca,414,Weekly,18,Enterprise,1,0.94,0,0.05263157894736842
e8dbb0af-ce11-45c6-805c-ead9bc17abcc,712,Daily,54,Pro,1,0.78,0,0.01818181818181818
36fa213c-8215-431b-a854-5e05ee499091,876,Daily,59,Pro,0,0.14,0,0.0
41d4e7ce-b887-4117-a255-f6a3a39764e8,249,Weekly,38,Pro,2,0.01,1,0.05128205128205128
5f2ec14d-79bc-4005-80a9-ce206f50a43e,243,Weekly,13,Pro,4,0.27,1,0.2857142857142857
a19a530c-ff6f-4325-840f-4c412511e7f1,195,Weekly,59,Basic,2,0.42,0,0.03333333333333333
fccb274b-7538-4ab0-a801-482fc21c241e,686,Daily,54,Basic,1,0.71,0,0.01818181818181818
dc7929cc-2b6a-4df0-8d47-93f9fa8c3bdb,83,Daily,96,Pro,7,0.16,0,0.07216494845360824
fda1e109-c475-4a44-91ec-36c114843910,759,Weekly,31,Enterprise,0,0.72,0,0.0
f410650a-8634-458a-bfdd-c4a3f1275c88,11,Daily,85,Pro,0,0.54,0,0.0
42c1999c-562f-4287-aa3f-2c4b7bc2616e,105,Daily,31,Pro,0,0.36,0,0.0
15594a0c-ca51-4d51-85ce-5d158cf381d5,474,Daily,44,Basic,4,0.83,0,0.08888888888888889
5d05a874-289f-44c9-a3d0-01d2eb9b5dd6,874,Daily,53,Basic,0,0.73,0,0.0
4955f5e7-5ddb-4d39-9e1c-dab216e2d11b,991,Weekly,20,Basic,1,0.52,0,0.047619047619047616
38bcb680-ae81-42c5-887a-aad2819dc15c,860,Weekly,3,Basic,2,0.7,0,0.5
f0883528-9210-4bfd-876f-230c91d8f72c,349,Weekly,46,Basic,2,0.18,1,0.0425531914893617
b6a5c335-9ae7-4909-bf29-14b6b9dc82a6,74,Daily,69,Pro,2,0.64,0,0.02857142857142857
3383aeb0-8d25-4b8a-af45-cdf55f243a5f,238,Daily,19,Pro,1,0.49,0,0.05
1c855d8f-9b9e-4371-a42c-48a01917a773,748,Rarely,10,Basic,9,0.19,1,0.8181818181818182
d1ea75c1-2540-43bc-b402-afbc28375e98,883,Daily,46,Enterprise,0,0.53,0,0.0
96bdabc8-c7a1-4dee-80b3-e51682480139,442,Weekly,6,Enterprise,0,0.75,0,0.0
c90c16db-9a91-4afe-922c-6ffc7d8482f6,538,Weekly,4,Basic,2,0.32,1,0.4
cb555db3-d9b2-4e3a-884f-a04528d68b39,1041,Weekly,36,Pro,1,0.99,0,0.02702702702702703
b6aef566-63ba-457d-a434-04e14ec6a5bf,647,Rarely,12,Pro,19,0.33,1,1.4615384615384615
c7fa72f8-2f38-4862-a987-b4edc2f9fb20,771,Weekly,13,Pro,1,0.51,0,0.07142857142857142
930fdb12-8f24-426b-a1b7-63645c612ade,844,Daily,116,Enterprise,3,0.61,0,0.02564102564102564
19d4b5ac-c82a-4ec2-9f6d-b1ce26063a2e,923,Rarely,6,Pro,1,0.01,1,0.14285714285714285
df5805bd-b53e-45d5-ad2e-3d4c52b2dea0,532,Daily,55,Basic,0,0.56,0,0.0
13c6c5bf-2733-48f1-85cd-07be8b317737,153,Weekly,1,Pro,18,0.49,1,9.0
b2651e9b-6c66-4ded-a95a-b08c661ba30b,381,Daily,58,Basic,0,0.66,0,0.0
b4d353fd-640a-471f-9e20-354bea50115a,853,Daily,52,Basic,2,0.6,0,0.03773584905660377
2944387a-39a1-4309-a151-5e6ecea46fdb,1055,Daily,36,Enterprise,3,0.14,0,0.08108108108108109
09cf8427-1b4c-4315-914c-15aab69f1007,25,Daily,62,Pro,1,0.46,0,0.015873015873015872
2c4c30d0-71b3-4dca-b7a1-7b8a4016a828,502,Weekly,9,Enterprise,5,0.1,1,0.5
c4be3155-4fdf-4de6-a926-a115d0650557,954,Daily,57,Basic,0,0.72,0,0.0
70516954-7200-4504-b5b1-3e6b65c134c4,51,Daily,49,Basic,0,0.69,0,0.0
466487ba-7f87-4194-81cd-253783a46b3d,156,Weekly,47,Basic,0,0.14,0,0.0
9c953ef1-7445-407b-8151-87bc3781564a,192,Daily,49,Enterprise,0,0.31,1,0.0
b8f0cb03-49ef-42d2-ada5-56fb82b7cdb3,344,Daily,45,Pro,1,0.41,0,0.021739130434782608
61d8123e-8ec2-439e-a440-874e753026f2,423,Weekly,59,Basic,0,0.43,0,0.0
af913232-48ed-46c2-af90-d67f3d185ac0,377,Daily,53,Basic,3,0.55,0,0.05555555555555555
8bda88fc-d2d3-4639-98f7-763496f76353,635,Daily,117,Pro,2,0.45,0,0.01694915254237288
820054d9-3750-4844-b63e-eccec0e6218c,738,Daily,103,Basic,3,0.55,0,0.028846153846153848
a24f04c2-1d02-4fc9-b983-09e294195376,489,Daily,60,Pro,1,0.91,0,0.01639344262295082
aa6bb979-166a-41ef-9c10-f66e8d0b899e,421,Weekly,42,Enterprise,2,0.45,0,0.046511627906976744
70935943-baae-4eab-93df-867534b04574,268,Weekly,2,Basic,4,0.35,1,1.3333333333333333
0a8ef2f6-eaa2-48ae-835f-56dadcb285c1,1071,Rarely,12,Pro,0,0.01,1,0.0
8cd0e051-aaa8-4462-a9f0-06b4b2013044,700,Daily,25,Basic,1,0.58,0,0.038461538461538464
a35d38d6-f68d-4852-8e7b-a243245e6486,1090,Daily,36,Pro,3,0.87,0,0.08108108108108109
3e68227b-7d2d-4ac8-a011-3f8b74edf51e,146,Daily,47,Pro,3,0.88,0,0.0625
389a5f53-16c7-4aa3-aaf1-c7248f532756,75,Weekly,11,Basic,0,0.34,1,0.0
1acc5b69-8da9-4e5e-9ac0-d0cf1a1869dc,903,Weekly,7,Basic,14,0.37,1,1.75
59af662b-a10d-4b0e-a0c2-b9f9d9750c5a,676,Weekly,3,Basic,0,0.09,1,0.0
8fb4932e-e2cd-41e3-8f04-fa0b13673201,37,Weekly,55,Basic,3,0.28,0,0.05357142857142857
ba6eef7b-4c70-4b57-8e4b-2383cce4193c,250,Weekly,46,Basic,1,0.81,0,0.02127659574468085
e1569e2f-da67-4cde-8c76-661fa1de70f6,114,Daily,109,Basic,4,0.6,0,0.03636363636363636
ef523263-fd3e-4054-bd6f-743a3aafb378,792,Daily,53,Basic,2,0.92,0,0.037037037037037035
4527b05f-10f1-440e-b62e-f896e5e0bb03,163,Daily,31,Basic,1,0.51,0,0.03125
a4c392de-e9a8-406e-8965-1d8eb9a61316,726,Weekly,13,Pro,0,0.44,1,0.0
a8289053-ddea-48c9-bdbc-cc3404ecc4ad,126,Daily,73,Pro,3,0.88,0,0.04054054054054054
fcb57156-0ce1-4205-8a90-edabdf0ad96e,885,Daily,118,Enterprise,1,0.42,1,0.008403361344537815
3312baee-1cd1-45a9-a661-3722b3f304ca,668,Weekly,4,Basic,6,0.31,1,1.2
59c58a66-9ee1-465b-9e5e-0d14d86e33d3,694,Daily,24,Basic,0,0.67,0,0.0
156742c4-418b-484b-9c5a-f1139ab30f24,180,Weekly,13,Enterprise,2,0.14,1,0.14285714285714285
dd0dbe2b-4733-42af-8872-3f9cd0ccee35,710,Weekly,56,Enterprise,18,0.12,0,0.3157894736842105
04399316-d653-46a6-aefc-0627283af647,90,Daily,25,Pro,1,0.37,1,0.038461538461538464
5cff158e-2f99-4f05-9ca0-d1c337ed5b24,63,Daily,47,Pro,1,0.49,0,0.020833333333333332
4533c4b8-d182-4a5d-9982-3c2fd498e8b7,237,Weekly,23,Pro,10,0.35,1,0.4166666666666667
944db2bd-0628-4392-a868-12c198e0eb94,715,Weekly,20,Enterprise,1,0.97,0,0.047619047619047616
b56c5707-ad56-4e3c-a021-843ba55d753b,843,Daily,57,Pro,0,0.73,0,0.0
3767c349-abcf-40fc-adfb-903c72267f4b,221,Rarely,12,Basic,1,0.07,1,0.07692307692307693
caad5d6f-b67e-48b6-9b44-5fa4936bc3c1,840,Rarely,13,Pro,3,0.64,0,0.21428571428571427
9422ca86-8e83-4cdb-8311-86ced0c248f3,435,Rarely,1,Pro,1,0.63,1,0.5
8cc545e2-26ef-4d69-a652-53397e23189d,134,Rarely,5,Basic,0,0.5,0,0.0
1d0e978c-94ba-45d1-a26a-f2a6dff4f2ce,27,Weekly,41,Basic,0,0.47,1,0.0
d2c0272d-b5a6-482c-9e2a-8407308ceef7,830,Daily,52,Enterprise,3,0.35,1,0.05660377358490566
5f1c3a06-7631-43ec-b056-4857e71053dd,866,Daily,20,Basic,1,0.12,0,0.047619047619047616
019258c1-4b6e-4b2b-ba96-541c3aa132ae,892,Weekly,31,Basic,5,0.62,0,0.15625
ec196874-c52d-43c7-b4c4-8653e2feab52,350,Rarely,13,Basic,2,0.23,1,0.14285714285714285
9841c68b-3961-4a2a-920f-1e3b52884f2a,64,Weekly,57,Enterprise,1,0.44,0,0.017241379310344827
4338d7cf-4f6b-49df-a304-64b7e3f9c8b8,415,Weekly,54,Pro,2,0.98,0,0.03636363636363636
bbdf2871-db22-4aad-999e-16b5bdd63990,819,Rarely,11,Pro,2,0.2,1,0.16666666666666666
6fcc5054-3067-4feb-b703-675f3e46bc96,869,Rarely,8,Basic,0,0.44,1,0.0
4f0b985d-ce08-4916-9135-38ed6947be0f,572,Rarely,13,Enterprise,0,0.65,0,0.0
09533c8c-1eb0-425c-8844-3d98703f17de,732,Weekly,16,Basic,1,0.06,0,0.058823529411764705
5bd76019-bd81-439c-a3f1-e655874f91b3,570,Weekly,7,Pro,0,0.35,1,0.0
c7b905ae-974e-43fa-8056-5eefd00fa65f,150,Weekly,28,Basic,2,0.51,0,0.06896551724137931
d6616808-7a72-4f5c-8d16-274ef16368e2,556,Rarely,10,Basic,1,0.91,0,0.09090909090909091
bdaacfeb-1710-41ac-9c17-0185104fa8f8,664,Daily,82,Enterprise,1,0.69,0,0.012048192771084338
a9f7d8bb-7840-4342-abab-7c611795a514,694,Daily,19,Basic,2,0.64,0,0.1
434ee297-9fbb-4025-bfb6-ecf53e372129,1089,Daily,57,Basic,0,0.55,0,0.0
016ca368-7396-411c-9891-a082a146acc6,917,Rarely,5,Pro,3,0.79,1,0.5
3a46809e-cd7c-4705-8ad6-960ffa98e6d5,49,Weekly,12,Pro,0,0.19,1,0.0
86fbf354-d75b-4abe-8d17-1b3899b7a002,485,Rarely,4,Enterprise,0,0.13,1,0.0
51d4d6da-8aa4-45e3-8b4c-7041fa47eeb6,282,Weekly,20,Basic,0,0.56,0,0.0
e53524d7-9f87-46df-8fbf-4291df985325,762,Weekly,31,Enterprise,1,0.49,0,0.03125
bac1313d-ab01-4a64-ab4a-ccbd0d126437,99,Rarely,7,Basic,0,0.19,1,0.0
4a5055fd-1718-4407-8d82-3746e19ab3ae,480,Daily,71,Basic,3,0.87,0,0.041666666666666664
7a562e61-acf3-4b4f-8189-9e2743977f37,265,Rarely,5,Pro,19,0.2,1,3.1666666666666665
56d5e19a-a6f2-4f79-a2d5-cfbb017d2c70,46,Rarely,10,Basic,0,0.33,0,0.0
cffa1cef-70c6-4d65-b8a6-f2a4a4a3119c,48,Rarely,10,Basic,4,0.34,1,0.36363636363636365
85d1a2ad-8500-46d0-a9d7-c1d29f568c44,58,Daily,24,Basic,0,0.41,0,0.0
77e1a6bf-25a2-4414-9916-2baacb1001fc,488,Daily,36,Basic,0,0.73,0,0.0
c051a03c-332c-464b-9f61-fb62157d69c5,640,Weekly,52,Pro,2,0.61,0,0.03773584905660377
c005de62-773d-49c6-9381-82420e015505,380,Daily,110,Basic,1,0.43,0,0.009009009009009009
88fb0c2a-4232-45ac-ae48-68484d84b55b,1074,Weekly,29,Basic,0,0.4,0,0.0
758d8e97-3015-4ba1-9cb0-0fc4ed032e9e,518,Daily,39,Pro,3,0.58,0,0.075
c9c82fb1-ee86-48b7-8f99-7231367843fb,428,Rarely,5,Pro,0,0.52,0,0.0
78629e5c-49f0-4e2c-8f98-4adc3ce61431,1027,Daily,38,Enterprise,1,0.21,0,0.02564102564102564
318d2b07-9140-4334-9545-b897b02cd851,556,Weekly,7,Basic,1,0.36,0,0.125
63df5e24-055e-4be9-a8b8-333fa72ec8cc,1014,Weekly,11,Enterprise,0,0.01,1,0.0
712af75d-b6fa-44e2-9ee4-5898a71dd3da,1045,Daily,99,Pro,3,0.12,0,0.03
18e57c19-b6d6-4707-9d5e-cc86484a4523,79,Daily,21,Enterprise,2,0.66,0,0.09090909090909091
a8251199-16c7-4c32-9901-f2278cd80f84,216,Weekly,55,Basic,1,0.71,0,0.017857142857142856
98a0652d-01e5-4ef4-99c1-593a59c5b29f,873,Weekly,51,Pro,0,0.4,0,0.0
042c28df-e6b9-4bdb-a96c-5366d970d6e7,874,Daily,70,Basic,3,0.28,0,0.04225352112676056
6682b4df-6a4d-441b-a243-1b0ab841ea7c,405,Weekly,5,Basic,1,0.56,1,0.16666666666666666
5d652e4c-4a21-452c-946c-5a2d2ff1d556,787,Weekly,47,Pro,0,0.54,0,0.0
ff32ca4b-08a0-4431-869d-ec8c8725b53f,798,Weekly,43,Pro,0,0.34,0,0.0
d2f15cf2-1381-4b93-8bae-a259adce6e5e,872,Rarely,6,Enterprise,18,0.69,1,2.5714285714285716
944a681b-244e-4a65-a4d2-9b20ff46fa64,708,Rarely,14,Enterprise,1,0.34,1,0.06666666666666667
d0338ae2-1ff0-4220-a852-ed3380546cf3,212,Weekly,59,Pro,1,0.74,0,0.016666666666666666
596e371c-e7eb-491c-bb60-3d14aab6f67c,455,Weekly,42,Basic,10,0.51,0,0.23255813953488372
528c73e1-decb-483c-83a9-b77687b741f2,82,Daily,17,Pro,7,0.43,1,0.3888888888888889
b46159b4-411d-44e9-a6c3-e28271a69c6a,78,Weekly,21,Basic,1,0.8,0,0.045454545454545456
14d6d65f-c7d1-4431-9133-08fc4607d9ad,881,Weekly,24,Enterprise,1,0.56,0,0.04
faafc27c-5fd4-4a59-ab69-1184e0d25b77,83,Daily,58,Basic,0,0.41,0,0.0
f3183b58-56e4-4646-b065-fd585ccad01d,87,Daily,51,Pro,2,0.26,0,0.038461538461538464
f3d83220-9c55-4023-8625-ca2683bf61d8,177,Daily,15,Pro,13,0.32,1,0.8125
26730da4-ea57-44d0-9e7c-79f01d310151,901,Daily,94,Pro,4,0.51,0,0.042105263157894736
4c3e0f35-f779-495c-a71d-f4e3ba9ae24a,769,Daily,107,Enterprise,2,0.7,0,0.018518518518518517
f59dcd19-56e1-4e1f-8bf2-8b5be1be5019,837,Weekly,21,Basic,1,0.75,0,0.045454545454545456
c3882213-bc7e-496e-b9a9-f7304c289840,1084,Daily,24,Enterprise,4,0.81,0,0.16
a4032524-ade5-440e-9668-614464ebbdc8,399,Rarely,10,Basic,5,0.3,1,0.45454545454545453
cc141fcc-5add-409b-bbb3-c4d2e8ea3eb0,171,Weekly,38,Enterprise,0,0.44,0,0.0
5077c68b-afe7-4df6-9fb9-7f6db936d05e,304,Daily,44,Pro,1,0.72,0,0.022222222222222223
66308d6c-051f-4f28-9428-cc53580b91ff,28,Daily,48,Basic,2,0.45,0,0.04081632653061224
d33f4db7-2250-4cf9-838c-101f1da9c5c3,284,Daily,102,Basic,0,0.57,0,0.0
c6a10a5d-eb98-4cf5-bbee-344d85e75500,959,Daily,36,Pro,0,0.22,0,0.0
e13e7d7f-6712-4182-8906-e51b99a0f5c3,103,Weekly,8,Basic,0,0.34,1,0.0
d83da5fa-2f7d-4c56-8d78-18eec56f37a6,75,Daily,49,Enterprise,4,0.11,1,0.08
993789a2-3beb-4e0e-a5b6-f3f4e168830f,986,Daily,93,Basic,0,0.98,0,0.0
6c65eb5a-0db1-45a3-9c91-9018aaabe206,859,Weekly,51,Pro,0,0.44,0,0.0
2b034933-9c87-46bc-9e8b-d118539f3df1,450,Weekly,14,Pro,2,0.21,1,0.13333333333333333
fa2b1b1a-40d8-4919-a58d-9bf14181c68e,69,Weekly,55,Basic,10,0.45,0,0.17857142857142858
20472fc4-bf17-474c-97c0-5d8e4f42e3d4,768,Daily,83,Basic,1,0.77,0,0.011904761904761904
a0e56baf-03ff-4020-b4c5-5e5f49009655,567,Rarely,9,Basic,2,0.88,1,0.2
08260445-afca-4270-ac66-2ce3dcac8996,133,Rarely,6,Basic,0,0.12,1,0.0
df7aa58e-ae0b-48aa-9611-7849903f6a63,520,Weekly,28,Enterprise,0,0.87,0,0.0
11d12e30-b9be-431c-89db-f05f4f8e0ec2,456,Weekly,21,Pro,3,0.09,0,0.13636363636363635
4b986ef2-8608-4f6d-b2e4-7ff5ffc4e714,370,Daily,71,Pro,1,0.5,0,0.013888888888888888
5883aba3-f987-4f39-97b3-9a792f6c48b8,913,Weekly,10,Pro,6,0.07,1,0.5454545454545454
7ba156a9-0478-4c8c-8a72-25d96f329d16,323,Rarely,14,Pro,0,0.19,1,0.0
d2cc5cad-ade3-4985-a347-ddf38769d2b8,847,Daily,43,Pro,2,0.37,0,0.045454545454545456
9bc37558-3fdf-4b66-9401-568fc7cbbcb2,871,Weekly,6,Basic,3,0.44,1,0.42857142857142855
eb23030e-07d0-4e36-a73c-a8ff02b12e75,69,Weekly,10,Enterprise,7,0.18,1,0.6363636363636364
b6fe084d-fae1-46b2-8875-a6f8aa647cfc,783,Weekly,45,Enterprise,7,0.27,0,0.15217391304347827
5f56a5a0-0a00-4244-9775-168f5d188885,435,Daily,24,Basic,1,0.33,0,0.04
018e36c5-554e-497d-b7e3-15905ecd3560,660,Daily,38,Basic,1,0.58,0,0.02564102564102564
e13cd79e-4a38-43df-8feb-c6fd37395555,539,Daily,65,Pro,6,0.78,0,0.09090909090909091
b1550860-620e-485d-b8d6-6e9ef02d96a4,1070,Weekly,53,Enterprise,4,0.2,1,0.07407407407407407
fed205b2-49d1-4a7e-8074-2d08bd39f972,593,Daily,51,Basic,1,0.42,0,0.019230769230769232
fd199209-bbed-4fbf-982a-66a7acffeaf5,812,Daily,51,Basic,5,0.37,0,0.09615384615384616
21baacc5-48d8-49f9-b0c5-b6b01ac6a3d5,703,Rarely,14,Basic,4,0.07,1,0.26666666666666666
f0cc0598-5898-4d46-8afd-ff8ddd2181e4,162,Weekly,9,Pro,3,0.59,1,0.3
3091fa50-222b-469a-9270-facd66d776d6,652,Daily,76,Enterprise,1,0.63,0,0.012987012987012988
b30a1733-9729-4df9-90e1-ad254a219afb,86,Weekly,34,Pro,1,0.01,1,0.02857142857142857
6bf8654c-6437-4997-bd11-98c0406312ca,967,Weekly,1,Pro,1,0.32,0,0.5
3bb96ae0-40be-426d-acac-c102abbd00dd,229,Daily,56,Enterprise,1,0.39,0,0.017543859649122806
9ae3a190-79ec-4d9b-bae4-e9a41b2cc10c,628,Daily,21,Enterprise,3,0.77,0,0.13636363636363635
39739bad-2b44-407c-9195-027b6466bf64,136,Daily,19,Pro,0,0.13,1,0.0
db7e4e23-0945-4758-99a1-5560ca7b174c,190,Rarely,4,Pro,1,0.27,1,0.2
4d8f3576-bdf8-408e-81a2-da4e8e4b54e1,997,Daily,69,Pro,1,0.33,0,0.014285714285714285
7b1d8c58-bf0f-4b61-9fc8-666c5804e788,582,Daily,43,Enterprise,2,0.99,0,0.045454545454545456
9407c7a6-3382-40a2-a5c8-85bf1f0e3808,821,Daily,95,Pro,1,0.57,0,0.010416666666666666
922283e8-27df-4f8f-b26a-2dffa759a138,277,Weekly,11,Basic,2,0.49,1,0.16666666666666666
55060136-af1c-4f75-9d76-6cc09e776c1a,25,Daily,52,Pro,8,0.27,1,0.1509433962264151
009a477d-214d-4131-b09d-cb4cf2ab0e82,311,Weekly,32,Pro,4,0.7,0,0.12121212121212122
6c1df201-bdae-4385-b597-dc2a58dc4f45,1019,Rarely,5,Basic,3,0.19,1,0.5
e9bba54d-69dd-4472-ae63-36b1d132907c,31,Weekly,47,Pro,9,0.68,0,0.1875
ea231e39-a5a7-4452-8dec-b1981c9237bb,684,Rarely,5,Basic,0,0.04,1,0.0
c37deacb-e7f6-41cf-98ec-18e104e7d76b,931,Rarely,7,Enterprise,0,0.6,1,0.0
d1315f38-fb47-4fe0-a8b9-d61e9e6e7230,498,Daily,18,Pro,0,0.36,1,0.0
56db77e3-ddeb-4f5e-81ac-dd5ce26dfa1a,853,Rarely,13,Enterprise,8,0.67,1,0.5714285714285714
9f392915-d580-454c-bcf0-4aff955742e2,561,Weekly,36,Enterprise,8,0.39,0,0.21621621621621623
5f23edfd-5c07-4339-be2b-38e93469f428,952,Weekly,6,Basic,1,0.37,0,0.14285714285714285
1c59b17f-58fd-48e2-9ad7-02ced87b5fd6,1091,Weekly,8,Pro,2,0.62,1,0.2222222222222222
ad95ae0f-688a-4ba4-b6ba-943aac9bbd32,162,Daily,116,Basic,1,0.85,0,0.008547008547008548
a489d5c4-a678-478e-842b-918a8f022865,342,Daily,31,Pro,4,0.63,0,0.125
4c1d9a79-ec44-473c-b41a-04a5f013a475,380,Weekly,17,Basic,1,0.01,1,0.05555555555555555
d62f45ed-362d-40ca-9b3d-9fb58c6163d4,1073,Daily,98,Pro,1,0.54,0,0.010101010101010102
dd76d510-93a8-426d-90ca-0323c99f8fe5,725,Rarely,14,Pro,2,0.08,1,0.13333333333333333
f4c516cb-5c36-403b-a7ed-038e55732b32,58,Daily,24,Pro,9,0.32,0,0.36
7a0cc655-c83e-4a00-8324-e9f08c537c89,926,Daily,58,Basic,0,0.59,0,0.0
99d31f34-96c3-4fc8-be4b-8bd0d19ee90e,770,Weekly,3,Enterprise,12,0.16,1,3.0
89f00b73-80a6-4d69-bb40-808d1f740cad,680,Weekly,56,Basic,3,0.59,0,0.05263157894736842
a5899095-a353-42a6-855e-8da9e4aa3ff1,309,Weekly,10,Basic,1,0.49,1,0.09090909090909091
db35bdce-c7e6-41ff-91c1-05a229a05f4f,586,Daily,58,Basic,1,0.25,0,0.01694915254237288
7c7e5b59-265c-485e-a85a-1c00c5da299e,779,Rarely,1,Pro,4,0.77,1,2.0
65c8148c-d520-4dd6-8090-6a4ac96a7064,159,Rarely,6,Basic,3,0.26,1,0.42857142857142855
d854074e-b522-4c7f-8bcb-caf3a8fd8705,29,Daily,98,Enterprise,4,0.46,0,0.04040404040404041
18680669-ddb4-47ef-9151-a24ec993f075,588,Daily,105,Enterprise,6,0.71,0,0.05660377358490566
de463406-f03f-4939-b053-e8a319121c14,459,Daily,40,Basic,0,0.71,0,0.0
d78e18f8-fb9d-4610-8c6d-cc7291462cac,356,Daily,90,Basic,0,0.81,0,0.0
d1e96511-e844-46de-9c4f-53a2afa6b7e7,557,Daily,21,Pro,0,0.8,0,0.0
a2794247-1ea3-4756-8aaf-5914018f453e,429,Weekly,9,Pro,14,0.22,1,1.4
211e79b5-2a10-4bc2-bb13-541900225f2c,942,Daily,70,Enterprise,2,0.01,1,0.028169014084507043
e0611e95-6b25-42b5-8273-2d3eb54f1bae,722,Rarely,8,Pro,1,0.57,1,0.1111111111111111
9bd69d13-36c2-4ee0-8534-d33591a519ef,958,Rarely,12,Enterprise,0,0.27,1,0.0
822cf084-15a2-458f-b041-a0c83102ca7c,408,Rarely,8,Pro,1,0.1,1,0.1111111111111111
3a3539b1-62a7-415d-8fa3-971a61407bcb,942,Weekly,49,Pro,1,0.46,0,0.02
f177a72f-3e72-4abe-bcf7-7480593e1cf6,148,Weekly,10,Pro,0,0.51,1,0.0
540b381f-056d-4d12-b0e1-b9806f63c521,573,Weekly,47,Pro,0,0.64,0,0.0
1ac69b6f-1a00-45d3-bb8e-b5657583e40f,74,Rarely,12,Basic,3,0.06,1,0.23076923076923078
01ad6f88-e60f-4629-9168-bd5a72d7b773,672,Daily,16,Pro,0,0.97,0,0.0
af3fd4d1-b41b-4c81-a254-56648942aca5,242,Weekly,56,Pro,1,0.46,0,0.017543859649122806
db3b0e70-7877-42f1-bd45-adb1bca178ed,199,Weekly,51,Pro,0,0.58,0,0.0
abaaf093-7ca4-4e68-8819-82df27781a88,190,Rarely,4,Basic,1,0.01,1,0.2
d382d5b8-c1ae-4389-94cd-25c3e056a1df,676,Weekly,3,Basic,1,0.37,1,0.25
ada49ee3-f2d3-4477-afec-cc12fe337e8a,975,Weekly,1,Basic,3,0.33,1,1.5
a6c56626-3e77-4d06-9b63-0bc834d0e329,308,Weekly,2,Basic,0,0.25,1,0.0
70cb84e5-006c-4fcd-80fc-d5b3e50c8405,816,Daily,68,Enterprise,6,0.52,0,0.08695652173913043
e38d6207-6f89-42d0-a066-3ab32631d9e5,366,Rarely,2,Enterprise,9,0.01,1,3.0
ab00ac94-0403-45ee-8ce7-14ec9de7e991,362,Daily,84,Enterprise,1,0.74,0,0.011764705882352941
5190a91e-a58c-4dec-a5c2-cb244cacc686,101,Rarely,1,Enterprise,5,0.35,1,2.5
06452532-a28a-4cff-942f-bcd552c4ce16,733,Daily,22,Pro,2,0.36,0,0.08695652173913043
b068d63e-ef54-4127-95f2-44545f57aebc,1039,Weekly,7,Basic,17,0.71,1,2.125
c7dc4454-be5b-4ac6-a3b4-26abb1689d8a,146,Weekly,14,Basic,0,0.19,1,0.0
588b1cb5-5195-4bcd-9ba4-f5be3d460798,18,Daily,76,Pro,4,0.39,0,0.05194805194805195
dcfb665c-841b-4134-8293-2772b5b45fb0,679,Weekly,15,Enterprise,3,0.6,0,0.1875
7aaaf619-6faf-4242-b9cd-d3ffc440ed1f,477,Daily,21,Basic,0,0.26,0,0.0
93e847cc-663b-4d1a-a124-8228c86c842f,307,Weekly,9,Enterprise,2,0.73,1,0.2
1a7794b5-f15d-4961-9e3a-3f2d15e9fc62,36,Weekly,6,Basic,6,0.27,1,0.8571428571428571
902dc43a-7b56-43b3-9fa3-886706db2ee3,1030,Daily,45,Basic,0,0.58,0,0.0
49300540-6651-407c-af44-ece973f782d2,465,Weekly,36,Enterprise,8,0.67,0,0.21621621621621623
8570e862-35bb-475f-844a-370c4c828fed,810,Daily,19,Basic,0,0.8,0,0.0
2cdc55a5-425e-493b-b790-fbe73728ee6b,467,Weekly,24,Basic,0,0.42,0,0.0
ff8c6fe5-278b-4f15-8dea-50545e3c3c39,733,Weekly,24,Pro,0,0.47,1,0.0
e6ad6ada-afb8-480d-bf05-0fd142382431,546,Daily,105,Enterprise,2,0.7,0,0.018867924528301886
d38d23b5-52d1-43d5-9343-ec63bfbda89e,1063,Rarely,10,Basic,4,0.2,1,0.36363636363636365
7fe0b0db-3ac0-47fa-9f7e-ab5df77e2d36,1087,Daily,52,Enterprise,3,0.61,0,0.05660377358490566
f2d8d312-d7ce-4a0c-a1ca-f50021e71f94,476,Daily,109,Basic,1,0.52,0,0.00909090909090909
c76e89ad-82a8-4a99-8259-6bf6a3c9b4c8,793,Rarely,4,Basic,0,0.16,1,0.0
013e6438-c04e-4b53-ad83-7dcbf19b3d75,905,Daily,36,Basic,2,0.49,0,0.05405405405405406
3e4d10eb-b5e2-4a66-8bb3-39de20a811ee,1086,Daily,23,Basic,4,0.26,0,0.16666666666666666
e3fcb670-d642-4864-b2ed-e5e6ba269c13,986,Rarely,10,Basic,1,0.88,0,0.09090909090909091
1466024d-73f3-450e-923f-03ceaf2b7055,766,Daily,28,Pro,0,0.88,0,0.0
a6a261e3-bb72-4143-b018-3d7396b67593,837,Weekly,7,Basic,1,0.46,0,0.125
05273cd9-83a7-45de-b97a-be5dca48048c,353,Weekly,20,Pro,1,0.99,0,0.047619047619047616
a7f41462-639d-4409-b5fa-3985548eb388,489,Daily,15,Basic,0,0.38,0,0.0
85eb8733-62fb-47c8-a3b3-788530285d5e,521,Weekly,5,Basic,0,0.2,1,0.0
95a1c80f-ebbc-4f58-829b-475fd03b7f0f,452,Weekly,4,Enterprise,0,0.75,0,0.0
fefe4751-c32a-4830-8fd8-5dec8368c59e,559,Rarely,2,Pro,3,0.79,1,1.0
4b4b075c-557c-44a7-938b-bfd18104a515,272,Daily,95,Pro,2,0.55,0,0.020833333333333332
29e1735c-cfff-472a-bcf4-8f32085092ea,442,Daily,83,Enterprise,1,0.85,0,0.011904761904761904
4014fac9-3fb8-438b-a2d7-417d00e9c5bf,676,Weekly,12,Pro,2,0.23,1,0.15384615384615385
d9f9015b-dd99-43e0-864d-e90e91db2f4a,113,Weekly,17,Enterprise,0,0.99,0,0.0
fda5e6a2-9c88-4f0f-8f33-242b89edc6cb,911,Daily,93,Pro,0,0.78,0,0.0
aebe9ad6-d72a-4891-b9f0-cdb51366057e,1062,Daily,19,Basic,1,0.42,0,0.05
1b043560-a5e2-4390-9055-8aa86179eb9b,140,Daily,94,Basic,2,0.01,1,0.021052631578947368
476bf256-be53-45bd-ae30-bbcd57a1bf00,911,Daily,18,Pro,0,0.62,0,0.0
75574c6a-517f-4a82-a556-85842e50ae6b,861,Rarely,10,Basic,1,0.57,1,0.09090909090909091
9f27d595-fb2f-42db-87fc-9f23cc913751,346,Daily,49,Basic,1,0.25,1,0.02
1c1ebfcc-c318-4c5b-bae0-6ab08e9984f5,691,Weekly,37,Basic,2,0.72,0,0.05263157894736842
9c022bb1-f506-445f-b465-289ff95b0b04,210,Daily,59,Basic,11,0.81,0,0.18333333333333332
7abb0acf-0b84-4d65-9781-e3f996772edd,611,Weekly,14,Basic,0,0.01,1,0.0
9a57a869-9213-405c-9ce2-2c70ad3a9c35,62,Rarely,14,Basic,2,0.56,1,0.13333333333333333
e1cc1b20-9e53-46aa-bb34-de22f44386f3,151,Daily,87,Pro,3,0.56,0,0.03409090909090909
0faa521f-950d-4485-b202-d656cbe98f85,967,Weekly,25,Pro,1,0.85,0,0.038461538461538464
bedff674-336b-41ad-8a38-cbe38bbf919e,952,Rarely,3,Basic,4,0.53,1,1.0
40a522a0-5ecf-4cda-8e19-8cadb02debb9,503,Daily,45,Enterprise,2,0.64,0,0.043478260869565216
930ebd6a-5cf4-41b2-aa53-b62164751d4d,1073,Daily,27,Basic,1,0.18,0,0.03571428571428571
24604a8c-354a-443f-bc5a-fa83cc2b9787,79,Weekly,55,Enterprise,0,0.68,0,0.0
16f2e660-a321-4ee4-a033-e99e2ad3ced1,822,Daily,18,Pro,2,0.63,1,0.10526315789473684
9840e24d-935d-4eb5-b455-4907c9470afa,973,Daily,57,Enterprise,3,0.58,0,0.05172413793103448
a7fb6090-2337-4f82-a49e-97e5cfdc2d6d,1063,Rarely,14,Basic,0,0.28,1,0.0
d3f8734e-8d19-44b0-a213-de91262b6375,950,Daily,15,Pro,1,0.62,0,0.0625
9af6dd33-bb74-473b-adc6-1ccb8f553f6e,242,Rarely,2,Basic,0,0.01,1,0.0
204b2736-4e6c-47b2-b8e9-d90fc4f1f6d4,127,Daily,46,Basic,3,0.46,0,0.06382978723404255
248c628a-c26a-461b-9653-13763c63345c,102,Weekly,31,Pro,2,0.75,0,0.0625
1c62576f-9192-4287-ade0-532bb7099d00,56,Daily,55,Basic,10,0.85,0,0.17857142857142858
7744fb17-29c3-4faa-8164-f916e550ad41,169,Rarely,9,Enterprise,12,0.46,1,1.2
48b52f15-ea24-45d4-9ca7-01b6f1c87d89,442,Rarely,9,Basic,8,0.48,1,0.8
cc123c84-86c0-4087-a887-6bffa289133b,131,Weekly,29,Pro,2,0.55,0,0.06666666666666667
1125cf1a-89e3-4e04-8366-0f31b7a8c1ee,430,Rarely,12,Basic,10,0.01,1,0.7692307692307693
4e093e67-b280-4fcb-92cf-e276d2485446,222,Daily,112,Pro,8,0.84,0,0.07079646017699115
8bcaf6b6-1f73-4e75-8a15-beb2235fcb20,564,Daily,54,Basic,0,0.27,0,0.0
181b3da0-ecd6-4d0a-add8-be2ca2b3d565,762,Rarely,12,Basic,4,0.59,1,0.3076923076923077
b300b7c1-1ad1-46f7-b73e-3d7d47a54097,1067,Weekly,13,Pro,3,0.23,1,0.21428571428571427
0e67e8b3-3a71-4a3c-a2ea-b3c1b612b563,1089,Daily,26,Basic,0,0.67,0,0.0
824fec6c-1253-4178-a318-66161906c0f6,920,Daily,87,Basic,0,0.6,0,0.0
cb2069a6-ecff-4448-a117-36705090922f,139,Rarely,12,Pro,4,0.99,0,0.3076923076923077
42df406b-5018-4643-8da1-96237a0014c0,836,Rarely,6,Pro,14,0.17,1,2.0
050d958e-7965-4ac9-ae10-4717c3326c2e,244,Weekly,38,Pro,4,0.99,0,0.10256410256410256
69e54cab-6f52-45f4-a802-7d0e7296b713,974,Rarely,14,Basic,0,0.74,0,0.0
068b54d7-7461-4d1c-885e-f5b43efed384,269,Daily,43,Basic,0,0.92,0,0.0
969ee976-a8b4-4542-848b-481711c639f9,38,Daily,119,Basic,7,0.48,0,0.058333333333333334
3efca312-5d5a-42fd-863d-5f8160da8eda,50,Daily,20,Enterprise,0,0.3,1,0.0
0313e5fc-4e4f-4ce9-8244-1a5bc41ebc6d,764,Weekly,48,Basic,0,0.44,0,0.0
9c13c442-d543-4c77-8ba6-5c8d75f18b8e,1020,Rarely,13,Basic,1,0.27,1,0.07142857142857142
749507b2-9224-4cf5-8f99-e23b7834227a,383,Weekly,39,Enterprise,2,0.57,0,0.05
0d088a1a-1a8c-47bc-b1e3-2883567c8d57,49,Daily,119,Enterprise,0,0.6,0,0.0
702a7560-478e-43e3-b42c-a2ed00b33228,767,Daily,46,Basic,2,0.38,0,0.0425531914893617
d16c12a9-f08b-4da2-8560-8233ee645f66,256,Weekly,51,Pro,4,0.62,1,0.07692307692307693
f873f565-2b92-472f-bb24-274fda087ada,667,Rarely,7,Basic,1,0.15,1,0.125
0e4be04c-3e20-4dc4-9774-4ba571517a1e,241,Weekly,5,Basic,4,0.22,1,0.6666666666666666
63b8a736-a15f-4937-8380-0e11dce3af68,197,Weekly,5,Basic,1,0.59,0,0.16666666666666666
a500d55a-3da0-4e8f-b17c-85af82936c67,269,Daily,20,Pro,0,0.3,0,0.0
dde6d382-1cea-4c46-9cd8-fb752f05edfa,506,Rarely,4,Basic,13,0.44,1,2.6
539b7a50-b826-45f3-b1ba-2d2c87145839,897,Daily,114,Pro,0,0.46,0,0.0
05b20131-27ad-4402-9873-064628528c41,414,Weekly,8,Enterprise,6,0.59,1,0.6666666666666666
6ba4c40a-561c-4b49-aff4-66fea01c51b2,1065,Weekly,33,Basic,3,0.66,0,0.08823529411764706
333b408c-ba80-46ee-a294-49f801b18f2e,703,Daily,35,Basic,0,0.55,0,0.0
366001d6-9bec-4667-b80c-18045a682f7f,322,Weekly,7,Pro,15,0.31,1,1.875
280acb82-15c6-4405-bff6-6da94353fe90,528,Weekly,28,Basic,1,0.21,1,0.034482758620689655
1b6aeb80-19b1-4e2c-a645-269c6730c5dc,640,Daily,57,Enterprise,3,0.66,0,0.05172413793103448
5fe80e70-cd03-4931-9fbf-fb91966111a5,365,Weekly,49,Basic,3,0.46,1,0.06
d0a3cca6-665f-4553-abe5-e456e09e61b3,429,Daily,54,Pro,15,0.9,0,0.2727272727272727
90176b19-8557-409e-b6db-b3d4eb7d7d11,1008,Weekly,42,Pro,4,0.35,0,0.09302325581395349
cbef92e4-7784-403c-a3e0-946165f63ee6,782,Weekly,18,Basic,0,0.88,0,0.0
ac53d453-659d-4761-8a73-8fea7075e7c4,39,Daily,47,Enterprise,1,0.39,0,0.020833333333333332
dcfcc356-d00b-4a9e-b6a1-7c985fadc5f9,765,Daily,16,Enterprise,0,0.34,1,0.0
1aa9d433-3d5b-4145-b474-88473606a008,923,Daily,15,Pro,1,0.48,0,0.0625
22ade6ca-f3f7-4677-87fb-e19a252742ee,42,Daily,61,Basic,1,0.5,1,0.016129032258064516
315b2683-fc20-40f3-aa12-832356b47d70,1073,Daily,22,Pro,1,0.6,0,0.043478260869565216
48da2981-ab1e-418b-8977-0b0dd3ba6bd6,53,Daily,25,Pro,3,0.57,0,0.11538461538461539
99698678-9b95-4150-b797-beb3d168f033,213,Weekly,33,Enterprise,0,0.75,0,0.0
9b0d27fb-d761-455e-a8a7-b24467ceec68,730,Weekly,3,Basic,11,0.53,1,2.75
fa285409-c9a5-49ea-8754-965d1ae758c8,568,Daily,28,Pro,1,0.01,1,0.034482758620689655
fcbe9fc1-e176-499e-a891-dfd5a82f4efd,503,Daily,52,Enterprise,7,0.77,0,0.1320754716981132
73275296-9a2d-4f31-887e-5df612106a84,781,Rarely,3,Basic,0,0.45,1,0.0
7a534a7a-bb78-42f5-a44d-6d08fcf3ef93,824,Daily,105,Basic,1,0.29,0,0.009433962264150943
b00461b7-cae5-4eee-8431-270057024493,525,Daily,36,Enterprise,0,0.56,0,0.0
4a088bcd-4876-45a4-874e-57956461fa61,758,Weekly,8,Pro,17,0.01,1,1.8888888888888888
ed19b094-c7da-4c69-bf9d-9724f02881ab,312,Daily,22,Pro,4,0.67,0,0.17391304347826086
3e310a12-065c-4b41-83d5-ffd23658c28b,827,Daily,56,Enterprise,0,0.32,0,0.0
f7f6a010-1ebe-4842-8389-91c2378b94c1,986,Daily,93,Basic,3,0.4,0,0.031914893617021274
b977af3e-e479-4617-ac0b-88187eaf548a,19,Weekly,47,Basic,3,0.26,1,0.0625
853e766b-7da3-4a17-91ad-8e587aaa1505,320,Rarely,14,Basic,1,0.12,1,0.06666666666666667
9f7661e5-8a83-4511-a6ba-727f982308d7,566,Daily,36,Pro,0,0.82,0,0.0
3d011c31-a12a-4a35-939c-d96e99a0e32a,1044,Daily,33,Pro,2,0.41,1,0.058823529411764705
f92e7db1-ecd1-4779-b04a-9d8240d5f642,593,Weekly,29,Pro,1,0.76,0,0.03333333333333333
249aa8d3-5aad-4b19-9e0b-66f79a9d7be9,108,Weekly,13,Pro,4,0.61,1,0.2857142857142857
a8159099-fe07-4b66-a980-db126a5906f3,441,Rarely,6,Enterprise,1,0.25,1,0.14285714285714285
55d46f42-12dd-4c9f-a8bd-f37e3b075661,895,Daily,39,Enterprise,0,0.33,0,0.0
9056ede9-ea2e-4373-b3fe-cbe1c2241dfb,392,Daily,44,Enterprise,3,0.82,0,0.06666666666666667
d1e9f41a-9183-482e-baa5-1675d2341dce,344,Rarely,3,Basic,0,0.29,1,0.0
406bb703-cda0-43ff-9e45-e63ff0a407ee,424,Weekly,28,Pro,2,0.61,1,0.06896551724137931
9c549f71-926a-4ac0-9093-9a233ec4600e,949,Weekly,7,Basic,1,0.59,1,0.125
4bf46de1-95c7-49f5-8deb-fba2b4ac0186,192,Rarely,7,Basic,1,0.46,1,0.125
bf24037f-97b9-445a-932e-6840f5ca5aa0,1042,Daily,42,Pro,1,0.08,1,0.023255813953488372
358bea72-4c69-486c-92c1-8918a5b6da70,338,Daily,109,Basic,8,0.33,1,0.07272727272727272
2aeb78ea-16f0-4636-9e9e-99a01bd7a560,616,Daily,115,Basic,3,0.57,0,0.02586206896551724
ea73ed24-a7f1-4508-863b-4f78b4ad4cf4,168,Weekly,18,Enterprise,2,0.33,0,0.10526315789473684
8ee4b203-00ee-4018-940c-04f5b81d54df,72,Daily,17,Basic,4,0.82,0,0.2222222222222222
ca6537fb-968b-42e6-ab59-07a1d362ffd3,93,Weekly,43,Pro,5,0.31,1,0.11363636363636363
cd4aefc8-3201-489a-8a15-d08c89693ad5,899,Weekly,21,Enterprise,16,0.45,0,0.7272727272727273
a39e530a-6891-4eb1-b48a-889245132743,701,Weekly,58,Basic,2,0.41,1,0.03389830508474576
1cb9244d-6932-439b-be04-b15bbb87ee92,382,Daily,58,Pro,1,0.56,0,0.01694915254237288
96268c68-48c4-43a8-a5be-68deeff90d4f,416,Daily,76,Pro,2,0.32,1,0.025974025974025976
48963063-989c-4e45-aeec-514ba8abf810,841,Weekly,14,Enterprise,0,0.25,1,0.0
55356259-8bde-466b-a3a5-f5356d55efa6,395,Daily,51,Basic,1,0.81,0,0.019230769230769232
45bf7812-ad3a-4ec8-8870-c50951246525,722,Daily,101,Enterprise,1,0.94,0,0.00980392156862745
14b9a3c4-f82b-4421-842e-0051696a6130,917,Weekly,29,Basic,1,0.48,0,0.03333333333333333
5aa869fe-b92a-401a-9f9c-c8b9db8c97ba,1033,Weekly,6,Basic,2,0.56,1,0.2857142857142857
d0cf61f5-b66a-4dc1-91fe-5659ab632c05,984,Rarely,5,Basic,4,0.42,1,0.6666666666666666
92725736-517e-4c65-aa4e-55bc94dee52d,515,Daily,87,Enterprise,0,0.49,0,0.0
6881f595-a745-4ce1-b5e0-6fb377f5a576,269,Daily,56,Pro,0,0.23,0,0.0
4b95a883-f854-43da-826b-7a6327f7c267,685,Weekly,58,Pro,2,0.99,0,0.03389830508474576
16eb6d4f-ed88-4a9e-b40e-a581eca9d0b6,1036,Daily,26,Basic,2,0.33,0,0.07407407407407407
c04e4eae-6d8b-47bc-a13e-19a8140c6aea,46,Weekly,53,Pro,0,0.62,0,0.0
0b7cede2-b412-4ac7-8f21-01b27ae2cdd9,207,Rarely,4,Basic,4,0.16,1,0.8
53de08f4-a3d4-4d29-a10e-e067e61f9bba,698,Daily,97,Basic,3,0.5,0,0.030612244897959183
f94f0ba4-f238-4394-b918-cc72ec9f70bc,579,Daily,43,Basic,4,0.76,0,0.09090909090909091
8dc6df15-ad55-41f0-aa51-3cc13398a2a5,873,Rarely,5,Basic,9,0.18,1,1.5
1392b3bf-6dbd-4178-a103-675abc2cf496,113,Daily,59,Enterprise,2,0.18,0,0.03333333333333333
429a215a-ddc4-482a-b109-294a090046c1,669,Weekly,17,Basic,3,0.51,0,0.16666666666666666
55702ece-d2d9-4e23-862d-9e7cc96e50bd,622,Daily,71,Basic,4,0.5,0,0.05555555555555555
54110bee-4c55-4a5e-a4ee-e5c6d93d686d,843,Daily,52,Basic,1,0.22,1,0.018867924528301886
a27fc65b-6a4e-45e6-a5ad-a983e6681116,881,Daily,33,Enterprise,6,0.6,0,0.17647058823529413
5a066dd3-7c6f-42f8-aaaa-d8884c32d7f8,814,Daily,50,Enterprise,0,0.39,0,0.0
18369a32-bee0-43b7-b671-4bd005e822bd,437,Daily,52,Basic,0,0.62,0,0.0
33a3c2cd-4276-4e4c-9dcf-8a89006ac173,630,Rarely,8,Basic,1,0.19,1,0.1111111111111111
2d174853-82db-45a2-a2bc-2fd1bf33e0e2,1011,Daily,25,Basic,1,0.35,0,0.038461538461538464
a4542e44-50ed-4fee-8a00-d48f4842539e,858,Daily,19,Pro,2,0.56,0,0.1
c63f5401-e8d1-41ae-9851-0dd1167f5a28,1052,Weekly,51,Pro,0,0.5,1,0.0
1c37cb02-65fc-4a04-80a2-10d132ba0c1f,905,Daily,47,Basic,4,0.36,0,0.08333333333333333
ab55969a-04b4-4dd1-a221-62fda4efbba5,962,Daily,101,Enterprise,0,0.46,0,0.0
135d8981-3395-448e-8dd0-39f625467fee,624,Daily,17,Pro,0,0.53,0,0.0
7f879793-f1ee-448d-9e8f-c8367c11450c,192,Daily,49,Pro,1,0.59,0,0.02
2e6a4999-6844-41d8-97a9-101f05df5581,39,Rarely,7,Basic,3,0.55,1,0.375
0c7eaec9-ff53-4b30-9c35-21ae38d7e8dd,371,Daily,26,Pro,0,0.43,0,0.0
ee7e6568-167f-4596-a719-28d7d7d7be0a,462,Daily,70,Pro,5,0.56,0,0.07042253521126761
bfa780f1-aea5-49ff-a626-560c910224ef,122,Weekly,8,Enterprise,2,0.03,1,0.2222222222222222
fce0664e-29a4-493f-bc3a-d83027f26bb5,561,Weekly,17,Basic,1,0.47,0,0.05555555555555555
d563fbf2-49a0-47b7-9603-ea3516b18b66,676,Daily,31,Basic,4,0.73,0,0.125
1b69804a-47a2-4d03-add0-ef735c8db7ce,706,Weekly,57,Pro,0,0.52,0,0.0
48088f56-8181-4d74-88a2-54ec270268fa,56,Daily,49,Basic,1,0.37,0,0.02
e1697dbc-9b31-4ead-8a25-af5697235fc9,8,Weekly,57,Basic,0,0.7,0,0.0
fbf0d36d-e187-4fbe-91ec-85bc0e4089aa,319,Weekly,30,Basic,4,0.37,1,0.12903225806451613
8a883ab2-bdc9-48bc-8661-382896585a67,349,Daily,95,Basic,3,0.96,0,0.03125
f0f280c1-1c58-4842-8473-0713d1f61afb,338,Weekly,12,Pro,0,0.15,1,0.0
be6ac3d2-9ce8-4bd2-a923-f4c2a2612386,150,Weekly,37,Basic,1,0.16,1,0.02631578947368421
643de5bd-3bf0-4bc0-a714-773490483489,170,Weekly,35,Basic,0,0.68,0,0.0
9338e45c-c7e1-4bae-ac9c-85977d4d5d76,656,Weekly,12,Enterprise,0,0.38,1,0.0
29ed0c6f-3954-4266-ad59-30c95101c9cd,600,Rarely,6,Pro,3,0.71,1,0.42857142857142855
5eaceb3f-9661-4c58-8bbc-93bbea797bb6,61,Weekly,51,Pro,3,0.32,1,0.057692307692307696
2d5179a4-900c-44af-bf94-e1fa318a5a3c,963,Rarely,10,Basic,4,0.01,1,0.36363636363636365
45a6c93d-caa8-4452-b86a-011f9f8f8b27,938,Weekly,50,Pro,1,0.16,0,0.0196078431372549
c54aed48-557f-4405-a496-23fd0c653b99,149,Weekly,12,Pro,1,0.14,1,0.07692307692307693
4a9af0fa-4d3a-440a-ad61-730e53cbc8b4,1038,Rarely,8,Basic,2,0.99,0,0.2222222222222222
cadcffaf-e05d-4760-9c8d-1ec3659df54a,318,Weekly,54,Basic,1,0.33,0,0.01818181818181818
96b25ad1-2e0e-4904-9aa3-be79ec6ddaa7,575,Daily,68,Enterprise,1,0.74,0,0.014492753623188406
3fc522f5-5b2c-41ac-bad2-8267c117db07,344,Daily,60,Basic,4,0.83,0,0.06557377049180328
c8dadad4-8d0c-4782-bc41-8fdc9b7159b1,706,Weekly,11,Basic,3,0.41,1,0.25
ac26d426-a821-4ac9-bb65-bfd466f413c1,175,Daily,112,Basic,2,0.69,0,0.017699115044247787
af907463-2673-4f5d-bac1-5e75887e103e,658,Weekly,41,Pro,0,0.6,0,0.0
0016b14c-da3e-41a0-ace3-2571d8f28e6f,590,Daily,49,Basic,3,0.06,1,0.06
dfe79a11-1f47-4fdd-ada4-30baa3650d6d,1055,Daily,38,Enterprise,2,0.09,1,0.05128205128205128
ee572698-ae94-4933-9787-e587aa8ba111,80,Rarely,9,Basic,10,0.57,1,1.0
6f018bf8-56d4-4ed7-ba51-35b23860d966,179,Daily,75,Pro,0,0.74,0,0.0
48b23bc3-0232-468b-a25b-0c58185fd383,1085,Weekly,53,Pro,3,0.66,0,0.05555555555555555
1f78d6c3-06a5-48b0-99ed-fd76e7f3aedb,692,Daily,34,Basic,3,0.38,0,0.08571428571428572
c59fafcf-609a-4fdc-8568-85371412048d,99,Weekly,45,Pro,1,0.81,0,0.021739130434782608
23dc103d-6e33-4b9a-a5a2-14a21cd6edaf,668,Weekly,1,Pro,0,0.54,1,0.0
54086604-0b18-4ffe-9e6d-38d46850590f,659,Weekly,1,Enterprise,0,0.34,1,0.0
1e620e08-a235-40f4-8243-eb1033cb53bf,741,Weekly,41,Pro,2,0.41,0,0.047619047619047616
503fa887-dea2-4a19-979c-aa5afb280088,357,Weekly,17,Pro,3,0.31,0,0.16666666666666666
19805afd-3463-4514-9d51-388b250bd3a5,867,Weekly,9,Basic,1,0.07,0,0.1
7fd96445-0a98-4412-9453-90cc2f2f6887,52,Weekly,18,Basic,3,0.4,0,0.15789473684210525
e03cd796-6401-4196-ba28-626c02978bdd,169,Rarely,7,Pro,8,0.44,0,1.0
3c896b26-cc79-4a19-b7f6-6852ea6628d8,784,Weekly,44,Enterprise,0,0.63,0,0.0
2178077e-634e-4493-b374-ec64d95597c0,36,Daily,105,Enterprise,1,0.39,0,0.009433962264150943
c90b8968-9c9b-4420-b2d3-310839b052cf,296,Rarely,7,Basic,3,0.93,1,0.375
8202cfe9-9386-4c76-8880-cd8f1865180e,1049,Daily,33,Basic,6,0.22,0,0.17647058823529413
4f8f201c-bda4-4ee4-9e4d-c8790fa7861e,22,Daily,118,Pro,0,0.93,0,0.0
9bcfe835-4bef-4563-b081-97378cc765cd,271,Daily,25,Basic,0,0.49,0,0.0
ca70cf8c-fa14-46f6-959c-d05bdc9ceadd,707,Weekly,52,Basic,3,0.86,0,0.05660377358490566
6f13cacf-a5d8-4e54-bb3f-cb5ea3543447,250,Weekly,12,Pro,0,0.08,1,0.0
b3a28d24-7520-465a-9ea1-5d632e4b8ede,263,Daily,89,Enterprise,1,0.19,0,0.011111111111111112
3a136202-5711-416d-84e8-69f9b29a89eb,123,Rarely,2,Basic,2,0.25,1,0.6666666666666666
a15b3ce5-bb9b-4a1f-89cb-e51112de0db4,581,Daily,93,Pro,10,0.94,0,0.10638297872340426
f1b7dfd0-4adc-4c87-ae77-42793114c4be,1029,Weekly,29,Enterprise,4,0.54,0,0.13333333333333333
99d1011f-4c70-4942-b29d-cf180c5d86ed,162,Weekly,40,Pro,7,0.7,0,0.17073170731707318
e4fbb595-0761-4ff4-a05b-60a6a271e58a,583,Rarely,14,Basic,1,0.47,1,0.06666666666666667
7c6cfdb7-510a-468a-a8f8-b264eaa34647,455,Daily,110,Basic,0,0.9,0,0.0
fe77f661-8a66-42e9-a967-0e6479b28dc2,855,Daily,52,Pro,1,0.78,0,0.018867924528301886
d2459e18-4dc6-4676-9f73-259504b2c304,339,Daily,119,Enterprise,0,0.55,0,0.0
8f458168-e752-43d6-bcb4-5ed5066c03fe,98,Rarely,2,Basic,1,0.14,1,0.3333333333333333
c5522fc3-4bbd-47e2-96de-9f066a151310,340,Weekly,36,Basic,12,0.51,1,0.32432432432432434
7b5cd43e-ec5c-4c0a-b34c-b84fed1b0324,45,Daily,26,Basic,0,0.14,0,0.0
ed50f54e-8e89-416e-9adc-662ebeaa5ca3,566,Daily,49,Enterprise,4,0.77,0,0.08
bc390415-3cf3-444c-be0e-59b4039ccaf4,661,Rarely,1,Basic,12,0.17,1,6.0
4e30de04-e51d-4dc6-bf5f-bb8dbfbb5b31,486,Daily,69,Basic,0,0.53,0,0.0
4a6fcbbf-1a59-4f57-8592-868dbab5cb5b,950,Daily,103,Basic,3,0.33,0,0.028846153846153848
631436e2-849e-4272-bf13-660b405584ad,146,Daily,83,Basic,0,0.33,0,0.0
92420bd6-e939-4ffe-ad57-c6bea1963a68,1087,Weekly,21,Pro,2,0.51,0,0.09090909090909091
cd318ca9-555b-44ad-a6d8-11be6a2be2a2,150,Rarely,1,Pro,6,0.42,1,3.0
67f00abb-36c0-427d-a1e9-9d092ed5a15a,280,Weekly,7,Enterprise,1,0.63,1,0.125
8c0fc20d-42e7-41fb-bbc4-0f09a99b9674,949,Weekly,5,Pro,1,0.35,1,0.16666666666666666
c5d1144f-5b18-4d38-a7e5-bf6b6a7b52b4,82,Weekly,59,Basic,2,0.37,0,0.03333333333333333
981f9db9-fff7-4d96-bb9f-87004d310218,518,Daily,113,Pro,1,0.64,0,0.008771929824561403
2009d372-f9d8-4fa8-8612-a194cc314fcc,864,Daily,49,Pro,1,0.52,0,0.02
0e92db05-79a2-4c73-b8a2-d1ad91044ae3,521,Weekly,59,Pro,1,0.56,0,0.016666666666666666
b459ae7d-93f1-4386-b88f-f2d6766296ac,974,Rarely,14,Basic,2,0.18,1,0.13333333333333333
d14763c3-50fc-4224-ab54-d3c320f7743c,306,Weekly,7,Basic,3,0.15,1,0.375
9893fcfd-6fb4-4d35-a909-f1780e0342fb,914,Rarely,1,Enterprise,5,0.64,0,2.5
052927fe-e69b-49e9-8ad4-7ee349444c0d,395,Weekly,26,Basic,4,0.38,1,0.14814814814814814
09c57873-b3e4-428e-bd2d-ac93a4cebc44,988,Weekly,37,Enterprise,3,0.77,0,0.07894736842105263
82d51e64-b358-46c6-8a38-c310f5991902,338,Daily,59,Pro,0,0.69,0,0.0
ba6ed74c-0424-4160-8cd3-53d70f093664,533,Weekly,12,Basic,12,0.37,1,0.9230769230769231
d0afe741-6dc0-45a8-8070-6f75f1d36f69,61,Weekly,12,Basic,11,0.21,1,0.8461538461538461
f7221c8a-9c05-4a9d-9805-a92c8042bec3,907,Daily,43,Pro,0,0.66,0,0.0
529170da-229f-462e-a9b0-853d6684e226,612,Rarely,1,Pro,3,0.3,1,1.5
08713eb3-9951-458c-8fe6-87776fa23888,287,Weekly,30,Basic,1,0.76,0,0.03225806451612903
45c6622a-a766-4dbd-995a-ccb0b51c70ae,219,Rarely,6,Basic,4,0.72,0,0.5714285714285714
48687284-2d1d-46a4-9e64-97c4298ec5c0,597,Rarely,9,Basic,10,0.18,1,1.0
a6062ae8-2bc8-48c2-a0a9-89e53b8fed81,386,Weekly,57,Pro,4,0.59,1,0.06896551724137931
fb6b1ef9-8968-4ab6-bf79-531b265e22ba,390,Weekly,29,Pro,2,0.73,0,0.06666666666666667
f9602155-c982-46e3-9f2c-6ff76186d506,210,Daily,50,Enterprise,0,0.74,0,0.0
4312b91d-5ef9-423b-bd8a-be041b5ae7f8,403,Rarely,1,Enterprise,3,0.13,1,1.5
a37719d7-1cf0-4b9a-b2d4-3178ec8f8533,943,Daily,17,Enterprise,0,0.35,0,0.0
567d61d1-97a4-4749-967e-7da3532dbe53,301,Weekly,10,Basic,0,0.97,0,0.0
00b98bd1-d0cd-468f-8b81-07a964be6625,616,Rarely,5,Enterprise,2,0.33,1,0.3333333333333333
695ceacc-9da4-4598-86fc-25caa306cadb,318,Daily,51,Enterprise,3,0.28,0,0.057692307692307696
414e3ffd-5e85-4b2c-9841-f31480cc655b,325,Rarely,5,Basic,0,0.01,1,0.0
a86ba5ba-2db5-43fb-a564-8af46dbb8026,876,Daily,42,Pro,1,0.01,1,0.023255813953488372
8109d3f7-54a7-40dc-87ac-061c275d93fa,47,Daily,113,Basic,2,0.92,0,0.017543859649122806
4112be90-c380-4aef-acf8-6f8cf8ae9aeb,8,Daily,49,Basic,4,0.45,1,0.08
f58fea8b-d1f5-4336-9467-a4719e44d0c0,1030,Daily,34,Pro,9,0.35,1,0.2571428571428571
5a5eb952-0a8b-4505-94ea-0b20b11c86e7,887,Weekly,20,Pro,2,0.68,0,0.09523809523809523
4982b27a-b7dc-47ab-91a3-1e8fd6766d11,474,Daily,20,Enterprise,1,0.43,1,0.047619047619047616
83c4a0f7-8c63-4423-b9a3-96ba79228e41,397,Rarely,3,Pro,2,0.16,1,0.5
dde15ebe-c9e4-41e7-bdba-24755f1f0410,158,Daily,62,Basic,0,0.76,0,0.0
9051e5de-8b71-49d6-8731-cefba6520b18,1019,Rarely,5,Pro,0,0.8,0,0.0
943b3e70-773c-4004-9a25-6c4bda5173b0,1001,Daily,44,Pro,1,0.64,0,0.022222222222222223
202a2d01-d0b1-41eb-ba32-e8ada98ce146,821,Daily,47,Enterprise,1,0.67,0,0.020833333333333332
e102649f-566d-4d6d-a631-12052998465e,816,Weekly,38,Pro,0,0.01,1,0.0
5867af4b-9ffc-43e5-9822-4c373349bb73,731,Weekly,21,Basic,0,0.55,0,0.0
02605caf-9acf-472e-adc7-fbb2b9f9e928,72,Weekly,30,Basic,4,0.29,0,0.12903225806451613
1f99c710-5cfa-46ca-9343-73bbc7ce49ed,64,Weekly,26,Pro,5,0.23,1,0.18518518518518517
c57e73ba-7edb-4e44-aa3b-6f28a7dd9ad4,695,Daily,38,Pro,2,0.42,0,0.05128205128205128
2e5589d9-e23a-42de-98be-703a987fbad6,777,Rarely,12,Pro,2,0.57,1,0.15384615384615385
67ac5904-e805-41fe-b916-7da57815cec2,987,Weekly,13,Enterprise,0,0.09,1,0.0
fea38a9e-0778-48a9-a779-4dd25bab31f0,468,Weekly,30,Basic,2,0.66,0,0.06451612903225806
e6891d04-7733-461c-a131-5e9babb2e3e3,368,Daily,35,Pro,1,0.7,0,0.027777777777777776
8745b61a-b56a-455d-a923-ab111df422b8,437,Daily,69,Pro,1,0.98,0,0.014285714285714285
bdb10255-145d-4219-b532-dd23415a54df,925,Rarely,8,Enterprise,2,0.06,1,0.2222222222222222
81b23a54-521c-4ead-b9a4-396c9bde4da5,420,Daily,48,Pro,0,0.52,1,0.0
0a96680c-8bd4-46bf-a710-4dc573e36fa7,91,Weekly,23,Enterprise,0,0.48,0,0.0
169cc10c-068a-4e75-ae4c-b68468ebd3a7,225,Daily,16,Basic,1,0.52,0,0.058823529411764705
caef9733-6f7f-4503-9660-8c35495f765c,1079,Weekly,13,Pro,5,0.35,1,0.35714285714285715
0c5ecfa3-8ba5-47cf-874b-8b616c204695,1063,Weekly,10,Basic,0,0.73,0,0.0
83eb5a3c-9c45-412c-857d-4f2e4b6cd4db,234,Daily,96,Basic,4,0.84,0,0.041237113402061855
2877667d-7256-4d31-b90e-705d137e232b,274,Weekly,12,Pro,1,0.44,1,0.07692307692307693
cbff26ac-f64c-4491-8d4c-712a96154fa3,39,Rarely,13,Pro,1,0.51,0,0.07142857142857142
332fbd29-4244-4c9d-8394-a4dd28e9d07c,540,Rarely,3,Pro,2,0.61,1,0.5
719d1a37-babf-45ae-9ee6-3a75a80f774d,505,Daily,27,Basic,1,0.99,0,0.03571428571428571
62cd94d9-91c5-4616-b29b-eed3fedd2fe3,174,Weekly,24,Pro,2,0.63,0,0.08
d42a6dd7-f31d-4338-bbed-63f621ac4e3d,9,Daily,55,Enterprise,0,0.56,0,0.0
6841a0cc-dc68-4054-ad1b-9e20610f9029,311,Weekly,27,Pro,0,0.83,0,0.0
93ef13dd-94a8-4a30-83f6-2560a0bbd895,26,Weekly,10,Pro,1,0.12,1,0.09090909090909091
011aa820-985d-4656-83af-85db9cc3a6eb,968,Weekly,47,Basic,1,0.4,0,0.020833333333333332
2545909b-d493-4975-88d0-02ba96947319,308,Rarely,10,Basic,1,0.18,1,0.09090909090909091
9a5c8bd0-c30f-4fbd-afdc-360763178cbd,911,Daily,106,Enterprise,1,0.65,0,0.009345794392523364
55d8b0e8-85ee-4496-98b7-fbc1161a9237,978,Weekly,25,Basic,17,0.58,1,0.6538461538461539
19875afd-006a-4450-863a-59f33c10a2c3,467,Daily,47,Enterprise,1,0.47,0,0.020833333333333332
508540b5-43a0-45f6-8594-01c4fa3d08e6,1062,Weekly,8,Pro,12,0.47,1,1.3333333333333333
15850a92-2ecb-4fa4-a047-80829dc2bb4d,632,Weekly,44,Basic,1,0.73,0,0.022222222222222223
c0c0a4c4-74c8-4ca0-a6dd-0431c88875a8,954,Weekly,17,Basic,0,0.37,0,0.0
8745cb79-8e01-44ee-bc03-eae64b9bfc86,561,Weekly,13,Basic,1,0.13,1,0.07142857142857142
35e70e40-25fb-4995-886f-f57a437a5098,284,Daily,45,Basic,0,0.62,1,0.0
c63b72b2-7559-4362-a419-dca68ebca1ae,313,Weekly,8,Basic,1,0.36,1,0.1111111111111111
1d52ec1a-6b20-4e03-9044-19b0bab1ea0d,911,Rarely,13,Pro,17,0.34,1,1.2142857142857142
47e648ea-010a-4607-bfb2-ce3076e7b72a,13,Rarely,11,Enterprise,2,0.48,0,0.16666666666666666
d671803e-b665-4526-9f0e-72716e12de27,1073,Rarely,14,Pro,0,0.62,0,0.0
f4818c36-a000-410d-b26f-1352368b396c,693,Rarely,4,Pro,2,0.23,1,0.4
e8f8e13b-0df2-426b-ae14-85a0f22503eb,513,Daily,39,Pro,11,0.54,0,0.275
ba67eb55-7b78-41ef-9db8-37c403ae2cc0,578,Weekly,47,Basic,1,0.53,0,0.020833333333333332
f77b5305-e15f-4452-8775-a9532110d202,619,Daily,50,Basic,0,0.45,0,0.0
48ceca52-feac-43c3-95a8-215b3fca5b57,59,Weekly,50,Basic,1,0.36,0,0.0196078431372549
5b45de22-7915-4e12-94a7-cd11346be4dd,363,Weekly,3,Pro,1,0.42,1,0.25
367d78e0-015a-4c33-9c86-c2c6cfc5408f,568,Weekly,13,Basic,1,0.39,1,0.07142857142857142
67855f87-2552-4273-9aff-1b2060638673,24,Daily,88,Basic,1,0.62,0,0.011235955056179775
16982188-2221-4667-8751-908a7cfdb252,253,Daily,57,Pro,2,0.74,0,0.034482758620689655
5d1e924a-5232-4255-8df9-610e13465816,439,Rarely,9,Pro,9,0.45,1,0.9
a37b8137-7b88-4273-b2ed-b9993192e791,130,Rarely,12,Pro,3,0.48,1,0.23076923076923078
06d94f9c-6578-444a-b69b-89af2e65971f,1050,Rarely,13,Basic,2,0.31,1,0.14285714285714285
c085ad27-a3b7-4ac6-8c99-5d8acd50c3ac,398,Weekly,33,Basic,3,0.69,0,0.08823529411764706
47348b0f-8710-46a1-abf8-3a97d3e3e8e6,865,Weekly,33,Pro,0,0.27,0,0.0
01d0471a-f3c4-41af-bd62-d13f7a640123,976,Weekly,27,Pro,0,0.6,0,0.0
60a5539b-35a0-48b6-b120-73dd9363c902,708,Daily,118,Basic,1,0.75,0,0.008403361344537815
8e2e6166-2b02-4892-9777-13f00e5593fc,408,Daily,115,Pro,1,0.4,0,0.008620689655172414
6339cd11-80e4-45fb-acdd-6ea192dbb5ce,839,Daily,36,Basic,2,0.37,0,0.05405405405405406
a5ad9b47-e278-494b-9fa4-a175b63c49b2,501,Daily,113,Pro,1,0.85,0,0.008771929824561403
2ce4a85c-fa47-4fe3-8f09-60760c8086c1,133,Daily,53,Enterprise,6,0.83,0,0.1111111111111111
5a4223a9-10c4-4b98-9705-dfd0f2d3f5a5,13,Daily,40,Pro,2,0.75,0,0.04878048780487805
e4d8cb11-da54-4a83-b582-d05e879c3bc9,487,Daily,108,Basic,1,0.45,0,0.009174311926605505
22d98feb-b43a-40d0-85b0-ee2af2a15f77,353,Rarely,6,Basic,3,0.12,1,0.42857142857142855
de6317d1-37a4-4d8c-85f2-ae9f197bd82c,821,Daily,15,Basic,6,0.47,0,0.375
7cd44819-2002-4f65-87ee-6f1e24bca534,198,Weekly,33,Pro,0,0.82,0,0.0
e4e4c422-2573-4462-89e0-fb8cdcfb021c,130,Rarely,2,Enterprise,5,0.21,1,1.6666666666666667
33ad26cb-3ca4-44b4-ac7d-b5d770fdd115,71,Daily,29,Enterprise,1,0.65,0,0.03333333333333333
308e54f1-c12b-431b-b342-adf16aac90d7,695,Weekly,19,Basic,1,0.26,1,0.05
b0ed1bce-f0fb-45e0-b212-e3ad02919cdf,219,Daily,25,Basic,1,0.37,0,0.038461538461538464
fd6d8532-2670-42be-9162-201f1a6be7e6,878,Rarely,13,Basic,0,0.03,1,0.0
e2b2f331-7330-4ca1-bd3a-de12b27eee00,387,Daily,17,Pro,0,0.35,0,0.0
5d4bf13b-10ff-4ff1-8a04-d82bb9ef034a,26,Daily,43,Basic,9,0.61,0,0.20454545454545456
af4cf7b3-9aeb-469a-b0e3-fc07747cd008,694,Weekly,17,Basic,0,0.83,0,0.0
b355e008-941d-45b6-8f31-071a9d3d37dd,889,Rarely,5,Basic,0,0.55,1,0.0
0214ab85-681c-4f7d-af0d-c9aa66760379,477,Daily,89,Pro,2,0.57,0,0.022222222222222223
89f43465-cc21-4ab4-bb37-0582d29f462b,170,Daily,32,Enterprise,1,0.26,0,0.030303030303030304
0cdf53da-0f34-4bff-b8a1-0eeda6126d79,21,Daily,73,Enterprise,2,0.99,0,0.02702702702702703
34b03666-8662-426b-a731-3a08dd91f1e3,664,Daily,65,Basic,1,0.75,0,0.015151515151515152
43e063f8-735f-438b-9ad3-3692cd363ff3,871,Daily,28,Enterprise,2,0.46,0,0.06896551724137931
3497d440-0e8d-4b89-adb1-a4316d5a43a8,781,Daily,35,Enterprise,1,0.73,0,0.027777777777777776
8731ace3-1433-4d3d-a684-d497d45726bc,90,Daily,35,Basic,0,0.73,0,0.0
abbf1cf4-3666-4d6c-b82b-1837790b6a80,601,Daily,101,Basic,0,0.36,0,0.0
0255b53e-cc2d-4ab6-8a3a-51a24f20f284,417,Weekly,37,Pro,9,0.46,0,0.23684210526315788
380e9a69-25e9-4705-bbe9-65b9705e65cb,920,Rarely,4,Enterprise,1,0.55,0,0.2
14997d2a-a3a1-4366-8784-c062d6ba2a09,176,Rarely,3,Basic,2,0.46,1,0.5
e096ca3e-b885-4408-9c10-4b952a33697a,735,Daily,19,Basic,2,0.34,1,0.1
571273c1-c9f7-47a7-9d6d-4ebb36b646fa,113,Rarely,12,Basic,1,0.28,1,0.07692307692307693
7188c576-a145-41dd-8b71-5e37f982d30a,596,Weekly,41,Enterprise,3,0.83,0,0.07142857142857142
356600c6-7df5-461e-83ba-e6ccbb5f16db,892,Weekly,2,Pro,3,0.2,1,1.0
587ce8cc-a144-4ac0-a35c-a29d1d557a7d,649,Weekly,59,Pro,0,0.56,0,0.0
7f52008f-ddfb-4dce-83e5-98ac3874a11e,35,Rarely,12,Pro,3,0.35,1,0.23076923076923078
fecd0a4b-6570-4f50-a86a-e399376c4219,205,Weekly,11,Basic,2,0.36,1,0.16666666666666666
e4b26e61-7250-46f5-97fb-3b2fd84f63ef,1069,Weekly,21,Basic,4,0.58,1,0.18181818181818182
9ca9e88f-9ed8-4ad5-bfac-b9b8ed2865d7,338,Weekly,50,Pro,1,0.78,0,0.0196078431372549
8bc720c7-6db4-4ea6-8c86-66d066e206f6,193,Weekly,16,Enterprise,0,0.83,0,0.0
8e71fd91-75bc-4aa4-be60-cf44d9f3ddf9,763,Weekly,5,Basic,9,0.01,1,1.5
03d9c108-8744-47ae-8219-08b39402e09e,1013,Rarely,1,Enterprise,0,0.61,0,0.0
1d5ac54c-52ca-4286-b569-1d805680f19e,603,Weekly,23,Enterprise,3,0.26,1,0.125
7d6a7d77-310e-45d8-9a87-6d3676b42396,393,Daily,104,Pro,1,0.92,0,0.009523809523809525
ba84f4bb-3767-4c44-957b-f487cb44a0d8,848,Daily,73,Pro,1,0.6,0,0.013513513513513514
2626aceb-e839-4117-af50-7d3f19bd4c2f,785,Weekly,35,Basic,3,0.4,0,0.08333333333333333
1a89ccc0-1d60-4b58-8dcf-caec15826f8b,1060,Daily,46,Pro,1,0.34,1,0.02127659574468085
d9aede81-9442-43e5-82d0-92232a12eeb3,276,Daily,48,Enterprise,0,0.83,0,0.0
7fbb52c2-1a82-4d0b-8999-3ff3302014b6,771,Daily,19,Basic,1,0.27,0,0.05
5607c552-83bc-4a3c-ace3-6d7e6b4e33f4,49,Weekly,4,Enterprise,2,0.52,1,0.4
ebd6bf41-c666-4b31-acc8-17ff7b271adc,1090,Daily,92,Pro,1,0.32,0,0.010752688172043012
f3f0d2f5-f2f2-4f26-8b80-e81827f42571,997,Weekly,55,Pro,4,0.48,0,0.07142857142857142
5b68946d-4891-4dbe-b02e-edffd5f8a911,106,Weekly,17,Pro,6,0.61,0,0.3333333333333333
c89fa040-f54b-43ab-838f-3e75040853b7,1001,Daily,52,Pro,10,0.5,0,0.18867924528301888
d5526004-4035-4281-99df-c8d474390f6b,468,Daily,53,Pro,1,0.66,0,0.018518518518518517
031d354b-c73a-4ccc-b8a9-380a0807c1de,289,Daily,57,Basic,0,0.29,1,0.0
454d4791-0778-4060-900b-8e00d737f05a,766,Weekly,27,Enterprise,2,0.59,0,0.07142857142857142
c7c545d1-6e28-4170-bedb-ae8fd2f4da87,450,Daily,118,Basic,0,0.54,0,0.0
b350d33a-5827-4e10-8e72-255e81710ada,793,Weekly,10,Basic,1,0.36,1,0.09090909090909091
e16abde3-1b9d-48f6-9750-9c464e7ce6f2,956,Daily,100,Pro,4,0.48,0,0.039603960396039604
f1f8e7fc-4835-40c1-9018-0fb9b7fb34b5,350,Rarely,8,Enterprise,1,0.74,0,0.1111111111111111
70971d5b-e027-47af-8e88-088b34b19df3,37,Rarely,1,Basic,1,0.31,1,0.5
fd736100-bb4a-4649-ab2c-eb46b9b4fe9b,715,Daily,52,Pro,1,0.42,0,0.018867924528301886
26d81e44-0c64-4333-81ea-7391cfd37042,258,Daily,28,Pro,11,0.86,1,0.3793103448275862
97248b1a-c015-4950-9e43-ad03fdaf67c9,1042,Weekly,3,Pro,9,0.37,1,2.25
d3bbab6d-8079-42d0-b1ae-2fd6bad94591,955,Daily,52,Pro,4,0.54,0,0.07547169811320754
6fbc7f2c-7eee-4cb9-a1c5-02cfc8a8dcaa,293,Weekly,42,Basic,1,0.53,0,0.023255813953488372
1d06867a-4cbe-436e-bdb3-73ca27ae6fe3,318,Rarely,13,Basic,6,0.43,1,0.42857142857142855
58dc07ad-b3b6-42e1-8391-4e74bad4545e,211,Daily,99,Basic,1,0.64,0,0.01
3ba2d3ff-ffb1-4381-ad1a-a12f0530d5fa,818,Weekly,43,Pro,1,0.26,0,0.022727272727272728
fd72dd42-e083-490a-a2f3-0595f784381a,195,Daily,107,Enterprise,0,0.69,0,0.0
55b6a5e3-8986-4471-b8f2-08a29a43a468,718,Daily,111,Pro,2,0.46,0,0.017857142857142856
247162ce-3d2f-42d6-8137-18cef4c9bca7,508,Daily,54,Pro,3,0.85,0,0.05454545454545454
b3c10bd4-f26c-4163-b54c-33dc2c1bef16,883,Daily,44,Pro,0,0.34,0,0.0
14f35749-d07c-41b0-940e-afc8cb236e76,403,Weekly,48,Basic,0,0.65,0,0.0
4708b966-0b3e-4e35-b0ee-2d3991046070,366,Weekly,53,Basic,3,0.44,0,0.05555555555555555
16396b50-d11b-4de8-a462-b1eabc656291,136,Rarely,9,Basic,0,0.13,1,0.0
a9f93d7a-8cc8-4c46-9348-82395506e2ad,973,Weekly,20,Basic,0,0.48,0,0.0
5dbcc2d2-7110-4f65-845a-37903e74198d,446,Weekly,44,Pro,1,0.79,0,0.022222222222222223
5e6d15db-b6bd-49c1-ab41-8a9c929530b8,959,Weekly,27,Enterprise,0,0.53,1,0.0
941eb382-a892-4f3d-a860-9ea95d66c3b1,842,Weekly,20,Basic,18,0.68,0,0.8571428571428571
2aa6c6ac-29cd-4339-a980-45d54a9e1c01,539,Daily,53,Basic,3,0.31,0,0.05555555555555555
9780f404-af05-4d70-bcc1-f4a2f7dc578e,942,Daily,91,Pro,0,0.4,0,0.0
db4291d0-aec4-41c8-abbd-df9f36a581d4,565,Rarely,4,Basic,2,0.06,1,0.4
01d6fcc5-f701-46be-b1fd-a6a233c7146e,652,Weekly,20,Basic,0,0.99,0,0.0
5972c3eb-6f0b-477c-9ba9-f2c448bb4a00,1011,Rarely,14,Enterprise,4,0.43,0,0.26666666666666666
3d6cf2a8-694c-4b20-b781-55c91060b36c,88,Daily,102,Enterprise,2,0.99,0,0.019417475728155338
2d7c27d5-f5d9-48c5-8d18-c91d89fb0e1f,477,Weekly,5,Pro,2,0.1,1,0.3333333333333333
d4507ccf-05f6-40fd-9415-8e502087f54a,315,Rarely,1,Basic,9,0.48,1,4.5
4017ec2e-114b-4ddb-b5df-4c88a4665123,308,Weekly,19,Basic,3,0.31,0,0.15
71c57183-f207-459c-bef7-ef11864dbf3a,594,Daily,57,Pro,2,0.6,0,0.034482758620689655
bebcf840-a8d2-4b5d-9d87-a5a6696c281a,76,Weekly,10,Enterprise,1,0.46,1,0.09090909090909091
6b9749f0-29e3-49c4-b8e4-787c4e5387fe,554,Daily,108,Enterprise,2,0.81,0,0.01834862385321101
38cfab2b-0461-46ae-88e6-374d53c32ec7,267,Weekly,48,Basic,3,0.62,0,0.061224489795918366
84527130-0a7c-4930-ade5-fb5abed2f872,892,Rarely,14,Pro,0,0.4,1,0.0
62302ec5-0336-464f-8bc1-67f401a1d79a,165,Rarely,10,Pro,0,0.07,1,0.0
9ea5bfee-fac6-43c0-b9e9-1e75bf717d5e,567,Daily,32,Basic,2,0.41,0,0.06060606060606061
ca3c77fc-e252-4ea9-86b1-ef77b0a903ee,24,Weekly,46,Pro,2,0.31,0,0.0425531914893617
25bea0d8-834c-4b6c-8fb8-f6b66d2e441a,80,Daily,49,Pro,14,0.99,0,0.28
d5f9bdd4-49dc-4608-bf0a-706f081c245c,990,Daily,33,Pro,0,0.33,0,0.0
d3adb152-4372-4527-8380-280ee3c6615b,758,Rarely,11,Basic,0,0.58,0,0.0
f0bc0ae5-c997-4393-9a59-61a1a80044ab,368,Weekly,7,Basic,0,0.99,0,0.0
8c492ebc-9ae4-4584-9dd5-55b727721446,314,Daily,48,Pro,6,0.01,1,0.12244897959183673
878bc421-7d98-4bbc-a48f-23b01f291bd4,273,Daily,59,Enterprise,13,0.32,0,0.21666666666666667
a3b2fb46-2a0c-402c-8917-d5f324761503,214,Weekly,10,Basic,3,0.01,1,0.2727272727272727
fb25b759-b0f7-4b77-a24c-e819525b4ee0,546,Weekly,36,Basic,1,0.52,0,0.02702702702702703
87351f46-0217-4b69-bfde-9c7be32afc62,834,Daily,34,Pro,1,0.84,0,0.02857142857142857
fddc6f88-ad0a-47e9-804b-ec029ed9cbe0,902,Weekly,3,Pro,1,0.36,1,0.25
5dc09a09-6de3-4eb7-8eb6-463029380a8f,828,Weekly,16,Pro,1,0.65,0,0.058823529411764705
4adb86d9-01ca-4b99-8c91-afa01de20d69,555,Daily,54,Enterprise,1,0.66,0,0.01818181818181818
9ad9c1d0-7374-47f8-9280-3130cc7b32bb,319,Daily,15,Enterprise,7,0.59,0,0.4375
7f4eb202-ae9e-463b-a77b-eef11100e5af,277,Daily,24,Basic,8,0.27,0,0.32
1ecb6d18-e8d3-44c7-8e55-cc3e3c97b4f9,786,Daily,35,Pro,2,0.94,0,0.05555555555555555
ac9b3fca-e4bb-45f6-a700-8246616ed708,1007,Rarely,3,Pro,2,0.33,1,0.5
6d25f603-358e-4345-8b71-f5235955582b,22,Daily,56,Basic,2,0.26,0,0.03508771929824561
94defea5-d7f5-4b8f-a73a-03cb3b860038,434,Daily,46,Pro,7,0.39,0,0.14893617021276595
a6379807-f95c-46a0-bc9c-467ed60e1359,512,Daily,21,Basic,13,0.02,1,0.5909090909090909
de63a0e6-aaa1-4b1d-b3bf-a5888c5700a9,794,Rarely,1,Basic,1,0.64,1,0.5
42f33c68-2b58-4dac-ad98-40f645c1562f,633,Daily,58,Enterprise,7,0.86,0,0.11864406779661017
7a5bcbdc-b8e1-4d06-89c8-69782cd2532c,364,Weekly,8,Basic,3,0.72,1,0.3333333333333333
3b59a09c-47de-466e-b35d-a2e957108705,1044,Daily,81,Pro,2,0.57,0,0.024390243902439025
49a379c7-4e30-4070-87b4-0495b1fae965,425,Rarely,7,Basic,3,0.62,1,0.375
1c15c44c-5ee9-4044-a3de-8d0e13da6103,563,Daily,71,Basic,4,0.27,0,0.05555555555555555
8c779290-55e0-4eb4-b090-ed96d6a1246d,1024,Weekly,27,Basic,1,0.53,0,0.03571428571428571
81b2a86f-e3b6-4f34-970a-00fb67241f0c,686,Daily,48,Pro,1,0.65,0,0.02040816326530612
a9b72f80-8ea4-428e-8313-7c8098b26302,780,Weekly,5,Pro,2,0.28,1,0.3333333333333333
dc251fd1-6d4f-4c0e-bcc4-451aa4fa663a,864,Weekly,49,Enterprise,1,0.36,1,0.02
93bbd895-7a41-4220-8688-e8102923f9b6,74,Daily,54,Pro,0,0.59,0,0.0
d617c390-c119-4c47-b445-55091add6020,314,Daily,75,Pro,4,0.09,0,0.05263157894736842
9ceb3eb2-913e-4b50-98bb-122fc6ed2d75,588,Rarely,9,Basic,2,0.26,1,0.2
17bc63c4-b866-4390-b419-2b710dc434a7,320,Daily,34,Pro,2,0.08,1,0.05714285714285714
7f78655b-db3c-449b-8051-633d1a3b1326,1094,Daily,44,Basic,4,0.41,1,0.08888888888888889
ee428cf8-085c-413f-9b03-2428347b81a0,689,Rarely,1,Pro,1,0.61,1,0.5
410d9889-1fbc-4701-8aaa-8cc1255501ed,539,Daily,45,Pro,1,0.84,0,0.021739130434782608
28eafc44-4251-42c1-b299-464ca722aaa9,1091,Daily,41,Basic,1,0.55,0,0.023809523809523808
42f2624e-2db8-41b9-a140-882d531bae85,850,Daily,48,Pro,2,0.61,0,0.04081632653061224
e02a206c-7a2d-4770-99d3-926b6d993071,1035,Weekly,39,Basic,4,0.42,0,0.1
d5668d56-69c6-4050-b4d8-182537f305d8,130,Rarely,12,Pro,3,0.62,1,0.23076923076923078
d0c0ac6a-14ba-4974-bea6-e39591a32d30,542,Rarely,1,Enterprise,0,0.21,1,0.0
e96a63db-ca8f-4bd1-b425-e648b2b8c1ac,13,Weekly,34,Basic,0,0.86,0,0.0
4104bfce-8173-4db2-b145-4b918c977112,718,Daily,41,Pro,8,0.75,0,0.19047619047619047
0c12821e-2225-4f08-b447-1f83b0a68df0,843,Weekly,55,Pro,0,0.76,0,0.0
1f504b8f-2452-4a8d-94ef-222c8d9f888f,740,Weekly,8,Enterprise,2,0.42,1,0.2222222222222222
502b1d2f-477a-41c9-9bc9-c21d6d65a849,279,Rarely,3,Enterprise,5,0.36,1,1.25
36dca572-d8d2-49ac-b19d-bd61e2ac3da2,1093,Weekly,46,Basic,0,0.43,0,0.0
52c2b916-c524-4f41-90a6-9efa4027003a,1090,Daily,23,Basic,1,0.72,0,0.041666666666666664
471cae73-b4de-4852-9044-117a9215c756,306,Weekly,14,Enterprise,9,0.18,1,0.6
5cec7365-df0e-4757-984f-244be924f770,450,Daily,87,Pro,2,0.49,1,0.022727272727272728
ca84d5b9-0aaa-4d25-a1d1-bb3f078abfb9,652,Weekly,46,Basic,9,0.95,1,0.19148936170212766
f2ae89c4-a827-4233-b41c-3caeb9f9dec6,1027,Weekly,36,Pro,2,0.81,0,0.05405405405405406
cb36ac5c-55f0-4ef3-b97e-775d21887b05,253,Rarely,1,Basic,1,0.28,1,0.5
eee1987b-5ffa-4281-8363-9a10afbb6082,313,Daily,41,Pro,3,0.63,1,0.07142857142857142
cfd07111-4eb2-4740-8f59-8c133b09080f,586,Daily,29,Pro,4,0.49,0,0.13333333333333333
91195f6d-d752-4f57-97e3-d345d094a9e1,601,Weekly,11,Basic,12,0.27,1,1.0
1486fa62-80a9-4ad2-b09d-38953147aa31,440,Rarely,7,Basic,5,0.12,1,0.625
12d9c69d-5244-44bb-8ecb-87fa26c3f743,559,Daily,23,Basic,0,0.39,0,0.0
8ce74e81-b126-4c5b-be4f-7d7ef0d46dd6,685,Daily,42,Basic,3,0.62,0,0.06976744186046512
4c30d67e-3d76-4826-9b5c-188c56ffd497,1034,Weekly,54,Basic,4,0.68,0,0.07272727272727272
7d5d4c96-8ae1-4810-8b61-9d777bccfcc7,19,Weekly,8,Basic,2,0.29,1,0.2222222222222222
f3315ed5-2239-4e33-8121-c35c92654632,146,Daily,113,Basic,1,0.78,0,0.008771929824561403
52c4ada2-1767-4de0-b3f4-4e091202f9ea,16,Weekly,11,Pro,4,0.66,1,0.3333333333333333
80b98997-32c6-4fb8-8b1e-f87d0a8fa0b4,237,Daily,98,Pro,2,0.44,0,0.020202020202020204
0eee4e2b-2429-44a2-8936-bf954b4d031a,8,Weekly,30,Pro,20,0.23,1,0.6451612903225806
685d070a-76dd-4dd0-af78-ce1480eca03b,441,Weekly,34,Basic,0,0.29,0,0.0
228ed55e-c6a0-4aab-bb01-ba6a9a9e6fa9,863,Weekly,35,Pro,0,0.53,0,0.0
bdb4942a-d3a4-4f3c-a0ce-584ba56cb2e4,258,Daily,70,Enterprise,1,0.71,0,0.014084507042253521
3583d8de-3221-4749-a147-8c6eb51459e4,892,Weekly,13,Basic,9,0.35,1,0.6428571428571429
863662f4-c576-4533-ae89-7bc629055c97,144,Daily,103,Pro,3,0.82,0,0.028846153846153848
065daf2d-cdcf-4c6c-a89a-bfa8d5b84877,502,Rarely,14,Basic,13,0.44,1,0.8666666666666667
800d945c-56c7-4048-b6b8-b0dc2127b6c6,382,Rarely,1,Basic,4,0.36,1,2.0
4891b498-40b1-482c-b280-18d11d12e8bd,152,Daily,38,Pro,1,0.4,0,0.02564102564102564
54d95fe0-9679-44a2-873c-63745e2207b8,708,Rarely,13,Pro,3,0.4,0,0.21428571428571427
13130b4e-d334-4320-a325-5650405f05cc,979,Weekly,18,Basic,0,0.63,0,0.0
8c9bb1ae-43ff-4480-9321-219c46f33110,995,Weekly,13,Basic,0,0.03,1,0.0
78c5a86c-e233-4d33-8317-6cdc47822363,845,Weekly,47,Basic,4,0.47,0,0.08333333333333333
4218c602-d70e-46e7-9c17-2280d46e79e7,833,Daily,52,Basic,2,0.47,1,0.03773584905660377
b8874e79-a4ee-4866-a053-df3582ecd684,599,Daily,46,Pro,0,0.63,0,0.0
243476f9-df80-4b34-b378-faf1fea9fd48,261,Weekly,37,Enterprise,1,0.68,0,0.02631578947368421
8a13f051-d2ad-4870-96f2-d9375180b646,850,Daily,93,Basic,1,0.84,0,0.010638297872340425
821d666c-58b5-4ce7-809b-ac8b345e97d2,865,Daily,42,Pro,6,0.79,0,0.13953488372093023
c72d7918-51d0-420d-b0cb-84596fba09a3,208,Daily,40,Basic,0,0.57,0,0.0
e08ef5d0-24ca-4ef2-a4ca-696cf3235c67,880,Daily,90,Pro,1,0.19,1,0.01098901098901099
575f0feb-51a7-4f1c-8f54-f78dde9a7c07,853,Weekly,21,Basic,1,0.78,0,0.045454545454545456
890ceb97-3864-44ae-9217-7ea0b76fb409,263,Daily,42,Basic,1,0.7,0,0.023255813953488372
73e4c882-35a4-4ba5-9a87-cf92ecfee54c,837,Weekly,4,Enterprise,2,0.48,1,0.4
6a541d63-12b2-4288-96c1-c943458cb903,267,Daily,72,Pro,1,0.99,0,0.0136986301369863
d2289102-381f-4c6a-84a3-9e30dc51ee63,88,Daily,61,Enterprise,3,0.39,0,0.04838709677419355
789217b9-26b6-41b4-9672-027bc2e8c503,326,Weekly,18,Pro,2,0.74,0,0.10526315789473684
0f5ccf77-451d-4c33-9e0d-035f8f6f0d77,383,Daily,50,Basic,1,0.81,0,0.0196078431372549
a403f647-26c9-42cf-8336-9a57864987a0,785,Weekly,4,Basic,4,0.32,1,0.8
8973ba0e-936f-405f-ba57-a42381788abe,201,Weekly,7,Enterprise,0,0.37,1,0.0
88f02fdd-fb6f-4cb0-890e-cc93075a680e,310,Weekly,43,Basic,1,0.39,0,0.022727272727272728
6340c16c-4b98-4a5c-a6ed-7c6b728e2fc7,1062,Daily,92,Basic,0,0.69,0,0.0
1ae9f5f0-faad-443c-a585-4496a6bd0647,822,Daily,27,Enterprise,1,0.74,0,0.03571428571428571
8c82b911-d0c3-4132-958c-e386fcdb0a46,750,Daily,39,Enterprise,1,0.68,0,0.025
fd2c766f-1807-4210-89b1-f319f05edff5,407,Weekly,42,Pro,4,0.26,1,0.09302325581395349
2db1caeb-f863-4167-916b-64e14f886312,622,Weekly,35,Pro,4,0.58,0,0.1111111111111111
2be27cdc-a205-454e-ad5f-efdec31538b1,1092,Daily,18,Enterprise,1,0.9,0,0.05263157894736842
b7254b83-cf36-46e7-a2f2-8f0611c7353f,303,Daily,109,Basic,0,0.65,0,0.0
22873ed7-cc4e-4c93-b540-c9627b2a581c,188,Daily,83,Enterprise,4,0.51,0,0.047619047619047616
e255fd57-cb6c-47b6-970a-8ac04d1f6515,165,Rarely,6,Enterprise,0,0.55,0,0.0
38aaa48b-badf-4d57-9b19-9aeffcaa86f2,91,Daily,67,Pro,3,0.32,0,0.04411764705882353
3bb4db0e-98d0-4f7f-b5f8-5bde11410266,543,Weekly,5,Basic,9,0.19,1,1.5
ae735157-bcc8-42bb-b3c0-c330eaee9e3f,587,Daily,73,Basic,3,0.74,0,0.04054054054054054
045f563d-09e2-469b-94f0-dd70b9cd49b7,952,Weekly,58,Basic,2,0.23,0,0.03389830508474576
9b1fdc05-84b9-4810-a04c-9b5238fa1e4d,13,Weekly,5,Basic,2,0.92,0,0.3333333333333333
043bb8fc-a547-4efb-aab4-53ae565dd9ad,917,Daily,49,Pro,1,0.14,1,0.02
4c43887a-6b56-4758-9b17-1d2e8a317aac,949,Weekly,57,Pro,0,0.47,1,0.0
fd45980d-2234-4d32-86c8-8a4a078ac61e,902,Weekly,21,Pro,4,0.38,1,0.18181818181818182
4c692aca-2c77-4aa0-9110-27c91a3cd7bf,511,Weekly,32,Basic,2,0.77,0,0.06060606060606061
bf907fce-cbf1-4a89-9d72-f8d7b0861dec,981,Weekly,23,Enterprise,1,0.73,0,0.041666666666666664
d01412f9-cda5-4c33-95fa-b4c4b7863fca,753,Daily,59,Enterprise,2,0.47,0,0.03333333333333333
b07ba456-47b2-47a4-aaac-ded2da608c81,86,Daily,23,Enterprise,0,0.32,0,0.0
e8d0179e-9048-48b3-8e3a-d678a0fc7660,396,Weekly,13,Enterprise,0,0.73,0,0.0
946a67c0-37d4-40a2-a93f-fce64719ac14,491,Daily,29,Basic,4,0.58,0,0.13333333333333333
a2422480-c0a4-4680-a13a-4750475400ca,801,Daily,102,Basic,3,0.16,1,0.02912621359223301
4e639e1e-46ad-4606-8d20-d4c378e67aaf,635,Daily,58,Pro,3,0.3,1,0.05084745762711865
6af14e5c-6140-40b4-8069-c43448b307dd,670,Daily,77,Pro,3,0.94,0,0.038461538461538464
20677517-d0d7-49d3-821c-4c98b3d7a07d,578,Daily,42,Enterprise,2,0.67,0,0.046511627906976744
8890b906-78a3-4afd-946c-72c5fc846c4d,171,Weekly,30,Basic,0,0.61,0,0.0
76f76d55-9509-42d3-90ef-2a4d1caa0b07,612,Weekly,16,Basic,0,0.65,0,0.0
35c1128f-8a72-49bb-bb49-b97c45a76ab9,961,Weekly,4,Enterprise,1,0.46,0,0.2
3325761b-7f6d-4a3c-9c15-0f2556370429,1016,Weekly,11,Basic,0,0.55,0,0.0
0401d05c-827f-4063-9512-f86571e18820,480,Daily,83,Basic,1,0.23,0,0.011904761904761904
69342eb2-eca3-4bf0-aaa8-6703ab143027,1040,Weekly,13,Enterprise,0,0.67,1,0.0
20681e32-57ef-4087-9ef3-9c53d8953b0a,696,Weekly,22,Enterprise,1,0.44,0,0.043478260869565216
3bb8ca52-7c9e-4c45-9b8d-5531daed289e,579,Daily,52,Pro,1,0.51,0,0.018867924528301886
0db47211-d2b5-43ef-961b-abc3914f576c,95,Daily,115,Enterprise,1,0.36,0,0.008620689655172414
2af8d9b1-4473-4d53-87fc-055e5d8aeda6,747,Rarely,12,Pro,0,0.59,0,0.0
b440e978-4334-4a2d-8c99-eb87a72b9ccd,749,Daily,22,Pro,3,0.15,1,0.13043478260869565
2eeccdec-06e3-4853-a139-7eaa599894d6,708,Weekly,58,Basic,1,0.36,0,0.01694915254237288
287e178a-dbe2-4be9-b5ad-69457f4cc43c,691,Rarely,1,Basic,20,0.19,1,10.0
3ef08b66-a483-455b-909a-11e531a6bf38,37,Weekly,7,Pro,0,0.16,1,0.0
4f16b75d-13b6-4d97-bdf2-f18155ed12fc,445,Rarely,2,Basic,0,0.62,1,0.0
3103d152-336c-4b93-bf91-dad44770c7a8,634,Daily,83,Enterprise,1,0.86,0,0.011904761904761904
1fae1d6a-a647-4168-8123-a247444553ca,753,Weekly,46,Basic,1,0.67,0,0.02127659574468085
0d5c3971-f433-43a5-817c-a3c09f9fb51a,50,Daily,74,Basic,3,0.61,0,0.04
768eb1a3-e9c3-4372-9bf1-0e2efd877e09,160,Daily,24,Pro,1,0.65,0,0.04
a7e729c0-15bc-426c-b4c4-c93d29417be1,274,Weekly,42,Enterprise,0,0.62,0,0.0
9db2754e-260a-4f2e-9632-124541416d3b,516,Daily,57,Pro,1,0.45,0,0.017241379310344827
4d3e1b2d-55bc-4186-a68b-6c081c8515da,331,Daily,82,Pro,3,0.29,0,0.03614457831325301
7fc747b7-27c5-4891-b422-87d1e8091633,505,Daily,28,Pro,1,0.45,0,0.034482758620689655
dac68d9e-8566-4e5e-b782-91cc61557d5f,801,Daily,23,Enterprise,0,0.74,0,0.0
bd7ab3f0-bffa-430c-ac66-9f2117926e9e,794,Daily,90,Basic,1,0.68,0,0.01098901098901099
de4a94be-4720-49c4-9b23-997c594e6178,173,Daily,110,Pro,1,0.59,0,0.009009009009009009
c122e05e-2760-4e0b-a42a-0e11f68e9c45,539,Rarely,2,Enterprise,0,0.16,1,0.0
e95440fb-0f58-452f-907e-0fd217c70e4d,86,Daily,31,Basic,0,0.39,0,0.0
2764c123-e833-4efb-83bf-dbfc9cc0fd36,9,Daily,54,Basic,5,0.71,0,0.09090909090909091
ed4acb2c-29f5-48e8-8e20-f2515c97b7f3,19,Weekly,26,Enterprise,0,0.7,0,0.0
fbd60010-d0c3-4a02-a47b-f26e79723d52,856,Weekly,16,Basic,2,0.78,0,0.11764705882352941
b34a2147-4a39-43ba-8774-5c7e33b275e6,786,Daily,104,Pro,0,0.76,0,0.0
742dcbfe-3375-4b76-a5a7-25f19adae555,636,Daily,22,Basic,2,0.61,0,0.08695652173913043
a49e8463-486c-45b8-b0b5-b63fb6d22b8e,369,Weekly,55,Basic,1,0.2,1,0.017857142857142856
3b323003-07ec-4d70-8aa7-2c46d335e59d,159,Daily,42,Basic,1,0.69,0,0.023255813953488372
f4928e30-dc29-4ad2-87fe-798ba80b7aea,250,Weekly,41,Basic,2,0.67,0,0.047619047619047616
5b019888-82ec-4e35-ac0a-25386e58096b,962,Weekly,41,Basic,10,0.47,0,0.23809523809523808
27bca0d5-7bcc-4fe5-bf93-c955241c6816,1017,Daily,109,Pro,0,0.48,0,0.0
fc5637a4-96ea-4dfb-b49c-9b039e15af85,730,Daily,45,Basic,2,0.34,0,0.043478260869565216
cef43bda-32a0-4d04-b0c4-b75cf289d3e9,822,Daily,34,Basic,7,0.64,0,0.2
010492b3-561f-42e6-863c-40523d750ff8,748,Weekly,1,Basic,1,0.54,0,0.5
2154c77a-b917-46dd-8d65-0adc211c1ad9,864,Daily,31,Basic,1,0.68,0,0.03125
4d99a772-2cf0-482e-8350-874fcce15008,173,Daily,54,Basic,3,0.75,0,0.05454545454545454
1886f2c7-8cd8-4f69-a8e5-7a51ee26ea8b,843,Weekly,19,Pro,0,0.27,1,0.0
39f0788c-706f-44c3-94ba-11493e43c3b6,816,Daily,37,Enterprise,1,0.45,0,0.02631578947368421
c3979746-c8d8-485e-8ee5-b8c0bbca73bf,381,Weekly,27,Enterprise,2,0.73,0,0.07142857142857142
e73a93c4-1c67-4555-8acd-6fe21e7c136b,891,Daily,64,Basic,4,0.15,0,0.06153846153846154
72a58200-c7c8-4b0a-a611-eb4e8c30da0a,1054,Weekly,43,Enterprise,3,0.33,0,0.06818181818181818
631f16f5-c2a0-4c58-acd9-4914e651ad22,42,Weekly,11,Pro,0,0.36,0,0.0
f53aef1d-b794-437c-aeda-b28c3b1073ad,16,Rarely,7,Pro,2,0.58,1,0.25
8031fb5b-73cf-403d-859b-c49c369122ec,1090,Daily,55,Basic,4,0.32,0,0.07142857142857142
86c09ee0-f48f-4e01-a9c3-dafd447700b7,278,Weekly,5,Pro,1,0.53,1,0.16666666666666666
0cd9ca9c-d632-4c26-be34-291e83eb866c,598,Rarely,14,Pro,10,0.39,1,0.6666666666666666
60735a1c-29d4-4c18-94e9-e05feb17f7bf,17,Rarely,2,Basic,2,0.47,1,0.6666666666666666
519420fd-9399-4528-8442-988ccd7317b2,438,Weekly,55,Enterprise,6,0.46,1,0.10714285714285714
c84c8c7d-417c-4265-b838-a0e2adc87edb,420,Daily,44,Basic,0,0.32,0,0.0
dc0541cf-7d5c-4b1b-bc55-690e998a7d36,44,Rarely,3,Pro,15,0.43,1,3.75
90ca3045-1c33-4ecb-b2eb-108fc27dd37a,531,Daily,85,Enterprise,1,0.83,0,0.011627906976744186
0aa3f731-5177-40dd-89ff-9f3351887560,347,Daily,58,Pro,0,0.59,0,0.0
4360bf44-7eab-437f-bb0b-2f6878cdd302,902,Daily,16,Basic,3,0.22,1,0.17647058823529413
1ba1f38d-2022-476a-9445-d4371f383920,747,Weekly,37,Enterprise,3,0.79,0,0.07894736842105263
f1e364e8-66a7-44ac-ad34-889fae244a73,698,Daily,65,Basic,0,0.67,0,0.0
ffa09508-ab27-445c-a05e-bd4adb7fa33e,407,Rarely,2,Enterprise,1,0.42,0,0.3333333333333333
8d86ca71-acd5-496c-b904-2f53247a4e13,457,Weekly,14,Enterprise,1,0.73,0,0.06666666666666667
677f62e3-795e-4ed2-bde5-9ef3f1a9585b,67,Daily,77,Pro,3,0.49,0,0.038461538461538464
3916038b-cd6e-4e34-8f43-9bf3a1e69dab,144,Daily,95,Basic,1,0.42,0,0.010416666666666666
be1b512f-d7a9-43b2-9f5f-0dbcc2798d30,901,Daily,59,Pro,3,0.39,0,0.05
91ffe560-f45a-43fc-a153-213003e76c85,1051,Rarely,4,Pro,12,0.09,1,2.4
dd436d62-d082-4f53-878d-1c8741037a1c,765,Daily,48,Enterprise,1,0.68,0,0.02040816326530612
d79d9751-cff8-4201-b5e6-7883566fd3ee,12,Daily,82,Pro,1,0.5,0,0.012048192771084338
c9337f83-8be7-4b86-921d-fcdaaae47679,1018,Weekly,27,Pro,0,0.72,0,0.0
e96a088e-1c4b-45ca-9d9b-6c8b171f96c0,1078,Weekly,37,Pro,2,0.01,1,0.05263157894736842
158f2236-6be5-48d0-82f9-00466e51d853,825,Weekly,6,Pro,1,0.76,1,0.14285714285714285
5533d856-94e1-4e18-8902-831676825fdd,661,Weekly,31,Basic,1,0.76,0,0.03125
9d07411b-16e7-4325-b245-f20e3ad45858,531,Weekly,55,Basic,3,0.74,0,0.05357142857142857
9a75d387-28cc-4ef2-9f37-0129c034f3b8,701,Daily,98,Basic,1,0.77,0,0.010101010101010102
1f4a388d-0eb2-490e-8f1d-4398e6356b8b,166,Daily,44,Pro,2,0.61,0,0.044444444444444446
4214ecda-8da6-4223-b3a4-8b5088f112d2,976,Daily,56,Enterprise,0,0.55,0,0.0
6543b6b4-2f56-44c0-b98c-c074ff5c77a8,558,Rarely,14,Basic,0,0.01,1,0.0
32742e37-84de-4c96-a444-1fe63a368fee,691,Weekly,28,Basic,1,0.41,1,0.034482758620689655
5deb5d56-bde0-44c1-978c-48add67fca37,185,Daily,108,Basic,1,0.67,0,0.009174311926605505
7c35843d-668f-44ed-8d2c-30780672b448,708,Daily,97,Enterprise,3,0.4,0,0.030612244897959183
cea4a3c6-a5f4-48ac-9b01-64d25e7d5470,565,Daily,36,Enterprise,2,0.99,0,0.05405405405405406
e21ce3d4-09a8-45b0-8e66-530d4c4b3b68,623,Daily,63,Enterprise,4,0.57,0,0.0625
592b57f4-51f0-47d4-99f7-8c30b3d1e180,1087,Daily,43,Basic,4,0.68,0,0.09090909090909091
059cad09-e35e-40bc-8a81-c81316686583,826,Daily,43,Basic,2,0.82,0,0.045454545454545456
edbb9be4-a0a2-4085-9cb4-5c8b879939de,559,Daily,97,Enterprise,0,0.86,0,0.0
ec5884ca-16e3-4115-a0f3-0f1c6323e686,942,Rarely,2,Pro,0,0.26,1,0.0
15d3b3c1-871a-4153-a0e2-c302eed5cc5f,88,Daily,50,Pro,0,0.63,0,0.0
622c34cc-cfcb-49aa-859f-ba67901a2c06,762,Daily,113,Basic,3,0.78,0,0.02631578947368421
04ac8d17-ed25-457a-a5ca-9883ec282020,19,Rarely,9,Basic,0,0.33,1,0.0
7bd842e6-8821-4049-a32d-7b4e68505a2b,971,Weekly,8,Basic,9,0.46,0,1.0
9f9a0126-1099-4706-bbf6-815f25bfeba7,155,Rarely,11,Pro,0,0.39,1,0.0
371fe871-e8da-474c-bbe3-bb490956f755,1030,Weekly,56,Basic,2,0.45,0,0.03508771929824561
11e0a44b-540c-4941-893b-3421deae337f,286,Weekly,51,Basic,2,0.73,0,0.038461538461538464
047bfac7-a282-4cc4-be3b-548c28cdc280,194,Weekly,36,Basic,7,0.82,0,0.1891891891891892
ff7a9a15-73f2-48b4-9ecb-b27bf8d4d79a,496,Weekly,28,Basic,3,0.4,0,0.10344827586206896
3fc19b30-ab05-4b9c-abbd-da818a21d06a,752,Weekly,43,Enterprise,1,0.54,0,0.022727272727272728
a3d3fabf-2f31-4b12-8a05-774f311c42b8,173,Weekly,45,Basic,4,0.19,1,0.08695652173913043
6dc27540-02f7-48b4-80c0-9f6c405252b9,437,Weekly,11,Enterprise,0,0.31,1,0.0
9a45dfd5-20b1-4952-ad35-eb58ee104588,45,Daily,60,Enterprise,18,0.39,0,0.29508196721311475
64499575-016b-4cc8-a813-c89d2f0d766b,705,Weekly,2,Basic,0,0.66,1,0.0
b9b5a476-202f-44c8-9839-b6ff77243882,596,Weekly,57,Basic,2,0.61,0,0.034482758620689655
53d47b6b-4403-4ac9-bd65-bdfc1a907b0b,226,Rarely,13,Enterprise,1,0.42,1,0.07142857142857142
775a8de2-caec-4991-ac86-30933f6598f4,610,Weekly,51,Basic,9,0.61,0,0.17307692307692307
72a02e63-ae74-417a-8d2c-4b368e6cf296,73,Weekly,50,Enterprise,3,0.67,0,0.058823529411764705
0288fd71-b3ff-4e8d-b55f-92f8b5c66a44,582,Daily,95,Enterprise,9,0.35,0,0.09375
f9ee0937-b63e-4f9c-be29-89b9a1036760,891,Weekly,59,Basic,0,0.4,0,0.0
b027073f-7570-4a84-b085-189920bccd11,25,Daily,33,Basic,1,0.7,0,0.029411764705882353
a43449e6-c49d-42b5-a3a0-e278e9315e39,423,Daily,36,Basic,0,0.63,1,0.0
60983901-ce29-49f4-8e78-0a4696176dd0,680,Weekly,30,Pro,1,0.79,0,0.03225806451612903
05895bee-74db-4bd2-bcf9-fa3fd5b5e426,1037,Daily,16,Pro,7,0.25,0,0.4117647058823529
09332f46-7ecb-46ef-bd8b-138926e952ba,355,Daily,49,Enterprise,1,0.55,0,0.02
211d3459-3e07-49db-87e5-ab7a448182e0,1093,Rarely,3,Basic,4,0.01,1,1.0
9ee6d559-f4a0-48d1-84d4-ea0536616d61,947,Weekly,2,Basic,19,0.06,1,6.333333333333333
d4a02839-bbe7-42f1-bf67-4ddab567e504,877,Daily,57,Basic,1,0.77,0,0.017241379310344827
406637bc-39eb-4e0d-add5-b2c4986c38e3,1068,Weekly,17,Enterprise,6,0.57,0,0.3333333333333333
db32878d-720a-404e-bc9f-806ba689008f,605,Daily,68,Basic,0,0.15,0,0.0
92710c81-3df3-48bd-be2f-b2e040650eda,972,Rarely,5,Pro,1,0.37,1,0.16666666666666666
9524b263-68aa-4298-bdf5-38edf227da36,621,Rarely,3,Basic,0,0.56,0,0.0
0b031a25-1c4d-4496-a10b-b15445395c95,893,Weekly,21,Basic,2,0.44,0,0.09090909090909091
2b1cc3a8-a9c8-4540-8c8b-53bbc62157d4,663,Rarely,5,Basic,2,0.18,1,0.3333333333333333
0e773f8d-b9ab-42cf-9b6d-69e81a26ecad,68,Weekly,17,Basic,0,0.46,1,0.0
62ab90e4-8767-4ed7-9c43-d17517be7a36,504,Daily,23,Pro,1,0.12,1,0.041666666666666664
5b916ebd-9b66-47bc-a7a0-79e689a31c33,563,Daily,79,Basic,1,0.48,0,0.0125
402146d1-a478-47cc-84ff-4ed55b147662,106,Weekly,42,Pro,1,0.13,0,0.023255813953488372
6457d601-9770-428b-bbad-376b04623afb,822,Rarely,3,Basic,2,0.64,1,0.5
a974822d-cc71-48a4-b411-8127968af6f1,816,Daily,116,Enterprise,0,0.37,0,0.0
44cc27f1-fdf2-4f13-a646-d77efb84c79f,528,Weekly,5,Basic,4,0.55,0,0.6666666666666666
c88d1d7f-8316-4eae-82db-de764fca8d6f,1009,Daily,41,Basic,1,0.33,0,0.023809523809523808
181743e5-b777-4b2b-9426-568dc588e30e,964,Rarely,12,Basic,0,0.35,1,0.0
c752c711-dfd7-4b34-b044-8ab79d7e00cd,960,Weekly,10,Basic,0,0.65,1,0.0
87dd31e8-2f3d-482a-94ed-f022275df649,269,Daily,59,Basic,12,0.78,1,0.2
522ff41d-ed09-45ba-94d8-deade0688f36,283,Weekly,10,Basic,7,0.82,1,0.6363636363636364
4b6ff9e6-f62f-454b-b6e7-b39888e3e957,849,Rarely,1,Enterprise,2,0.13,1,1.0
615bf6c9-1290-4266-9221-2671e5c8b8f9,517,Daily,47,Basic,4,0.47,0,0.08333333333333333
9c37edc3-38ed-42ad-a1c4-e118d175e165,95,Weekly,31,Pro,0,0.46,0,0.0
74185396-e36c-458e-99a5-6fd24d2978a5,913,Daily,24,Basic,3,0.01,1,0.12
0a3b88de-211b-439b-843f-f9ad37ef7b0a,792,Weekly,27,Enterprise,5,0.49,0,0.17857142857142858
04398f54-3793-41e3-8933-ae4dfb507d7e,693,Weekly,54,Pro,11,0.55,0,0.2
44051812-c502-49f8-be5a-9c63619d504d,400,Weekly,2,Basic,0,0.28,0,0.0
491df222-f428-4f7f-bc67-2d6d2b8ec2b6,1071,Daily,58,Pro,2,0.74,0,0.03389830508474576
edfe722b-ed3a-4710-8d8f-efd21b422a2a,832,Weekly,11,Basic,2,0.55,1,0.16666666666666666
4868073f-c629-45c2-bae1-3f2aeb2c662c,561,Daily,85,Basic,12,0.58,0,0.13953488372093023
cd5109f8-e296-4fd2-9d99-348340da1986,275,Weekly,58,Basic,0,0.94,0,0.0
702186e9-d98d-4dea-8e2a-5b285271c765,872,Weekly,32,Basic,4,0.33,1,0.12121212121212122
3cca0860-8c09-400a-ac71-370cf2e6562f,482,Weekly,35,Pro,0,0.57,0,0.0
6f415abc-b53b-4a4e-9d72-07bd71f355de,271,Weekly,29,Enterprise,7,0.55,0,0.23333333333333334
50559294-1b58-4c5c-ae31-89b56529f4aa,662,Daily,73,Pro,7,0.3,0,0.0945945945945946
4bcfac3e-460f-47d3-8a24-53a16772a262,792,Weekly,49,Enterprise,5,0.54,0,0.1
f67cabaa-ded5-4241-becb-dbcfa84abb2c,921,Weekly,57,Enterprise,7,0.64,0,0.1206896551724138
c70e7c7d-995b-4c09-a65d-3987b5753e65,584,Weekly,33,Pro,4,0.58,0,0.11764705882352941
fd1f9e8a-a263-42c4-8f96-835e30e0dd73,898,Weekly,9,Basic,1,0.34,1,0.1
b6d611d1-3710-4d25-84f4-b921fdc9f09a,291,Daily,87,Basic,1,0.68,0,0.011363636363636364
70408537-98bb-49ef-b599-d8b581d4a95b,1008,Weekly,27,Pro,2,0.62,0,0.07142857142857142
578597a9-a107-4a69-b2ae-bc3c57bd7b3d,568,Weekly,55,Enterprise,19,0.64,1,0.3392857142857143
f892ad4a-f585-4a48-8d7d-e1ab91fb4c1c,515,Weekly,39,Enterprise,3,0.72,0,0.075
cb53143b-4b2f-48ad-b505-1196b4d5c71e,141,Daily,20,Basic,0,0.7,1,0.0
fb23c75a-9a6a-420f-800c-048de923ca0f,455,Daily,62,Basic,3,0.42,0,0.047619047619047616
15dab4fb-c6c6-4922-801e-44b9c81c044f,155,Daily,40,Pro,0,0.92,0,0.0
8e63c664-5e0b-4a8e-bb9a-214b61d0bec6,871,Daily,117,Basic,1,0.78,0,0.00847457627118644
c10178fd-295e-410f-b807-e7f8059aea4d,914,Daily,40,Enterprise,0,0.46,0,0.0
41c60aa0-857f-4eec-a0a9-c9d83e71c813,390,Daily,22,Enterprise,6,0.32,0,0.2608695652173913
40a784d4-02bf-42a1-b8b7-60d7a5d7c4c3,570,Daily,105,Enterprise,0,0.54,0,0.0
eec08576-3c68-49d7-81c0-2f44e12d6f83,711,Daily,31,Basic,3,0.46,0,0.09375
c9cfed25-fbcd-407c-be1f-e2807b39b8eb,430,Rarely,10,Pro,2,0.81,1,0.18181818181818182
784fe906-9a65-47c4-b614-20fe95e834c2,1071,Rarely,8,Basic,3,0.21,0,0.3333333333333333
99c2b496-a92f-4c7e-9b4e-13b74110b449,174,Weekly,4,Basic,2,0.6,1,0.4
14062c19-bde9-4194-93f5-958b58609418,92,Daily,15,Enterprise,7,0.42,1,0.4375
04784b2a-a3a0-4179-afd8-1d7ceea07770,253,Daily,71,Enterprise,1,0.82,0,0.013888888888888888
ab7b3c11-1b68-4b60-bc7d-dfd6bff3cf5e,475,Daily,42,Pro,0,0.77,0,0.0
617d5732-389a-412d-8c70-b62571e3fb5e,1071,Weekly,9,Basic,0,0.27,1,0.0
303d3497-3e81-4deb-99fb-49db637da0f3,615,Daily,116,Basic,1,0.32,0,0.008547008547008548
e1aa337a-6c79-4aa1-8e42-34d5811d5ce4,1037,Weekly,38,Pro,0,0.34,0,0.0
91a5c6b0-8da6-4d98-9a42-ab595e99ca31,1084,Weekly,43,Basic,1,0.13,0,0.022727272727272728
14315c24-aa38-40f9-8eaa-bf5f242107d9,58,Weekly,50,Enterprise,4,0.34,0,0.0784313725490196
2ba40b8f-50dc-4670-b881-6d7436c31bca,271,Weekly,42,Basic,7,0.46,1,0.16279069767441862
2ce46b91-412a-4fc5-b709-1a53ad8290eb,581,Weekly,59,Basic,2,0.88,0,0.03333333333333333
3e27b754-413d-4dcc-86a4-da98aba5867d,621,Weekly,19,Pro,3,0.99,0,0.15
aa51d60f-abfb-4a08-8445-bcb0b8d1388b,107,Weekly,7,Pro,0,0.64,0,0.0
dbb61104-d876-4472-a258-147ebe01019e,465,Rarely,2,Basic,3,0.35,1,1.0
eb3d7cbd-b306-4159-9223-fb5ab5559741,543,Daily,51,Basic,0,0.3,0,0.0
005b78d4-0028-4790-a7e8-b7cfc55a655a,445,Daily,33,Pro,2,0.7,0,0.058823529411764705
914df9d7-881a-4b6e-9199-adace540a8e7,527,Weekly,5,Enterprise,12,0.32,1,2.0
20a05c16-80f2-438f-9c92-e9edf69eee08,163,Rarely,6,Enterprise,0,0.55,1,0.0
f42c528d-ddf2-4d87-bfd4-c5a98e4b7774,766,Weekly,52,Pro,2,0.51,0,0.03773584905660377
1d96ce3d-c462-4be0-b207-1a31928bab8a,246,Daily,24,Basic,1,0.33,0,0.04
e50a533b-784d-4938-901f-0d6f8f4d0185,680,Weekly,54,Basic,0,0.36,1,0.0
5fcd102c-9658-493b-ad00-812a75bf5bb3,410,Daily,15,Basic,0,0.62,0,0.0
2635fb51-647b-4912-85db-aafe1f2a4055,670,Weekly,8,Basic,0,0.01,1,0.0
53d295e1-0cce-48be-88db-164ff44b2669,979,Weekly,55,Enterprise,2,0.33,0,0.03571428571428571
b0cd1707-4270-4ba7-9464-c1b86ea9286b,74,Daily,57,Basic,1,0.25,1,0.017241379310344827
b124eb5f-98a0-4a73-a6c7-3236c6e05dcf,478,Weekly,5,Pro,0,0.42,1,0.0
ed2cdece-d0d8-4458-8431-51ab34d9e37e,173,Weekly,12,Basic,2,0.17,1,0.15384615384615385
a793a92c-38f6-4164-9b9b-6511a7a49fbe,534,Weekly,10,Pro,4,0.37,1,0.36363636363636365
5f4f3a88-95e4-4499-98ca-0f37197e7d47,1075,Weekly,57,Pro,0,0.67,0,0.0
fcf76ccc-2c92-4449-9f29-0a62528d82be,929,Daily,61,Basic,0,0.33,0,0.0
20e99684-1a22-4d20-b854-fb63186c9e68,693,Weekly,14,Enterprise,14,0.53,1,0.9333333333333333
87887a52-532d-49e9-9b5a-19ec3db06eae,980,Daily,55,Enterprise,4,0.63,0,0.07142857142857142
fa2db0da-2d9d-4264-ad2a-e4df27fa2ea3,226,Weekly,26,Basic,0,0.36,0,0.0
cd4963ea-0c6d-4eb6-8628-7337e32b5a02,748,Weekly,10,Pro,4,0.49,1,0.36363636363636365
91a68053-0621-48f1-a8d8-d476a73915f5,200,Daily,116,Pro,1,0.65,0,0.008547008547008548
9c4c88e9-a54a-40fa-b3f2-17c0c94d83f0,748,Weekly,12,Pro,7,0.27,1,0.5384615384615384
dd26a0ca-3bfc-4648-87e6-2a3416aaf1aa,154,Weekly,28,Enterprise,0,0.76,0,0.0
1bf68908-ef82-4f13-897f-c3a47988868f,928,Daily,74,Pro,1,0.73,0,0.013333333333333334
5ac06cfb-b1f3-4033-9277-3dcd2346315c,735,Weekly,9,Enterprise,0,0.34,1,0.0
7ac4c7f9-94a3-454b-afe5-0f5399679504,88,Daily,101,Basic,1,0.49,0,0.00980392156862745
fe91d5d2-dc04-4b4f-96ff-e8dea8e916b4,237,Weekly,18,Pro,1,0.65,0,0.05263157894736842
ea701698-ca19-420d-acf5-ea6ce0d05263,395,Daily,40,Pro,1,0.68,0,0.024390243902439025
08de6929-8500-4308-b0ac-7aeb967ed972,364,Rarely,2,Basic,1,0.35,1,0.3333333333333333
6cb486d1-2886-4ea6-9262-4d7b77a0819f,1039,Daily,16,Pro,0,0.96,0,0.0
77b9d760-960e-436d-af6f-66b3f9c9568f,922,Weekly,27,Basic,1,0.52,0,0.03571428571428571
560c7bbf-8b8f-4321-b8b5-652fe8e38e07,943,Rarely,2,Basic,4,0.53,1,1.3333333333333333
53e88ceb-9203-42de-a360-a321fdaa6d25,515,Daily,65,Basic,0,0.24,0,0.0
fe7908da-c045-48aa-a1d0-73689acae60a,969,Weekly,40,Basic,0,0.81,0,0.0
22a53db1-bcbe-4265-a0e0-de8b2be68249,301,Weekly,5,Basic,5,0.51,0,0.8333333333333334
2be0b323-87cf-4dc8-bfa9-48a28c1e3a7e,865,Daily,29,Enterprise,16,0.06,1,0.5333333333333333
26a03963-72b9-40d5-a1ab-be2b895dd56b,726,Daily,53,Basic,3,0.37,0,0.05555555555555555
908bb014-37eb-4cdf-85d1-5b1cc4591cfd,488,Daily,48,Pro,1,0.19,0,0.02040816326530612
736055a5-dea0-4395-b3fc-d9bf5aec185b,549,Rarely,2,Enterprise,2,0.31,1,0.6666666666666666
3031cf08-7268-4fd4-9c5b-3bf0bdecd2dd,564,Daily,104,Basic,4,0.7,0,0.0380952380952381
4b852955-22b1-4b71-8484-adf21e479333,375,Weekly,14,Basic,0,0.07,1,0.0
ad65b0d8-d706-4572-b96e-272d4566dd87,858,Daily,31,Pro,3,0.33,0,0.09375
fb170402-ea9e-4baa-b5bc-87cd3ca37e35,543,Rarely,8,Basic,1,0.15,1,0.1111111111111111
cea071c6-1042-4e0c-80d3-c631e7667b0a,49,Daily,19,Enterprise,1,0.88,0,0.05
3119857e-e2a0-4af9-ac88-a94694d76a59,898,Weekly,8,Enterprise,14,0.75,1,1.5555555555555556
53cbd132-0753-46dc-9c1f-11c8983dbe6e,940,Weekly,52,Enterprise,2,0.99,0,0.03773584905660377
90003f7a-4555-4beb-a56a-85e9b62546bb,399,Rarely,13,Pro,1,0.76,0,0.07142857142857142
00590c7a-47ae-4301-b924-58b47d909c62,320,Rarely,11,Pro,2,0.43,1,0.16666666666666666
94781df5-95aa-4e6b-9de5-e10bbd58c821,763,Weekly,28,Enterprise,1,0.06,1,0.034482758620689655
bed32aa5-3116-4aba-ae88-349e6663b731,1072,Rarely,8,Pro,1,0.41,1,0.1111111111111111
ab0803c2-d20a-4352-adf2-8678863428b9,784,Rarely,7,Enterprise,1,0.57,0,0.125
2c2db294-c5e0-49b9-8e06-7e93e038c509,855,Daily,107,Basic,1,0.58,0,0.009259259259259259
fc992539-a098-48ea-b84a-4e42bd4370bb,944,Daily,105,Basic,1,0.45,0,0.009433962264150943
02e8bce1-312e-4166-8d1c-627f9c498401,1030,Weekly,8,Basic,1,0.42,0,0.1111111111111111
e68aa420-2ef8-4872-8c29-12ccc655414c,1025,Daily,77,Basic,1,0.7,0,0.01282051282051282
9e6e815a-029c-4231-a6f6-3df937c81e46,94,Weekly,26,Basic,0,0.69,0,0.0
bbb8a3a7-3f0e-46fb-af82-1361f14860d0,757,Daily,45,Enterprise,0,0.72,0,0.0
03bc89a6-50fc-47ef-b1aa-35c6c8187211,867,Daily,53,Enterprise,2,0.5,0,0.037037037037037035
8af69fd9-133d-4f84-b07a-93317b73f99c,1017,Daily,85,Basic,1,0.56,0,0.011627906976744186
76cf72a2-35e6-4cca-b868-2840b8a6cddf,76,Weekly,7,Pro,1,0.66,1,0.125
4d896df3-9777-492a-ac7a-f335e7dca904,84,Weekly,7,Enterprise,2,0.29,1,0.25
884eb315-8dd4-48a2-8ce3-9a51cd5c72d1,1071,Daily,27,Pro,1,0.53,0,0.03571428571428571
8b394788-3ba1-47a8-a744-ca243f93bdf4,444,Daily,47,Pro,4,0.48,0,0.08333333333333333
a6a54f57-4da7-43e6-b967-f2c8d079d6e7,676,Daily,48,Basic,1,0.54,0,0.02040816326530612
2c6339d9-e4aa-40b1-9f57-dbb62337ea91,428,Rarely,7,Pro,0,0.01,1,0.0
70b26b46-b127-46e0-9f0a-47994dcca04f,797,Weekly,4,Pro,5,0.3,1,1.0
24872eb5-653a-4632-8bb3-18920ac05082,315,Daily,77,Basic,2,0.18,1,0.02564102564102564
4014fc73-ed35-439a-8f13-1b63d8fcd478,106,Weekly,46,Basic,1,0.99,0,0.02127659574468085
2056ccc7-9f3b-434c-ac83-2d69623e1af0,874,Daily,35,Basic,0,0.59,0,0.0
8d2a49b9-7a26-47bd-b363-930bad1ab736,984,Rarely,10,Basic,2,0.57,1,0.18181818181818182
d6e6e97b-6a8a-409f-b7e9-f19ae27aeb20,473,Rarely,7,Basic,6,0.49,1,0.75
b8c0e8e5-6e5b-476a-8b5a-69adb14b0ddf,868,Daily,98,Basic,1,0.43,0,0.010101010101010102
f768ddb1-cef8-4719-84c3-c26815e1b83a,226,Daily,58,Enterprise,3,0.54,0,0.05084745762711865
3431247d-ede8-4a4d-a342-46ea73f95eaa,690,Daily,77,Basic,1,0.78,0,0.01282051282051282
5cb06142-55b5-45e9-a225-7be91d567ad0,818,Daily,31,Pro,0,0.76,0,0.0
b1f77a21-67f8-4e2e-9af8-e436f93ba007,999,Rarely,8,Pro,1,0.16,1,0.1111111111111111
aa61443f-9534-41d7-b196-c491d7f48575,1052,Rarely,9,Enterprise,10,0.29,1,1.0
acfb7d7b-9fb9-4010-8d9b-604618cfe5b3,676,Rarely,6,Pro,16,0.7,1,2.2857142857142856
e1315c8e-32a5-4122-b98e-3ea7195d947f,893,Weekly,9,Basic,4,0.77,0,0.4
7bb43962-8aa0-4472-9ff7-a42c0584285d,617,Daily,15,Basic,0,0.57,0,0.0
00788c56-a344-48c5-b7fd-6b288acca0d5,287,Weekly,36,Basic,1,0.63,0,0.02702702702702703
5a521d10-af37-4506-8bd0-20f45fb6f8cd,1070,Weekly,12,Pro,1,0.78,0,0.07692307692307693
afbf5122-ebab-4829-923b-56bab6e15f88,529,Daily,17,Pro,3,0.56,0,0.16666666666666666
c8d8c18d-a3ff-4010-b349-84bb228792e6,460,Daily,31,Basic,3,0.58,0,0.09375
79fb5498-1d8b-478c-b701-634c02f06bb1,1094,Weekly,26,Basic,4,0.19,0,0.14814814814814814
dfcdc79d-6dc7-4408-ab1c-6ed27a858ce0,330,Rarely,8,Pro,0,0.65,1,0.0
bfe2148d-b7c6-4944-8d66-fce23f3d094c,849,Weekly,44,Basic,2,0.82,0,0.044444444444444446
e06afc63-4ee1-447f-946f-014b24cb8dac,427,Weekly,24,Basic,1,0.32,0,0.04
f326e414-6dea-4af5-b9bf-7fa08efd90a7,123,Weekly,13,Basic,3,0.5,1,0.21428571428571427
ec2d978b-fd9d-495f-aa3a-af694e37b2f0,613,Daily,43,Enterprise,2,0.34,0,0.045454545454545456
44f3f0db-f0ac-49f2-b3f0-1dc928513bd9,103,Daily,18,Basic,16,0.66,0,0.8421052631578947
a6f01062-7fd5-4634-9c90-3cf7b7e25289,330,Weekly,18,Basic,17,0.19,0,0.8947368421052632
b3ea8403-372e-4a6b-9d5d-bb06bcf12fd9,815,Daily,100,Pro,0,0.49,0,0.0
9a2af9f0-41d4-480c-bf39-82861dc2536d,745,Daily,59,Pro,4,0.47,0,0.06666666666666667
e937e7ab-7b3b-4f74-b4ea-9fb759bd4859,1017,Daily,93,Basic,1,0.47,0,0.010638297872340425
f7451e2d-c9c7-484f-ae09-e19d3c627166,728,Daily,50,Basic,7,0.52,1,0.13725490196078433
5b357d2a-ecdc-4cfc-a426-f5d6f8a0ce80,32,Rarely,11,Basic,3,0.1,1,0.25
47412648-ef01-4d05-a3ed-ec606b3e484c,170,Daily,49,Basic,5,0.58,0,0.1
7a1f829c-c27d-4659-b71c-d4eb4f059a45,85,Weekly,2,Basic,2,0.78,0,0.6666666666666666
118d7944-c2c2-4e9c-8d62-5fb4b7317964,318,Weekly,8,Pro,4,0.27,1,0.4444444444444444
9948e3bf-cd53-4500-8552-e42b7c0c505e,228,Daily,15,Pro,0,0.93,0,0.0
7ee5488c-09b5-4ea0-a5af-beae7448b4cf,1063,Weekly,9,Basic,2,0.42,1,0.2
320c00d8-9b88-44f6-ab57-d46976740ca1,399,Daily,28,Basic,2,0.81,1,0.06896551724137931
ecaecb4b-b548-4e6e-863b-80e17eb1ba22,722,Rarely,7,Enterprise,2,0.29,1,0.25
ee46bd72-803f-4c89-85f0-bb190154e793,74,Daily,55,Enterprise,1,0.35,0,0.017857142857142856
54fcf38b-7365-45bf-bf75-1193ad914a8b,321,Rarely,8,Pro,2,0.44,1,0.2222222222222222
bc94e14c-e685-4de8-a7f1-488a650cc27b,13,Weekly,8,Basic,0,0.64,1,0.0
8c717cf0-4036-43a5-9fa2-9899d041ef89,982,Daily,58,Basic,1,0.65,0,0.01694915254237288
430f5bec-ab0c-47e2-9c62-a5aa5da00cae,307,Weekly,14,Basic,18,0.21,1,1.2
86597ebe-ceb6-410a-8e40-32f2d19dbc5c,620,Daily,23,Basic,1,0.16,1,0.041666666666666664
0d0ad602-e3b0-4e98-ace4-a8dfdcebf1a0,240,Weekly,27,Basic,0,0.37,0,0.0
0cde7a88-b54a-49fe-a0a7-e6903f957f87,974,Daily,105,Enterprise,2,0.55,0,0.018867924528301886
a3450ce1-9aaa-4a3e-9729-cb22c91de777,1064,Rarely,14,Basic,2,0.38,1,0.13333333333333333
9bdd9228-457b-447f-8cf9-0ec16036396d,1057,Rarely,12,Pro,2,0.44,1,0.15384615384615385
71e95291-2b7a-4b4e-80f3-93cf106882c6,623,Daily,41,Enterprise,4,0.09,1,0.09523809523809523
d984f5df-6b55-4196-9abe-45e283c46f22,928,Rarely,1,Basic,1,0.37,1,0.5
72c0dcd8-979a-40c1-adc6-4acb2124c1f0,274,Rarely,4,Enterprise,0,0.68,1,0.0
eeee8fdb-dbbd-485f-8d78-ebfb411a4ea2,813,Daily,63,Basic,3,0.14,0,0.046875
892a7af2-e57b-4eeb-a764-2e16c80e1d12,243,Daily,40,Pro,0,0.26,0,0.0
62c065e2-b08b-419c-8f78-521d75e0c7d5,984,Daily,44,Pro,0,0.32,0,0.0
cce1dac9-b01b-427a-b348-4f9f022af2d6,468,Weekly,17,Pro,2,0.85,0,0.1111111111111111
e17e795f-a6e0-46d3-a0bc-0e8bb2ca6857,1025,Daily,29,Pro,2,0.73,0,0.06666666666666667
65d5821f-dec9-4d3f-a7ac-0bf884b72d41,9,Daily,97,Pro,1,0.7,0,0.01020408163265306
5699c98b-6e6d-44d3-a8fb-cef77cbd0f23,950,Daily,87,Basic,0,0.53,0,0.0
64487dac-f341-49e7-bcb9-57d848626b6a,42,Daily,15,Pro,0,0.38,0,0.0
7d866557-9d47-4878-93ad-0d32b2402669,1083,Weekly,14,Pro,4,0.55,1,0.26666666666666666
1c973d1c-1e5e-4c70-ad59-c12e5b298a5a,990,Weekly,45,Basic,0,0.54,0,0.0
1a9dd336-3be3-41ac-8005-f87d4231b169,1084,Weekly,30,Pro,0,0.58,0,0.0
62e982ba-4bac-4cbe-86c6-5e5aa66c0b77,955,Daily,67,Basic,3,0.99,0,0.04411764705882353
c0bbea50-1428-4916-8336-253fd4f6b23d,687,Daily,58,Basic,2,0.86,0,0.03389830508474576
f835edfd-6675-4fb6-99b8-4130dbbb40cb,318,Daily,25,Enterprise,0,0.42,0,0.0
b79038fa-2c24-4a31-9514-4460b4d8de5e,894,Daily,38,Enterprise,14,0.24,1,0.358974358974359
2d5689b1-6fd2-4ea7-96cd-51ca7e7373da,278,Rarely,10,Basic,2,0.18,1,0.18181818181818182
fb0ec707-3ad6-451f-806f-caf7f8267e41,21,Daily,44,Pro,2,0.45,1,0.044444444444444446
937eb4c7-a8ef-4597-90b4-08b2469c296d,430,Weekly,2,Basic,3,0.69,1,1.0
1d513465-0ab0-46cd-9edd-152d78ec6c86,840,Rarely,4,Pro,2,0.81,0,0.4
0aee88eb-1ca9-4203-958e-fdeae7645c3f,655,Daily,55,Basic,0,0.68,0,0.0
728b49d8-c9b0-42ee-8c50-1ac7ea4008f2,1030,Weekly,19,Basic,4,0.38,0,0.2
7b0a72fb-0ef9-42c9-a37d-8a4d70f78ed1,974,Weekly,40,Pro,0,0.32,0,0.0
4ac39e71-cab2-49d9-8b47-f57122404832,39,Weekly,46,Pro,2,0.95,0,0.0425531914893617
440a06e9-8d53-4381-93c3-c2e95d119ed7,661,Weekly,1,Enterprise,19,0.22,1,9.5
19b5e8a0-3798-425b-bb07-0d8e79708bb2,576,Weekly,50,Basic,4,0.58,1,0.0784313725490196
def5254c-c210-4b24-b732-d6b376b5c684,653,Weekly,54,Basic,4,0.73,0,0.07272727272727272
b513fe39-0116-4ebb-9f2f-43eb43496e81,54,Daily,37,Pro,1,0.72,0,0.02631578947368421
93d7fdae-3bde-4a7b-9081-6fef531d56ba,113,Daily,22,Basic,1,0.7,1,0.043478260869565216
5e42aa6c-f613-487c-87fa-b9d63afa74f5,471,Weekly,43,Enterprise,1,0.79,0,0.022727272727272728
b4a2e4b3-b8c3-4e36-b90a-86f1756cda6a,147,Daily,47,Pro,0,0.57,0,0.0
453149fa-370a-4ebe-9e6b-6b99985ed494,192,Weekly,18,Basic,0,0.28,0,0.0
05beb78e-d988-447b-8828-50b040bd1a4b,13,Daily,48,Pro,0,0.79,0,0.0
b900ad56-de67-490b-83a4-dd65afa30937,1069,Weekly,23,Basic,0,0.51,0,0.0
e49c9672-c4d2-4391-9e7c-8a54df1a2111,369,Weekly,28,Pro,3,0.67,0,0.10344827586206896
b07a3760-1e8b-4df6-8121-f361497b9610,655,Weekly,3,Basic,2,0.78,0,0.5
7bea2725-1c64-4f58-b756-a64db567e87e,177,Daily,35,Basic,1,0.96,0,0.027777777777777776
77e70d46-899a-4af2-8bbb-58b1ee51fb3a,620,Weekly,49,Pro,1,0.69,0,0.02
94df7f41-6d75-41b1-8f86-8ae152380a9a,42,Daily,24,Enterprise,2,0.44,1,0.08
fac17453-534c-4d66-b9cb-5e1caeca9e0e,795,Weekly,43,Basic,2,0.69,0,0.045454545454545456
4b4c014d-0dc3-404f-b528-af6877538729,520,Rarely,11,Basic,2,0.01,1,0.16666666666666666
de7330e8-3e74-4a29-8c24-affec1ccfaa8,754,Weekly,50,Pro,14,0.29,0,0.27450980392156865
5d151d83-1393-4816-8c56-b01a7f37d2c5,856,Daily,17,Basic,17,0.81,0,0.9444444444444444
c78fe9eb-1c0a-4ec7-86cb-1e7c51cc2f76,850,Weekly,8,Pro,17,0.12,1,1.8888888888888888
5f912abc-551f-4ab3-a5b0-16a10d6ca876,497,Rarely,5,Basic,12,0.01,1,2.0
91ced244-e688-4d3b-aabb-84888193d712,407,Weekly,14,Basic,8,0.36,1,0.5333333333333333
27ce655b-38ad-4f68-8eed-ccfe710c08ea,288,Daily,56,Basic,0,0.81,0,0.0
81d8c662-1f70-4c30-a99f-10e847eb0a6d,832,Daily,37,Pro,3,0.12,1,0.07894736842105263
8e2459e4-aba2-4480-a04a-e1a843e35a59,431,Daily,39,Basic,0,0.37,0,0.0
fa0ac105-4a86-4b8c-a329-08efab8a21dc,83,Daily,15,Pro,1,0.47,0,0.0625
5e18c75b-9390-4b2a-8845-8ef5d4bdcc56,574,Weekly,4,Basic,1,0.39,0,0.2
b7292af4-92db-4082-a020-562041799ab4,401,Daily,29,Pro,10,0.28,1,0.3333333333333333
44af8e37-79e2-4f82-be42-3552f8fb265c,385,Weekly,6,Enterprise,10,0.64,1,1.4285714285714286
71f8e397-ce7a-4fd3-9913-39172132af34,480,Daily,35,Pro,4,0.08,1,0.1111111111111111
d37576da-7128-4d3c-9d01-c5ffb7bd378f,321,Weekly,33,Pro,1,0.75,0,0.029411764705882353
73230ffe-0d54-4d8d-b350-a56e72d0f200,840,Daily,47,Basic,2,0.85,0,0.041666666666666664
cc943bd9-4fdb-481b-8a84-601b9a2f6a14,24,Weekly,51,Pro,1,0.62,0,0.019230769230769232
c8190a49-1ef9-4bd7-87c0-44d2504fbfa8,1007,Weekly,33,Pro,3,0.79,0,0.08823529411764706
1f7875e9-246b-4392-84f2-73497a7a17b4,360,Rarely,10,Pro,3,0.25,1,0.2727272727272727
fe9684d0-dde2-4702-b638-8f201524becd,364,Weekly,6,Pro,0,0.59,1,0.0
c72de62b-7a02-4d80-b75f-357aaf973085,277,Weekly,46,Basic,2,0.1,1,0.0425531914893617
3d3e5c1b-a3fe-4dbe-a14d-b78989741013,651,Daily,35,Pro,2,0.71,0,0.05555555555555555
54f61f27-9c62-41a0-8bca-3f1cf65969e9,97,Daily,98,Enterprise,0,0.56,0,0.0
29d547a7-5d93-46bc-a07c-470adca87cb5,689,Daily,19,Pro,4,0.72,1,0.2
c06bf9fa-bcf6-49d2-bc9f-923086e6d29f,723,Daily,15,Pro,1,0.56,0,0.0625
0e78752d-9383-4fff-9fcc-ce1e89741dbf,698,Daily,25,Basic,2,0.63,0,0.07692307692307693
a1813543-ac9f-45a2-86f8-01b1a005b0d7,1005,Daily,19,Pro,4,0.62,0,0.2
69ee6df3-306d-4789-a086-927a3ad04200,698,Weekly,26,Pro,0,0.38,0,0.0
e474bc00-4df7-4d15-9095-9345735cd50f,589,Rarely,6,Enterprise,4,0.09,1,0.5714285714285714
5e5c6077-bd46-423b-b97b-35e21ca0fa9c,92,Daily,47,Basic,2,0.73,0,0.041666666666666664
65eb2c55-a6eb-4884-8118-73ec7711fa62,273,Weekly,6,Basic,0,0.01,1,0.0
6d151099-5dc2-4248-bf6d-9fe50dd9cb8a,736,Daily,52,Enterprise,4,0.88,0,0.07547169811320754
b68a8b72-03ef-413b-b5b2-b2a90892158f,569,Weekly,8,Pro,3,0.49,0,0.3333333333333333
fec6cdd2-350c-4099-9dc9-5e92358ea16c,520,Daily,26,Pro,2,0.48,0,0.07407407407407407
298a04fc-7bc2-4210-9e83-ac4941118ebf,245,Daily,59,Pro,1,0.49,0,0.016666666666666666
291f4589-39cd-4e80-92ad-c5c58c3716a5,1038,Daily,71,Pro,0,0.71,0,0.0
d4b5096b-14ba-4028-8d30-162c71f7dffb,427,Rarely,1,Basic,1,0.39,1,0.5
05975a3f-c31b-4bc3-8bcc-eba95476a425,187,Daily,80,Basic,0,0.85,0,0.0
5529b8bd-c18a-4723-83b8-98b2c40c12e5,794,Weekly,10,Basic,2,0.38,1,0.18181818181818182
4f59141c-17d3-4304-b106-d33f0d4caeb4,458,Weekly,3,Pro,4,0.24,1,1.0
832b2b52-6547-4a21-8ba1-5938836896c2,649,Daily,82,Pro,6,0.57,0,0.07228915662650602
146661b0-180f-43de-a39c-7e8879aa1030,348,Daily,83,Pro,1,0.87,0,0.011904761904761904
753bc92d-b4bb-4f74-a876-adec3d8dc250,851,Daily,71,Pro,8,0.49,1,0.1111111111111111
58973692-d0a4-4be0-abd9-5085c37b8f4c,82,Daily,22,Pro,2,0.27,0,0.08695652173913043
774c0040-68e3-47f5-84a7-a6dbb3903ddd,376,Rarely,8,Enterprise,0,0.01,0,0.0
8dcbc6cc-4d23-4238-8aab-36d06ab585d8,658,Weekly,43,Basic,0,0.24,0,0.0
99f22abf-bb7c-4330-a3de-1d4e5f5b94a3,1054,Rarely,3,Basic,3,0.26,1,0.75
ae4114e1-279a-4c46-b4aa-4f90944aae6d,420,Weekly,50,Enterprise,0,0.42,0,0.0
1e3779e6-7f8c-4416-aabd-b503c2d7cadd,1076,Rarely,11,Pro,11,0.11,1,0.9166666666666666
47878c4f-b4cd-4204-9d55-12db4f72cfa9,184,Daily,113,Basic,4,0.68,0,0.03508771929824561
2b487c69-8cd4-4a6d-9aad-b34966fd7f5c,87,Weekly,32,Basic,1,0.39,0,0.030303030303030304
ec618f98-64df-4802-bf7c-5f6e5ee62e84,792,Daily,26,Basic,3,0.83,0,0.1111111111111111
096fede7-8470-4f83-9ee6-a2b77cdc31e5,209,Daily,49,Enterprise,2,0.79,0,0.04
00cfcbf9-4d11-49e5-a55d-8f7287379200,418,Daily,114,Basic,0,0.18,0,0.0
f75019f5-e52f-4994-9472-1dcb1c35a97d,628,Weekly,23,Basic,0,0.23,0,0.0
ae36c9ed-193f-4caa-a485-a7a1706af151,658,Weekly,28,Enterprise,0,0.28,0,0.0
087d3d25-f158-41e0-a48a-2b21c49ee563,288,Daily,38,Basic,3,0.41,0,0.07692307692307693
7ac174b7-e5dd-4be7-9052-26fb56475ad8,115,Rarely,14,Enterprise,1,0.26,1,0.06666666666666667
ed207729-f304-4311-b3e1-92ce26cca057,41,Daily,55,Pro,3,0.09,1,0.05357142857142857
f0d6c53b-7f25-4945-9cdd-9412da080e88,894,Daily,86,Pro,1,0.87,0,0.011494252873563218
89c11407-675f-4d9f-a8e8-ca1ce1e03da2,876,Daily,40,Pro,1,0.4,1,0.024390243902439025
f571319b-72cf-4e8b-810d-36225316c824,425,Rarely,10,Pro,4,0.29,1,0.36363636363636365
